window,alpha,A,score,passes
conservative,-2.499,0.9892161347725191,2.857142857142857,False
conservative,-2.498,1.9708750820774588,2.857142857142857,False
conservative,-2.497,2.945018148833865,2.857142857142857,False
conservative,-2.496,3.9116864483388625,2.857142857142857,False
conservative,-2.495,4.870920901098514,2.857142857142857,False
conservative,-2.494,5.82276223565099,2.857142857142857,False
conservative,-2.493,6.767250989389037,2.857142857142857,False
conservative,-2.492,7.7044275093765995,2.857142857142857,False
conservative,-2.491,8.634331953166315,2.857142857142857,False
conservative,-2.49,9.557004289609575,2.8571428571428545,False
conservative,-2.489,10.472484299665803,2.857142857142788,False
conservative,-2.488,11.380811577206009,2.8571428571418975,False
conservative,-2.487,12.282025529817203,2.857142857134005,False
conservative,-2.486,13.176165379599468,2.8571428570834225,False
conservative,-2.485,14.06327016396226,2.8571428568332733,False
conservative,-2.484,14.94337873641517,2.8571428558308862,False
conservative,-2.483,15.816529767359347,2.857142852451611,False
conservative,-2.482,16.682761744871847,2.8571428425826584,False
conservative,-2.481,17.54211297548921,2.85714281703129,False
conservative,-2.48,18.394621584985444,2.8571427572897155,False
conservative,-2.479,19.240325519150847,2.8571426292499664,False
conservative,-2.478,20.07926254456379,2.85714237461675,False
conservative,-2.477,20.911470249361567,2.857141899990031,False
conservative,-2.476,21.736986044006166,2.85714106384106,False
conservative,-2.475,22.555847162050345,2.8571396618423126,False
conservative,-2.474,23.368090660897156,2.8571374111978876,False
conservative,-2.473,24.17375342255841,2.8571339347348825,False
conservative,-2.472,24.972872154408126,2.8571287455515595,False
conservative,-2.471,25.765483389936318,2.8571212329807874,False
conservative,-2.47,26.55162348949634,2.8571106505315216,False
conservative,-2.469,27.33132864105118,2.8570961063354208,False
conservative,-2.468,28.104634860914725,2.857076556468692,False
conservative,-2.467,28.87157799449355,2.857050801357736,False
conservative,-2.466,29.632193717022133,2.8570174853242176,False
conservative,-2.465,30.38651753429724,2.8569750991902265,False
conservative,-2.464,31.134584783407288,2.8569219857526527,False
conservative,-2.463,31.876430633462128,2.856856347850284,False
conservative,-2.462,32.61209008631644,2.856776258687179,False
conservative,-2.461,33.34159797729244,2.8566796740397793,False
conservative,-2.46,34.064988975897336,2.8565644459599944,False
conservative,-2.459,34.78229758654141,2.8564283375886195,False
conservative,-2.458,35.49355814924993,2.8562690387091965,False
conservative,-2.457,36.19880484037393,2.8560841816983804,False
conservative,-2.456,36.89807167329642,2.8558713575617336,False
conservative,-2.455,37.591392499138735,2.8556281317809584,False
conservative,-2.454,38.278801007460935,2.8553520597375877,False
conservative,-2.453,38.96033072696132,2.8550407015172414,False
conservative,-2.452,39.63601502617106,2.8546916359364256,False
conservative,-2.451,40.305887114149364,2.8543024736693767,False
conservative,-2.45,40.96998004117239,2.853870869385126,False
conservative,-2.449,41.62832669942164,2.8533945328342236,False
conservative,-2.448,42.28095982366731,2.852871238850375,False
conservative,-2.447,42.9279119919522,2.852298836254455,False
conservative,-2.446,43.56921562626976,2.851675255667245,False
conservative,-2.445,44.20490299324096,2.850998516252775,False
conservative,-2.444,44.835006204787085,2.8502667314267995,False
conservative,-2.443,45.4595572188022,2.8494781135748197,False
conservative,-2.442,46.07858783982054,2.8486309778315717,False
conservative,-2.441,46.692129719682264,2.8477237449792803,False
conservative,-2.44,47.300214358195575,2.8467549435255557,False
conservative,-2.439,47.90287310379816,2.8457232110238078,False
conservative,-2.438,48.500137154213704,2.8446272946997886,False
conservative,-2.437,49.09203755710731,2.843466051447512,False
conservative,-2.436,49.67860521073639,2.8422384472565843,False
conservative,-2.435,50.25987086460187,2.8409435561310876,False
conservative,-2.434,50.83586512009383,2.8395805585577163,False
conservative,-2.433,51.406618431136394,2.83814873957808,False
conservative,-2.432,51.97216110482801,2.8366474865169753,False
conservative,-2.431,52.53252330208233,2.8350762864151813,False
conservative,-2.43,53.08773503826318,2.8334347232119805,False
conservative,-2.429,53.63782618381912,2.8317224747192173,False
conservative,-2.428,54.182826464913575,2.829939309425368,False
conservative,-2.427,54.722765464054824,2.8280850831647912,False
conservative,-2.426,55.257672620721145,2.826159735684178,False
conservative,-2.425,55.78757723198493,2.8241632871351383,False
conservative,-2.424,56.312508453132544,2.8220958345189886,False
conservative,-2.423,56.83249529828434,2.819957548107022,False
conservative,-2.422,57.347566641009436,2.8177486678570123,False
conservative,-2.421,57.85775121493988,2.815469499844243,False
conservative,-2.42,58.363077614380295,2.8131204127231637,False
conservative,-2.419,58.86357429491793,2.8107018342336545,False
conservative,-2.418,59.359269574027685,2.808214247764035,False
conservative,-2.417,59.85019163167571,2.805658188981154,False
conservative,-2.416,60.33636851092013,2.8030342425363357,False
conservative,-2.415,60.817828118510086,2.8003430388544905,False
conservative,-2.414,61.294598225481714,2.797585251012407,False
conservative,-2.413,61.766706467751845,2.7947615917110413,False
conservative,-2.412,62.2341803467085,2.791872810345565,False
conservative,-2.411,62.697047229801065,2.788919690175972,False
conservative,-2.41,63.155334351125624,2.7859030456002234,False
conservative,-2.409,63.60906881200973,2.7828237195311325,False
conservative,-2.408,64.05827758159302,2.779682580877535,False
conservative,-2.407,64.50298749740767,2.7764805221297184,False
conservative,-2.406,64.94322526595472,2.7732184570485665,False
conservative,-2.405,65.37901746327864,2.769897318457442,False
conservative,-2.404,65.8103905355391,2.7665180561354483,False
conservative,-2.403,66.23737079958171,2.763081634810368,False
conservative,-2.402,66.6599844435049,2.759589032249348,False
conservative,-2.401,67.07825752722542,2.7560412374451273,False
conservative,-2.4,67.49221598304054,2.7524392488954343,False
conservative,-2.399,67.90188561618965,2.748784072973024,False
conservative,-2.398,68.30729210541185,2.745076722383717,False
conservative,-2.397,68.70846100350226,2.741318214709685,False
conservative,-2.396,69.10541773786515,2.737509571035206,False
conservative,-2.395,69.49818761106607,2.733651814651993,False
conservative,-2.394,69.88679580138093,2.729745969841277,False
conservative,-2.393,70.27126736334269,2.7257930607297234,False
conservative,-2.392,70.65162722828562,2.721794110216341,False
conservative,-2.391,71.02790020488888,2.7177501389674954,False
conservative,-2.39,71.40011097971596,2.713662164477252,False
conservative,-2.389,71.76828411775269,2.7095312001902405,False
conservative,-2.388,72.13244406294314,2.705358254684331,False
conservative,-2.387,72.49261513872362,2.7011443309104313,False
conservative,-2.386,72.84882154855336,2.6968904254868233,False
conservative,-2.385,73.2010873764447,2.6925975280454764,False
conservative,-2.384,73.54943658748867,2.6882666206278785,False
conservative,-2.383,73.89389302838163,2.683898677127964,False
conservative,-2.382,74.23448042794693,2.6794946627798453,False
conservative,-2.381,74.57122239765565,2.6750555336880706,False
conservative,-2.38,74.90414243214504,2.6705822363982628,False
conservative,-2.379,75.23326390973519,2.666075707506008,False
conservative,-2.378,75.55861009294271,2.6615368733020226,False
conservative,-2.377,75.8802041289935,2.6569666494516184,False
conservative,-2.376,76.1980690503317,2.6523659407066353,False
conservative,-2.375,76.5122277751284,2.647735640648012,False
conservative,-2.374,76.82270310778742,2.643076631457323,False
conservative,-2.373,77.12951773944842,2.638389783715607,False
conservative,-2.372,77.4326942484893,2.633675956227929,False
conservative,-2.371,77.73225510102469,2.6289359958721694,False
conservative,-2.37,78.02822265140456,2.624170737470591,False
conservative,-2.369,78.32061914270929,2.6193810036828373,False
conservative,-2.368,78.60946670724287,2.6145676049190327,False
conservative,-2.367,78.89478736702425,2.6097313392717534,False
conservative,-2.366,79.17660303427708,2.604872992465656,False
conservative,-2.365,79.4549355119169,2.599993337823668,False
conservative,-2.364,79.72980649403647,2.5950931362486362,False
conservative,-2.363,80.00123756638861,2.5901731362194345,False
conservative,-2.362,80.26925020686814,2.5852340738005237,False
conservative,-2.361,80.53386578599151,2.5802766726640893,False
conservative,-2.36,80.79510556737327,2.5753016441238388,False
conservative,-2.359,81.0529907082016,2.5703096871796673,False
conservative,-2.358,81.30754225971286,2.565301488572357,False
conservative,-2.357,81.5587811676615,2.5602777228476183,False
conservative,-2.356,81.80672827279095,2.5552390524287283,False
conservative,-2.355,82.05140431130017,2.550186127697126,False
conservative,-2.354,82.29282991530985,2.5451195870803014,False
conservative,-2.353,82.53102561332625,2.54004005714642,False
conservative,-2.352,82.76601183070274,2.534948152705088,False
conservative,-2.351,82.99780889009945,2.5298444769137545,False
conservative,-2.35,83.22643701194214,2.524729621389208,False
conservative,-2.349,83.45191631487735,2.5196041663237447,False
conservative,-2.348,83.67426681622763,2.5144686806055234,False
conservative,-2.347,83.8935084324424,2.509323721942714,False
conservative,-2.346,84.10966097955038,2.504169836991008,False
conservative,-2.345,84.32274417360627,2.4990075614841727,False
conservative,-2.344,84.53277763113907,2.493837420367244,False
conservative,-2.343,84.73978086959583,2.488659927932083,False
conservative,-2.342,84.94377330778542,2.4834755879549277,False
conservative,-2.341,85.1447742663194,2.4782848938357116,False
conservative,-2.34,85.34280296805167,2.473088328738838,False
conservative,-2.339,85.53787853851559,2.4678863657351795,False
conservative,-2.338,85.73002000636033,2.4626794679450343,False
conservative,-2.337,85.9192463037845,2.4574680886818605,False
conservative,-2.336,86.10557626696814,2.4522526715965465,False
conservative,-2.335,86.28902863650336,2.4470336508220445,False
conservative,-2.334,86.46962205782285,2.4418114511181654,False
conservative,-2.333,86.64737508162666,2.436586488016391,False
conservative,-2.332,86.82230616430715,2.431359167964533,False
conservative,-2.331,86.99443366837204,2.4261298884711064,False
conservative,-2.33,87.16377586286671,2.42089903824925,False
conservative,-2.329,87.33035092379288,2.4156669973601175,False
conservative,-2.328,87.49417693452743,2.4104341373555846,False
conservative,-2.327,87.65527188623805,2.4052008214201948,False
conservative,-2.326,87.81365367829848,2.399967404512206,False
conservative,-2.325,87.96934011870052,2.394734233503697,False
conservative,-2.324,88.1223489244659,2.389501647319612,False
conservative,-2.323,88.27269772205493,2.384269977075695,False
conservative,-2.322,88.42040404777477,2.3790395462152105,False
conservative,-2.321,88.56548534818506,2.3738106706444273,False
conservative,-2.32,88.70795898050262,2.368583658866777,False
conservative,-2.319,88.84784221300323,2.3633588121156617,False
conservative,-2.318,88.98515222542343,2.3581364244858256,False
conservative,-2.317,89.1199061093596,2.352916783063293,False
conservative,-2.316,89.25212086866529,2.3477001680538048,False
conservative,-2.315,89.38181341984713,2.342486852909743,False
conservative,-2.314,89.50900059245942,2.3372771044554757,False
conservative,-2.313,89.63369912949669,2.332071183011149,False
conservative,-2.312,89.75592568778463,2.3268693425148634,False
conservative,-2.311,89.87569683836938,2.321671830643243,False
conservative,-2.31,89.9930290669056,2.316478888930349,False
conservative,-2.309,90.1079387740425,2.3112907528849655,False
conservative,-2.308,90.22044227580795,2.306107652106217,False
conservative,-2.307,90.33055580399194,2.3009298103975304,False
conservative,-2.306,90.43829550652764,2.2957574458789103,False
conservative,-2.305,90.5436774478714,2.290590771097557,False
conservative,-2.304,90.64671760938047,2.285429993136801,False
conservative,-2.303,90.74743188968976,2.2802753137233793,False
conservative,-2.302,90.84583610508696,2.2751269293330147,False
conservative,-2.301,90.94194598988584,2.2699850312943552,False
conservative,-2.3,91.03577719679807,2.264849805891238,False
conservative,-2.299,91.12734529730363,2.259721434463316,False
conservative,-2.298,91.21666578201948,2.254600093505016,False
conservative,-2.297,91.30375406106685,2.249485954762888,False
conservative,-2.296,91.38862546443684,2.2443791853313106,False
conservative,-2.295,91.47129524235456,2.239279947746607,False
conservative,-2.294,91.55177856564204,2.234188400079534,False
conservative,-2.293,91.63009052607869,2.2291046960262078,False
conservative,-2.292,91.70624613676155,2.224028984997446,False
conservative,-2.291,91.7802603324631,2.218961412206569,False
conservative,-2.29,91.85214796998785,2.213902118755636,False
conservative,-2.289,91.92192382852731,2.2088512417201787,False
conservative,-2.288,91.98960261001402,2.2038089142324138,False
conservative,-2.287,92.05519893947296,2.1987752655629826,False
conservative,-2.286,92.11872736537283,2.193750421201189,False
conservative,-2.285,92.180202359975,2.1887345029338077,False
conservative,-2.284,92.23963831968113,2.1837276289224428,False
conservative,-2.283,92.29704956537948,2.178729913779482,False
conservative,-2.282,92.35245034278978,2.173741468642623,False
conservative,-2.281,92.40585482280635,2.16876240124805,False
conservative,-2.28,92.4572771018403,2.163792816002229,False
conservative,-2.279,92.50673120215974,2.1588328140523734,False
conservative,-2.278,92.55423107222882,2.153882493355569,False
conservative,-2.277,92.5997905870457,2.148941948746613,False
conservative,-2.276,92.64342354847822,2.1440112720045557,False
conservative,-2.275,92.68514368559923,2.139090551917989,False
conservative,-2.274,92.72496465501916,2.1341798743490714,False
conservative,-2.273,92.76290004121897,2.1292793222963424,False
conservative,-2.272,92.79896335687982,2.1243889759563213,False
conservative,-2.271,92.83316804321309,2.1195089127839273,False
conservative,-2.27,92.86552747028726,2.1146392075517118,False
conservative,-2.269,92.89605493735513,2.1097799324079585,False
conservative,-2.268,92.92476367317829,2.104931156933647,False
conservative,-2.267,92.95166683635112,2.1000929481983066,False
conservative,-2.266,92.97677751562323,2.095265370814765,False
conservative,-2.265,93.00010873021947,2.0904484869928384,False
conservative,-2.264,93.02167343016086,2.0856423565919493,False
conservative,-2.263,93.04148449658187,2.0808470371727292,False
conservative,-2.262,93.05955474204771,2.0760625840475675,False
conservative,-2.261,93.07589691086974,2.0712890503301877,False
conservative,-2.26,93.09052367941979,2.0665264869842215,False
conservative,-2.259,93.10344765644301,2.0617749428708296,False
conservative,-2.258,93.11468138336966,2.0570344647953536,False
conservative,-2.257,93.12423733462478,2.0523050975530515,False
conservative,-2.256,93.13212791793809,2.0475868839739095,False
conservative,-2.255,93.13836547465064,2.0428798649665625,False
conservative,-2.254,93.14296228002199,2.0381840795613124,False
conservative,-2.253,93.14593054353467,2.033499564952302,False
conservative,-2.252,93.14728240919833,2.028826356538826,False
conservative,-2.251,93.14702995585188,2.0241644879658125,False
conservative,-2.25,93.14518519746514,2.0195139911634756,False
conservative,-2.249,93.14176008343827,2.0148748963861762,False
conservative,-2.248,93.13676649890085,2.0102472322504843,False
conservative,-2.247,93.13021626500901,2.005631025772473,False
conservative,-2.246,93.1221211392416,2.001026302404257,False
conservative,-2.245,93.11249281569516,1.9964330860697677,False
conservative,-2.244,93.10134292537745,1.991851399199819,False
conservative,-2.243,93.08868303649997,1.9872812627664445,False
conservative,-2.242,93.074524654769,1.9827226963165414,False
conservative,-2.241,93.05887922367542,1.9781757180048056,False
conservative,-2.24,93.04175812478366,1.973640344626015,False
conservative,-2.239,93.02317267801881,1.9691165916466293,False
conservative,-2.238,93.00313414195327,1.9646044732357595,False
conservative,-2.237,92.98165371409125,1.960104002295477,False
conservative,-2.236,92.95874253115313,1.9556151904905152,False
conservative,-2.235,92.93441166935783,1.9511380482773526,False
conservative,-2.234,92.90867214470408,1.9466725849326985,False
conservative,-2.233,92.88153491325085,1.9422188085813776,False
conservative,-2.232,92.85301087139592,1.9377767262236543,False
conservative,-2.231,92.82311085615468,1.933346343761978,False
conservative,-2.23,92.79184564543573,1.928927666027184,False
conservative,-2.229,92.75922595831703,1.924520696804138,False
conservative,-2.228,92.72526245531965,1.92012543885686,False
conservative,-2.227,92.68996573868168,1.915741893953116,False
conservative,-2.226,92.6533463526295,1.9113700628885106,False
conservative,-2.225,92.61541478364883,1.9070099455100604,False
conservative,-2.224,92.57618146075451,1.902661540739289,False
conservative,-2.223,92.53565675575898,1.8983248465948346,False
conservative,-2.222,92.49385098353946,1.8939998602145929,False
conservative,-2.221,92.4507744023044,1.889686577877381,False
conservative,-2.22,92.40643721385858,1.8853849950241652,False
conservative,-2.219,92.36084956386676,1.8810951062788328,False
conservative,-2.218,92.31402154211713,1.8768169054685424,False
conservative,-2.217,92.26596318278223,1.8725503856436239,False
conservative,-2.216,92.21668446468036,1.8682955390970863,False
conservative,-2.215,92.16619531153437,1.8640523573836962,False
conservative,-2.214,92.1145055922309,1.8598208313386768,False
conservative,-2.213,92.06162512107637,1.855600951095982,False
conservative,-2.212,92.00756365805476,1.8513927061062176,False
conservative,-2.211,91.9523309090811,1.847196085154164,False
conservative,-2.21,91.89593652625676,1.8430110763759435,False
conservative,-2.209,91.8383901081217,1.8388376672758107,False
conservative,-2.208,91.77970119990644,1.8346758447425997,False
conservative,-2.207,91.71987929378248,1.830525595065818,False
conservative,-2.206,91.65893382911293,1.8263869039514076,False
conservative,-2.205,91.5968741927,1.8222597565371574,False
conservative,-2.204,91.53370971903333,1.8181441374078042,False
conservative,-2.203,91.46944969053585,1.8140400306098037,False
conservative,-2.202,91.40410333781023,1.809947419665799,False
conservative,-2.201,91.33767983988183,1.8058662875887639,False
conservative,-2.2,91.27018832444323,1.8017966168958637,False
conservative,-2.199,91.20163786809621,1.797738389622009,False
conservative,-2.198,91.13203749659245,1.7936915873331318,False
conservative,-2.197,91.06139618507446,1.7896561911391644,False
conservative,-2.196,90.9897228583146,1.7856321817067529,False
conservative,-2.195,90.9170263909528,1.7816195392716931,False
conservative,-2.194,90.84331560773437,1.7776182436511119,False
conservative,-2.193,90.76859928374584,1.7736282742553675,False
conservative,-2.192,90.69288614464944,1.7696496100997126,False
conservative,-2.191,90.61618486691845,1.7656822298156998,False
conservative,-2.19,90.53850407806925,1.761726111662352,False
conservative,-2.189,90.45985235689392,1.7577812335370735,False
conservative,-2.188,90.38023823369112,1.7538475729863452,False
conservative,-2.187,90.29967019049624,1.749925107216182,False
conservative,-2.186,90.2181566613108,1.7460138131023706,False
conservative,-2.185,90.13570603233003,1.7421136672004733,False
conservative,-2.184,90.05232664217041,1.7382246457556305,False
conservative,-2.183,89.96802678209559,1.734346724712144,False
conservative,-2.182,89.88281469624195,1.7304798797228604,False
conservative,-2.181,89.79669858184243,1.7266240861583362,False
conservative,-2.18,89.70968658945006,1.7227793191158214,False
conservative,-2.179,89.62178682316001,1.7189455534280373,False
conservative,-2.178,89.53300734083119,1.715122763671773,False
conservative,-2.177,89.44335615430626,1.7113109241762814,False
conservative,-2.176,89.35284122963174,1.707510009031503,False
conservative,-2.175,89.26147048727563,1.7037199920961101,False
conservative,-2.174,89.16925180234567,1.699940847005375,False
conservative,-2.173,89.07619300480546,1.6961725471788558,False
conservative,-2.172,88.9823018796904,1.6924150658279302,False
conservative,-2.171,88.88758616732241,1.6886683759631533,False
conservative,-2.17,88.79205356352387,1.6849324504014624,False
conservative,-2.169,88.69571171982982,1.6812072617732106,False
conservative,-2.168,88.59856824370077,1.6774927825290593,False
conservative,-2.167,88.50063069873342,1.6737889849467091,False
conservative,-2.166,88.40190660487072,1.670095841137494,False
conservative,-2.165,88.3024034386113,1.666413323052813,False
conservative,-2.164,88.20212863321731,1.6627414024904341,False
conservative,-2.163,88.10108957892257,1.6590800511006483,False
conservative,-2.162,87.99929362313856,1.6554292403923014,False
conservative,-2.161,87.89674807066014,1.6517889417386713,False
conservative,-2.16,87.7934601838707,1.6481591263832296,False
conservative,-2.159,87.68943718294506,1.6445397654452696,False
conservative,-2.158,87.58468624605361,1.640930829925415,False
conservative,-2.157,87.4792145095636,1.6373322907109893,False
conservative,-2.156,87.3730290682406,1.6337441185812815,False
conservative,-2.155,87.26613697544884,1.6301662842126836,False
conservative,-2.154,87.15854524335066,1.626598758183723,False
conservative,-2.153,87.0502608431052,1.6230415109799639,False
conservative,-2.152,86.941290705066,1.6194945129988143,False
conservative,-2.151,86.83164171897793,1.6159577345542169,False
conservative,-2.15,86.72132073417329,1.6124311458812375,False
conservative,-2.149,86.61033455976688,1.6089147171405414,False
conservative,-2.148,86.4986899648506,1.6054084184227748,False
conservative,-2.147,86.3863936786863,1.6019122197528433,False
conservative,-2.146,86.2734523908992,1.598426091094099,False
conservative,-2.145,86.15987275166934,1.5949500023524168,False
conservative,-2.144,86.04566137192228,1.591483923380191,False
conservative,-2.143,85.93082482351981,1.5880278239802332,False
conservative,-2.142,85.81536963944866,1.5845816739095855,False
conservative,-2.141,85.69930231400957,1.5811454428832366,False
conservative,-2.14,85.58262930300448,1.5777191005777569,False
conservative,-2.139,85.46535702392353,1.574302616634851,False
conservative,-2.138,85.3474918561314,1.5708959606648263,False
conservative,-2.137,85.22904014105201,1.5674991022499738,False
conservative,-2.136,85.11000818235324,1.5641120109478779,False
conservative,-2.135,84.99040224613049,1.560734656294644,False
conservative,-2.134,84.87022856108956,1.5573670078080544,False
conservative,-2.133,84.74949331872861,1.554009034990641,False
conservative,-2.132,84.62820267351906,1.5506607073326912,False
conservative,-2.131,84.50636274308674,1.547321994315182,False
conservative,-2.13,84.38397960839072,1.5439928654126467,False
conservative,-2.129,84.26105931390292,1.5406732900959608,False
conservative,-2.128,84.13760786778523,1.5373632378350743,False
conservative,-2.127,84.01363124206783,1.534062678101672,False
conservative,-2.126,83.88913537282528,1.530771580371773,False
conservative,-2.125,83.76412616035181,1.527489914128257,False
conservative,-2.124,83.63860946933697,1.5242176488633432,False
conservative,-2.123,83.5125911290397,1.520954754080996,False
conservative,-2.122,83.38607693346131,1.5177011992992806,False
conservative,-2.121,83.25907264151876,1.5144569540526578,False
conservative,-2.12,83.1315839772163,1.5112219878942141,False
conservative,-2.119,83.00361662981648,1.5079962703978502,False
conservative,-2.118,82.87517625401091,1.5047797711604012,False
conservative,-2.117,82.74626847008984,1.5015724598037195,False
conservative,-2.116,82.6168988641111,1.498374305976683,False
conservative,-2.115,82.48707298806801,1.4951852793571747,False
conservative,-2.114,82.35679636005712,1.4920053496539967,False
conservative,-2.113,82.22607446444499,1.4888344866087473,False
conservative,-2.112,82.09491275203406,1.485672659997635,False
conservative,-2.111,81.96331664022767,1.4825198396332602,False
conservative,-2.11,81.83129151319494,1.4793759953663388,False
conservative,-2.109,81.69884272203461,1.4762410970873967,False
conservative,-2.108,81.5659755849377,1.4731151147283978,False
conservative,-2.107,81.4326953873503,1.4699980182643473,False
conservative,-2.106,81.2990073821349,1.4668897777148433,False
conservative,-2.105,81.16491678973172,1.4637903631455966,False
conservative,-2.104,81.03042879831868,1.4606997446698917,False
conservative,-2.103,80.89554856397065,1.457617892450029,False
conservative,-2.102,80.76028121081895,1.4545447766987114,False
conservative,-2.101,80.62463183120903,1.4514803676804084,False
conservative,-2.1,80.48860548585787,1.4484246357126653,False
conservative,-2.099,80.35220720401091,1.445377551167391,False
conservative,-2.098,80.21544198359786,1.4423390844720987,False
conservative,-2.097,80.07831479138846,1.4393092061111254,False
conservative,-2.096,79.94083056314675,1.436287886626799,False
conservative,-2.095,79.80299420378492,1.4332750966205874,False
conservative,-2.094,79.66481058751721,1.4302708067542058,False
conservative,-2.093,79.52628455801222,1.4272749877507007,False
conservative,-2.092,79.3874209285446,1.4242876103954871,False
conservative,-2.091,79.24822448214672,1.421308645537372,False
conservative,-2.09,79.10869997175905,1.4183380640895369,False
conservative,-2.089,78.96885212038036,1.4153758370304974,False
conservative,-2.088,78.82868562121655,1.4124219354050256,False
conservative,-2.087,78.68820513782993,1.4094763303250528,False
conservative,-2.086,78.54741530428633,1.406538992970538,False
conservative,-2.085,78.40632072530322,1.4036098945903186,False
conservative,-2.084,78.26492597639597,1.4006890065029203,False
conservative,-2.083,78.12323560402379,1.3977763000973527,False
conservative,-2.082,77.98125412573508,1.394871746833875,False
conservative,-2.081,77.83898603031271,1.3919753182447423,False
conservative,-2.08,77.69643577791712,1.3890869859349144,False
conservative,-2.079,77.55360780023055,1.3862067215827558,False
conservative,-2.078,77.41050650059955,1.3833344969407029,False
conservative,-2.077,77.26713625417696,1.380470283835915,False
conservative,-2.076,77.12350140806377,1.3776140541708954,False
conservative,-2.075,76.97960628144986,1.3747657799240942,False
conservative,-2.074,76.83545516575404,1.371925433150495,False
conservative,-2.073,76.6910523247644,1.369092985982175,False
conservative,-2.072,76.54640199477628,1.3662684106288403,False
conservative,-2.071,76.40150838473177,1.363451679378352,False
conservative,-2.07,76.25637567635661,1.360642764597224,False
conservative,-2.069,76.11100802429806,1.3578416387311112,False
conservative,-2.068,75.96540955626078,1.3550482743052639,False
conservative,-2.067,75.81958437314378,1.3522626439249765,False
conservative,-2.066,75.67353654917441,1.3494847202760163,False
conservative,-2.065,75.5272701320444,1.3467144761250331,False
conservative,-2.064,75.38078914304344,1.3439518843199476,False
conservative,-2.063,75.2340975771924,1.3411969177903293,False
conservative,-2.062,75.08719940337684,1.338449549547755,False
conservative,-2.061,74.94009856447931,1.3357097526861565,False
conservative,-2.06,74.79279897751083,1.3329775003821398,False
conservative,-2.059,74.64530453374216,1.3302527658953025,False
conservative,-2.058,74.49761909883456,1.3275355225685288,False
conservative,-2.057,74.34974651296974,1.3248257438282771,False
conservative,-2.056,74.20169059097898,1.3221234031848388,False
conservative,-2.055,74.05345512247258,1.3194284742325992,False
conservative,-2.054,73.90504387196744,1.316740930650275,False
conservative,-2.053,73.75646057901541,1.3140607462011462,False
conservative,-2.052,73.60770895832997,1.3113878947332607,False
conservative,-2.051,73.45879269991299,1.308722350179643,False
conservative,-2.05,73.30971546918047,1.3060640865584787,False
conservative,-2.049,73.16048090708848,1.3034130779732949,False
conservative,-2.048,73.0110926302575,1.3007692986131194,False
conservative,-2.047,72.8615542310968,1.2981327227526358,False
conservative,-2.046,72.71186927792859,1.2955033247523233,False
conservative,-2.045,72.56204131511072,1.2928810790585932,False
conservative,-2.044,72.41207386315966,1.2902659602038953,False
conservative,-2.043,72.26197041887234,1.287657942806838,False
conservative,-2.042,72.11173445544759,1.2850570015722798,False
conservative,-2.041,71.96136942260794,1.282463111291422,False
conservative,-2.04,71.81087874671887,1.27987624684188,False
conservative,-2.039,71.66026583090951,1.2772963831877582,False
conservative,-2.038,71.5095340551917,1.274723495379702,False
conservative,-2.037,71.35868677657928,1.272157558554956,False
conservative,-2.036,71.20772732920547,1.269598547937395,False
conservative,-2.035,71.05665902444157,1.26704643883756,False
conservative,-2.034,70.90548515101354,1.2645012066526815,False
conservative,-2.033,70.75420897511925,1.2619628268666951,False
conservative,-2.032,70.60283374054409,1.2594312750502428,False
conservative,-2.031,70.45136266877694,1.2569065268606754,False
conservative,-2.03,70.29979895912521,1.2543885580420406,False
conservative,-2.029,70.14814578882982,1.2518773444250695,False
conservative,-2.028,69.9964063131785,1.2493728619271465,False
conservative,-2.027,69.84458366561998,1.2468750865522815,False
conservative,-2.026,69.69268095787689,1.2443839943910664,False
conservative,-2.025,69.54070128005837,1.2418995616206356,False
conservative,-2.024,69.3886477007721,1.239421764504608,False
conservative,-2.023,69.23652326723554,1.2369505793930258,False
conservative,-2.022,69.08433100538748,1.2344859827222947,False
conservative,-2.021,68.93207391999813,1.23202795101511,False
conservative,-2.02,68.77975499477938,1.2295764608803732,False
conservative,-2.019,68.62737719249424,1.2271314890131135,False
conservative,-2.018,68.47494345506581,1.2246930121943953,False
conservative,-2.017,68.32245670368617,1.2222610072912239,False
conservative,-2.016,68.16991983892386,1.2198354512564424,False
conservative,-2.015,68.01733574083173,1.2174163211286244,False
conservative,-2.014,67.86470726905425,1.2150035940319655,False
conservative,-2.013,67.71203726293373,1.2125972471761648,False
conservative,-2.012,67.55932854161658,1.2101972578563,False
conservative,-2.011,67.40658390415865,1.207803603452705,False
conservative,-2.01,67.25380612963075,1.2054162614308332,False
conservative,-2.009,67.10099797722344,1.2030352093411294,False
conservative,-2.008,66.94816218635049,1.20066042481888,False
conservative,-2.007,66.79530147675317,1.198291885584072,False
conservative,-2.006,66.64241854860337,1.195929569441245,False
conservative,-2.005,66.48951608260639,1.1935734542793381,False
conservative,-2.004,66.336596740103,1.191223518071528,False
conservative,-2.003,66.18366316317166,1.1888797388750716,False
conservative,-2.002,66.03071797472931,1.1865420948311405,False
conservative,-2.001,65.87776377863322,1.1842105641646514,False
conservative,-2.0,65.72480315978032,1.1818851251840943,False
conservative,-1.999,65.57183868420796,1.1795657562813553,False
conservative,-1.998,65.41887289919308,1.1772524359315386,False
conservative,-1.997,65.26590833335156,1.1749451426927846,False
conservative,-1.996,65.11294749673651,1.1726438552060812,False
conservative,-1.995,64.9599928809367,1.1703485521950796,False
conservative,-1.994,64.80704695917406,1.1680592124658973,False
conservative,-1.993,64.65411218640139,1.165775814906928,False
conservative,-1.992,64.50119099939845,1.16349833848864,False
conservative,-1.991,64.34828581686925,1.1612267622633794,False
conservative,-1.99,64.19539903953705,1.158961065365162,False
conservative,-1.989,64.04253305024076,1.156701227009476,False
conservative,-1.988,63.88969021402923,1.1544472264930647,False
conservative,-1.987,63.73687287825661,1.1521990431937221,False
conservative,-1.986,63.58408337267579,1.1499566565700774,False
conservative,-1.985,63.4313240095329,1.1477200461613812,False
conservative,-1.984,63.278597083659946,1.1454891915872862,False
conservative,-1.983,63.12590487256848,1.143264072547631,False
conservative,-1.982,62.973249636541205,1.1410446688222147,False
conservative,-1.981,62.82063361872491,1.1388309602705773,False
conservative,-1.98,62.668059045221334,1.1366229268317694,False
conservative,-1.979,62.51552812517902,1.1344205485241308,False
conservative,-1.978,62.36304305088363,1.1322238054450566,False
conservative,-1.977,62.210605997848624,1.130032677770769,False
conservative,-1.976,62.058219124904774,1.1278471457560837,False
conservative,-1.975,61.90588457429052,1.1256671897341768,False
conservative,-1.974,61.75360447174019,1.1234927901163485,False
conservative,-1.973,61.6013809265733,1.1213239273917868,False
conservative,-1.972,61.44921603178271,1.1191605821273267,False
conservative,-1.971,61.29711186412243,1.1170027349672154,False
conservative,-1.97,61.145070484195166,1.114850366632864,False
conservative,-1.969,60.99309393653956,1.112703457922613,False
conservative,-1.968,60.84118424971675,1.1105619897114816,False
conservative,-1.967,60.689343436396555,1.1084259429509278,False
conservative,-1.966,60.53757349344353,1.1062952986685994,False
conservative,-1.965,60.38587640200261,1.1041700379680912,False
conservative,-1.964,60.234254127583505,1.1020501420286906,False
conservative,-1.963,60.082708620146484,1.0999355921051357,False
conservative,-1.962,59.93124181418574,1.09782636952736,False
conservative,-1.961,59.779855628813785,1.095722455700246,False
conservative,-1.96,59.628551967844864,1.0936238321033696,False
conservative,-1.959,59.477332719878184,1.0915304802907515,False
conservative,-1.958,59.326199758380525,1.0894423818906016,False
conservative,-1.957,59.17515494176876,1.087359518605068,False
conservative,-1.956,59.024200113491545,1.0852818722099775,False
conservative,-1.955,58.87333710211158,1.083209424554589,False
conservative,-1.954,58.722567721386035,1.0811421575613278,False
conservative,-1.953,58.57189377034805,1.0790800532255391,False
conservative,-1.952,58.421317033386835,1.077023093615224,False
conservative,-1.951,58.270839280328005,1.074971260870787,False
conservative,-1.95,58.12046226651306,1.0729245372047755,False
conservative,-1.949,57.970187732879076,1.0708829049016249,False
conservative,-1.948,57.820017406037294,1.0688463463173972,False
conservative,-1.947,57.669952998352265,1.066814843879525,False
conservative,-1.946,57.51999620801959,1.0647883800865505,False
conservative,-1.945,57.37014871914414,1.062766937507869,False
conservative,-1.944,57.22041220181734,1.0607504987834646,False
conservative,-1.943,57.07078831219466,1.0587390466236573,False
conservative,-1.942,56.92127869257208,1.056732563808837,False
conservative,-1.941,56.77188497146281,1.054731033189208,False
conservative,-1.94,56.62260876367323,1.0527344376845251,False
conservative,-1.939,56.4734516703786,1.0507427602838375,False
conservative,-1.938,56.32441527919858,1.048755984045225,False
conservative,-1.937,56.17550116427223,1.0467740920955397,False
conservative,-1.936,56.02671088633246,1.0447970676301446,False
conservative,-1.935,55.87804599278065,1.0428248939126554,False
conservative,-1.934,55.72950801776061,1.0408575542746767,False
conservative,-1.933,55.58109848223198,1.0388950321155452,False
conservative,-1.932,55.43281889404368,1.0369373109020679,False
conservative,-1.931,55.28467074800685,1.0349843741682616,False
conservative,-1.93,55.136655525967434,1.0330362055150941,False
conservative,-1.929,54.98877469687851,1.031092788610225,False
conservative,-1.928,54.84102971687197,1.0291541071877433,False
conservative,-1.927,54.6934220293304,1.0272201450479117,False
conservative,-1.926,54.54595306495825,1.0252908860569043,False
conservative,-1.925,54.398624241852566,1.0233663141465499,False
conservative,-1.924,54.25143696557376,1.0214464133140715,False
conservative,-1.923,54.10439262921582,1.0195311676218284,False
conservative,-1.922,53.9574926134761,1.0176205611970581,False
conservative,-1.921,53.8107382867252,1.0157145782316206,False
conservative,-1.92,53.664131005075774,1.0138132029817353,False
conservative,-1.919,53.51767211245199,1.0119164197677295,False
conservative,-1.918,53.371362940657626,1.010024212973779,False
conservative,-1.917,53.22520480944473,1.0081365670476519,False
conservative,-1.916,53.079199026581406,1.0062534665004512,False
conservative,-1.915,52.93334688791952,1.0043748959063612,False
conservative,-1.914,52.78764967746184,1.00250083990239,False
conservative,-1.913,52.642108667429376,1.0006312831881181,False
conservative,-1.912,52.496725118327795,0.9987662105254389,True
conservative,-1.911,52.3515002790138,0.9969056067383095,True
conservative,-1.91,52.206435386761356,0.9950494567124936,True
conservative,-1.909,52.061531667327266,0.9931977453953106,True
conservative,-1.908,51.91679033501664,0.991350457795382,True
conservative,-1.907,51.77221259274812,0.9895075789823798,True
conservative,-1.906,51.62779963211852,0.9876690940867736,True
conservative,-1.905,51.48355263346749,0.9858349882995826,True
conservative,-1.904,51.33947276594152,0.9840052468721218,True
conservative,-1.903,51.1955611875581,0.9821798551157533,True
conservative,-1.902,51.051819045269056,0.9803587984016394,True
conservative,-1.901,50.908247475024,0.9785420621604877,True
conservative,-1.9,50.764847601833175,0.9767296318823097,True
conservative,-1.899,50.62162053983037,0.9749214931161683,True
conservative,-1.898,50.478567392334966,0.9731176314699328,True
conservative,-1.897,50.33568925191439,0.9713180326100332,True
conservative,-1.896,50.19298720044558,0.9695226822612119,True
conservative,-1.895,50.05046230917685,0.9677315662062805,True
conservative,-1.894,49.90811563878866,0.9659446702858749,True
conservative,-1.893,49.765948239454964,0.9641619803982108,True
conservative,-1.892,49.62396115090342,0.9623834824988403,True
conservative,-1.891,49.48215540247616,0.9606091626004115,True
conservative,-1.89,49.34053201318943,0.958839006772422,True
conservative,-1.889,49.19909199179364,0.9570730011409829,True
conservative,-1.888,49.05783633683267,0.9553111318885744,True
conservative,-1.887,48.916766036703144,0.9535533852538071,True
conservative,-1.886,48.77588206971326,0.9517997475311832,True
conservative,-1.885,48.6351854041415,0.9500502050708579,True
conservative,-1.884,48.49467699829495,0.9483047442784001,True
conservative,-1.883,48.35435780056729,0.9465633516145584,True
conservative,-1.882,48.21422874949661,0.9448260135950203,True
conservative,-1.881,48.07429077382309,0.9430927167901809,True
conservative,-1.88,47.93454479254587,0.9413634478249057,True
conservative,-1.879,47.79499171498039,0.9396381933782955,True
conservative,-1.878,47.65563244081474,0.9379169401834545,True
conservative,-1.877,47.51646786016642,0.9361996750272593,True
conservative,-1.876,47.37749885363804,0.934486384750122,True
conservative,-1.875,47.238726292373705,0.9327770562457629,True
conservative,-1.874,47.100151038114106,0.9310716764609779,True
conservative,-1.873,46.96177394325218,0.9293702323954098,True
conservative,-1.872,46.82359585088811,0.9276727111013214,True
conservative,-1.871,46.68561759488403,0.9259790996833616,True
conservative,-1.87,46.547839999918715,0.9242893852983441,True
conservative,-1.869,46.410263881541624,0.9226035551550152,True
conservative,-1.868,46.27289004622721,0.9209215965138342,True
conservative,-1.867,46.13571929142835,0.9192434966867411,True
conservative,-1.866,45.9987524056301,0.9175692430369395,True
conservative,-1.865,45.86199016840274,0.9158988229786653,True
conservative,-1.864,45.72543335045491,0.9142322239769721,True
conservative,-1.863,45.589082713686075,0.912569433547502,True
conservative,-1.862,45.45293901123937,0.9109104392562692,True
conservative,-1.861,45.31700298755338,0.9092552287194373,True
conservative,-1.86,45.18127537841441,0.9076037896031011,True
conservative,-1.859,45.04575691100799,0.9059561096230657,True
conservative,-1.858,44.91044830397053,0.9043121765446303,True
conservative,-1.857,44.775350267440224,0.9026719781823703,True
conservative,-1.856,44.64046350310835,0.9010355023999219,True
conservative,-1.855,44.505788704269676,0.8994027371097637,True
conservative,-1.854,44.3713265558731,0.8977736702730061,True
conservative,-1.853,44.23707773457178,0.8961482898991715,True
conservative,-1.852,44.10304290877314,0.8945265840459891,True
conservative,-1.851,43.9692227386885,0.8929085408191731,True
conservative,-1.85,43.8356178763828,0.8912941483722202,True
conservative,-1.849,43.70222896582352,0.8896833949061914,True
conservative,-1.848,43.569056642929866,0.8880762686695068,True
conservative,-1.847,43.43610153562159,0.8864727579577342,True
conservative,-1.846,43.303364263867344,0.8848728511133809,True
conservative,-1.845,43.17084543973301,0.8832765365256879,True
conservative,-1.844,43.038545667429894,0.881683802630421,True
conservative,-1.843,42.90646554336237,0.8800946379096656,True
conservative,-1.842,42.77460565617553,0.878509030891622,True
conservative,-1.841,42.6429665868025,0.8769269701504008,True
conservative,-1.84,42.51154890851166,0.8753484443058207,True
conservative,-1.839,42.38035318695332,0.8737734420232022,True
conservative,-1.838,42.24937998020669,0.8722019520131696,True
conservative,-1.837,42.11862983882592,0.8706339630314489,True
conservative,-1.836,41.98810330588667,0.8690694638786661,True
conservative,-1.835,41.8578009170318,0.8675084434001497,True
conservative,-1.834,41.72772320051731,0.8659508904857304,True
conservative,-1.833,41.59787067725768,0.8643967940695454,True
conservative,-1.832,41.46824386087139,0.8628461431298388,True
conservative,-1.831,41.33884325772574,0.8612989266887675,True
conservative,-1.83,41.20966936698194,0.8597551338122056,True
conservative,-1.829,41.08072268063954,0.8582147536095481,True
conservative,-1.828,40.95200368358104,0.8566777752335196,True
conservative,-1.827,40.82351285361583,0.8551441878799787,True
conservative,-1.826,40.69525066152443,0.8536139807877292,True
conservative,-1.825,40.567217571102034,0.8520871432383248,True
conservative,-1.824,40.43941403920229,0.8505636645558828,True
conservative,-1.823,40.31184051578023,0.8490435341068897,True
conservative,-1.822,40.184497443935896,0.8475267413000174,True
conservative,-1.821,40.05738525995673,0.8460132755859294,True
conservative,-1.82,39.930504393360685,0.8445031264571,True
conservative,-1.819,39.80385526693833,0.8429962834476212,True
conservative,-1.818,39.677438296795486,0.8414927361330211,True
conservative,-1.817,39.5512538923949,0.8399924741300783,True
conservative,-1.816,39.425302456598416,0.8384954870966368,True
conservative,-1.815,39.29958438570837,0.8370017647314237,True
conservative,-1.814,39.174100069509194,0.8355112967738642,True
conservative,-1.813,39.04884989130847,0.8340240730039041,True
conservative,-1.812,38.923834227978205,0.8325400832418249,True
conservative,-1.811,38.799053449995306,0.831059317348065,True
conservative,-1.81,38.67450792148247,0.829581765223042,True
conservative,-1.809,38.5501980002485,0.8281074168069698,True
conservative,-1.808,38.426124037828465,0.8266362620796852,True
conservative,-1.807,38.30228637952375,0.8251682910604681,True
conservative,-1.806,38.178685364441904,0.8237034938078671,True
conservative,-1.805,38.055321325536156,0.8222418604195205,True
conservative,-1.804,37.93219458964487,0.8207833810319874,True
conservative,-1.803,37.809305477530856,0.8193280458205663,True
conservative,-1.802,37.68665430392018,0.8178758449991295,True
conservative,-1.801,37.56424137754119,0.8164267688199439,True
conservative,-1.8,37.442067001163004,0.8149808075735041,True
conservative,-1.799,37.32013147163398,0.8135379515883593,True
conservative,-1.798,37.19843507992009,0.812098191230944,True
conservative,-1.797,37.076978111142694,0.8106615169054069,True
conservative,-1.796,36.955760844616684,0.8092279190534448,True
conservative,-1.795,36.83478355388795,0.8077973881541323,True
conservative,-1.794,36.714046506771,0.8063699147237579,True
conservative,-1.793,36.59354996538611,0.8049454893156514,True
conservative,-1.792,36.47329418619656,0.8035241025200277,True
conservative,-1.791,36.35327942004548,0.8021057449638116,True
conservative,-1.79,36.233505912192605,0.8006904073104817,True
conservative,-1.789,36.1139739023508,0.7992780802599023,True
conservative,-1.788,35.99468362472242,0.7978687545481633,True
conservative,-1.787,35.875635308035505,0.7964624209474164,True
conservative,-1.786,35.7568291755798,0.7950590702657154,True
conservative,-1.785,35.638265445242425,0.7936586933468546,True
conservative,-1.784,35.51994432954378,0.7922612810702099,True
conservative,-1.783,35.40186603567271,0.7908668243505795,True
conservative,-1.782,35.28403076552197,0.789475314138026,True
conservative,-1.781,35.16643871572321,0.7880867414177164,True
conservative,-1.78,35.049090077681925,0.7867010972097699,True
conservative,-1.779,34.93198503761222,0.7853183725690965,True
conservative,-1.778,34.81512377657136,0.7839385585852475,True
conservative,-1.777,34.698506470494095,0.7825616463822541,True
conservative,-1.776,34.58213329022702,0.7811876271184794,True
conservative,-1.775,34.46600440156238,0.7798164919864616,True
conservative,-1.774,34.35011996527221,0.7784482322127619,True
conservative,-1.773,34.234480137141745,0.7770828390578138,True
conservative,-1.772,34.11908506800329,0.7757203038157717,True
conservative,-1.771,34.00393490376912,0.7743606178143594,True
conservative,-1.77,33.889029785465105,0.7730037724147205,True
conservative,-1.769,33.7743698492634,0.7716497590112713,True
conservative,-1.768,33.65995522651551,0.7702985690315489,True
conservative,-1.767,33.545786043784744,0.7689501939360679,True
conservative,-1.766,33.431862422878936,0.7676046252181689,True
conservative,-1.765,33.31818448088262,0.7662618544038752,True
conservative,-1.764,33.20475233018939,0.7649218730517462,True
conservative,-1.763,33.091566078533646,0.7635846727527327,True
conservative,-1.762,32.978625829022704,0.7622502451300315,True
conservative,-1.761,32.86593168016833,0.7609185818389433,True
conservative,-1.76,32.75348372591833,0.7595896745667297,True
conservative,-1.759,32.64128205568781,0.7582635150324694,True
conservative,-1.758,32.52932675439049,0.7569400949869179,True
conservative,-1.757,32.41761790246968,0.7556194062123661,True
conservative,-1.756,32.30615557592922,0.7543014405224996,True
conservative,-1.755,32.19493984636401,0.7529861897622605,True
conservative,-1.754,32.083970780990896,0.7516736458077077,True
conservative,-1.753,31.973248442678727,0.7503638005658764,True
conservative,-1.752,31.862772889978874,0.7490566459746449,True
conservative,-1.751,31.752544177155126,0.7477521740025926,True
conservative,-1.75,31.642562354213766,0.7464503766488687,True
conservative,-1.749,31.53282746693325,0.7451512459430515,True
conservative,-1.748,31.42333955689383,0.7438547739450166,True
conservative,-1.747,31.314098661507224,0.7425609527448022,True
conservative,-1.746,31.205104814045605,0.7412697744624729,True
conservative,-1.745,31.096358043671064,0.7399812312479898,True
conservative,-1.744,30.98785837546443,0.7386953152810747,True
conservative,-1.743,30.879605830454295,0.7374120187710808,True
conservative,-1.742,30.771600425645545,0.7361313339568601,True
conservative,-1.741,30.663842174048145,0.7348532531066339,True
conservative,-1.74,30.55633108470533,0.733577768517859,True
conservative,-1.739,30.4490671627221,0.7323048725171032,True
conservative,-1.738,30.34205040929313,0.7310345574599141,True
conservative,-1.737,30.235280821730964,0.72976681573069,True
conservative,-1.736,30.128758393493577,0.7285016397425543,True
conservative,-1.735,30.02248311421239,0.7272390219372269,True
conservative,-1.734,29.916454969719453,0.725978954784898,True
conservative,-1.733,29.810673942075223,0.724721430784103,True
conservative,-1.732,29.705140009595453,0.7234664424615962,True
conservative,-1.731,29.599853146878562,0.7222139823722291,True
conservative,-1.73,29.49481332483249,0.7209640430988206,True
conservative,-1.729,29.39002051070152,0.7197166172520395,True
conservative,-1.728,29.28547466809306,0.7184716974702783,True
conservative,-1.727,29.181175757004116,0.7172292764195332,True
conservative,-1.726,29.077123733847596,0.715989346793278,True
conservative,-1.725,28.973318551478894,0.7147519013123491,True
conservative,-1.724,28.869760159221617,0.7135169327248198,True
conservative,-1.723,28.766448502893947,0.7122844338058845,True
conservative,-1.722,28.66338352483422,0.7110543973577346,True
conservative,-1.721,28.56056516392687,0.7098268162094445,True
conservative,-1.72,28.457993355627778,0.7086016832168502,True
conservative,-1.719,28.35566803198995,0.7073789912624326,True
conservative,-1.718,28.253589121688698,0.7061587332552006,True
conservative,-1.717,28.151756550046887,0.7049409021305744,True
conservative,-1.716,28.050170239059863,0.7037254908502683,True
conservative,-1.715,27.94883010742061,0.7025124924021781,True
conservative,-1.714,27.847736070544197,0.7013018998002625,True
conservative,-1.713,27.74688804059283,0.7000937060844323,True
conservative,-1.712,27.646285926499974,0.6988879043204339,True
conservative,-1.711,27.545929633995094,0.6976844875997384,True
conservative,-1.71,27.445819065627603,0.6964834490394248,True
conservative,-1.709,27.345954120791298,0.6952847817820742,True
conservative,-1.708,27.24633469574813,0.6940884789956524,True
conservative,-1.707,27.14696068365221,0.6928945338733999,True
conservative,-1.706,27.047831974573487,0.6917029396337259,True
conservative,-1.705,26.948948455521485,0.6905136895200914,True
conservative,-1.704,26.85031001046859,0.6893267768009043,True
conservative,-1.703,26.751916520373687,0.6881421947694094,True
conservative,-1.702,26.65376786320518,0.6869599367435789,True
conservative,-1.701,26.55586391396431,0.6857799960660056,True
conservative,-1.7,26.458204544707918,0.6846023661037945,True
conservative,-1.699,26.36078962457164,0.6834270402484579,True
conservative,-1.698,26.263619019792298,0.6822540119158051,True
conservative,-1.697,26.166692593730847,0.6810832745458417,True
conservative,-1.696,26.070010206894672,0.6799148216026588,True
conservative,-1.695,25.973571716960148,0.6787486465743323,True
conservative,-1.694,25.877376978794686,0.6775847429728169,True
conservative,-1.693,25.781425844479152,0.6764231043338412,True
conservative,-1.692,25.68571816332971,0.6752637242168065,True
conservative,-1.691,25.59025378191978,0.6741065962046822,True
conservative,-1.69,25.49503254410181,0.6729517139039046,True
conservative,-1.689,25.40005429102908,0.6717990709442733,True
conservative,-1.688,25.305318861177042,0.6706486609788511,True
conservative,-1.687,25.210826090364957,0.6695004776838649,True
conservative,-1.686,25.116575811777135,0.6683545147585999,True
conservative,-1.685,25.022567855984153,0.6672107659253048,True
conservative,-1.684,24.928802050963927,0.6660692249290909,True
conservative,-1.683,24.835278222122803,0.6649298855378312,True
conservative,-1.682,24.741996192316236,0.6637927415420651,True
conservative,-1.681,24.648955781869752,0.6626577867548964,True
conservative,-1.68,24.556156808599425,0.661525015011899,True
conservative,-1.679,24.46359908783255,0.6603944201710197,True
conservative,-1.678,24.371282432427883,0.6592659961124779,True
conservative,-1.677,24.279206652796145,0.658139736738675,True
conservative,-1.676,24.187371556920077,0.6570156359740933,True
conservative,-1.675,24.095776950374585,0.6558936877652043,True
conservative,-1.674,24.004422636346693,0.6547738860803712,True
conservative,-1.673,23.913308415655454,0.6536562249097594,True
conservative,-1.672,23.822434086771636,0.6525406982652348,True
conservative,-1.671,23.73179944583745,0.6514273001802784,True
conservative,-1.67,23.641404286686022,0.6503160247098875,True
conservative,-1.669,23.551248400860903,0.6492068659304864,True
conservative,-1.668,23.461331577635313,0.6480998179398322,True
conservative,-1.667,23.371653604031454,0.6469948748569258,True
conservative,-1.666,23.282214264839542,0.6458920308219162,True
conservative,-1.665,23.19301334263692,0.6447912799960157,True
conservative,-1.664,23.10405061780684,0.6436926165614034,True
conservative,-1.663,23.01532586855737,0.642596034721141,True
conservative,-1.662,22.926838870940028,0.6415015286990772,True
conservative,-1.661,22.83858939886847,0.640409092739765,True
conservative,-1.66,22.75057722413684,0.6393187211083678,True
conservative,-1.659,22.66280211643831,0.638230408090575,True
conservative,-1.658,22.575263843383244,0.6371441479925103,True
conservative,-1.657,22.487962170517527,0.6360599351406487,True
conservative,-1.656,22.400896861340456,0.6349777638817269,True
conservative,-1.655,22.314067677322996,0.6338976285826565,True
conservative,-1.654,22.227474377925347,0.632819523630439,True
conservative,-1.653,22.141116720615024,0.6317434434320808,True
conservative,-1.652,22.054994460884377,0.6306693824145041,True
conservative,-1.651,21.969107352268257,0.6295973350244677,True
conservative,-1.65,21.883455146361403,0.6285272957284777,True
conservative,-1.649,21.79803759283604,0.6274592590127057,True
conservative,-1.648,21.71285443945894,0.6263932193829043,True
conservative,-1.647,21.627905432108793,0.6253291713643259,True
conservative,-1.646,21.543190314793225,0.6242671095016347,True
conservative,-1.645,21.45870882966591,0.6232070283588315,True
conservative,-1.644,21.374460717043302,0.6221489225191641,True
conservative,-1.643,21.29044571542168,0.6210927865850516,True
conservative,-1.642,21.206663561493674,0.6200386151779996,True
conservative,-1.641,21.12311399016504,0.6189864029385211,True
conservative,-1.64,21.039796734571127,0.6179361445260539,True
conservative,-1.639,20.95671152609333,0.6168878346188832,True
conservative,-1.638,20.873858094375443,0.6158414679140585,True
conservative,-1.637,20.79123616733996,0.6147970391273185,True
conservative,-1.636,20.708845471204175,0.6137545429930077,True
conservative,-1.635,20.626685730496327,0.6127139742640005,True
conservative,-1.634,20.544756668071514,0.6116753277116224,True
conservative,-1.633,20.463058005127717,0.6106385981255705,True
conservative,-1.632,20.381589461221395,0.6096037803138391,True
conservative,-1.631,20.30035075428344,0.6085708691026398,True
conservative,-1.63,20.219341600634618,0.607539859336326,True
conservative,-1.629,20.13856171500125,0.6065107458773162,True
conservative,-1.628,20.05801081053051,0.6054835236060176,True
conservative,-1.627,19.97768859880599,0.6044581874207514,True
conservative,-1.626,19.897594789862715,0.6034347322376761,True
conservative,-1.625,19.81772909220261,0.6024131529907142,True
conservative,-1.624,19.738091212809405,0.6013934446314757,True
conservative,-1.623,19.658680857163695,0.600375602129185,True
conservative,-1.622,19.57949772925792,0.5993596204706066,True
conservative,-1.621,19.500541531611166,0.5983454946599731,True
conservative,-1.62,19.42181196528398,0.5973332197189091,True
conservative,-1.619,19.34330872989292,0.5963227906863598,True
conservative,-1.618,19.2650315236253,0.5953142026185199,True
conservative,-1.617,19.18698004325358,0.5943074505887583,True
conservative,-1.616,19.10915398414987,0.59330252968755,True
conservative,-1.615,19.031553040300196,0.5922994350224006,True
conservative,-1.614,18.954176904318853,0.5912981617177793,True
conservative,-1.613,18.87702526746246,0.5904077476802408,True
conservative,-1.612,18.800097819644183,0.5915555936093319,True
conservative,-1.611,18.72339424944764,0.5927030642279714,True
conservative,-1.61,18.646914244140923,0.5938501587298776,True
conservative,-1.609,18.57065748969034,0.5949968763079028,True
conservative,-1.608,18.494623670774324,0.5961432161540353,True
conservative,-1.607,18.418812470797015,0.5972891774594031,True
conservative,-1.606,18.343223571901916,0.5984347594142773,True
conservative,-1.605,18.267856654985387,0.5995799612080753,True
conservative,-1.604,18.192711399710213,0.600724782029364,True
conservative,-1.603,18.117787484518807,0.6018692210658644,True
conservative,-1.602,18.043084586646675,0.6030132775044525,True
conservative,-1.601,17.96860238213548,0.604156950531165,True
conservative,-1.6,17.89434054584636,0.605300239331202,True
conservative,-1.599,17.82029875147283,0.6064431430889315,True
conservative,-1.598,17.7464766715539,0.6075856609878889,True
conservative,-1.597,17.672873977486848,0.608727792210787,True
conservative,-1.596,17.599490339540246,0.6098695359395135,True
conservative,-1.595,17.52632542686654,0.6110108913551393,True
conservative,-1.594,17.45337890751486,0.6121518576379184,True
conservative,-1.593,17.38065044844357,0.6132924339672929,True
conservative,-1.592,17.30813971553286,0.6144326195218979,True
conservative,-1.591,17.235846373597138,0.6155724134795637,True
conservative,-1.59,17.16377008639752,0.6167118150173194,True
conservative,-1.589,17.091910516653993,0.617850823311398,True
conservative,-1.588,17.020267326057912,0.6189894375372381,True
conservative,-1.587,16.948840175283866,0.6201276568694906,True
conservative,-1.586,16.87762872400206,0.6212654804820188,True
conservative,-1.585,16.806632630890142,0.6224029075479054,True
conservative,-1.584,16.73585155364529,0.6235399372394549,True
conservative,-1.583,16.665285148996002,0.6246765687281972,True
conservative,-1.582,16.594933072714024,0.6258128011848925,True
conservative,-1.581,16.524794979625945,0.6269486337795342,True
conservative,-1.58,16.45487052362507,0.6280840656813537,True
conservative,-1.579,16.385159357682802,0.6292190960588245,True
conservative,-1.578,16.3156611338604,0.6303537240796642,True
conservative,-1.577,16.24637550332025,0.6314879489108418,True
conservative,-1.576,16.177302116337433,0.6326217697185784,True
conservative,-1.575,16.108440622310912,0.633755185668354,True
conservative,-1.574,16.039790669774927,0.6348881959249095,True
conservative,-1.573,15.971351906410082,0.636020799652253,True
conservative,-1.572,15.903123979054527,0.6371529960136606,True
conservative,-1.571,15.83510653371501,0.638284784171685,True
conservative,-1.57,15.767299215577893,0.6394161632881556,True
conservative,-1.569,15.699701669020003,0.640547132524186,True
conservative,-1.568,15.632313537619645,0.6416776910401746,True
conservative,-1.567,15.56513446416719,0.6428078379958133,True
conservative,-1.566,15.49816409067602,0.6439375725500879,True
conservative,-1.565,15.431402058393013,0.6450668938612849,True
conservative,-1.564,15.364848007809293,0.6461958010869937,True
conservative,-1.563,15.298501578670642,0.6473242933841137,True
conservative,-1.562,15.2323624099881,0.6484523699088564,True
conservative,-1.561,15.166430140048215,0.649580029816751,True
conservative,-1.56,15.100704406423564,0.6507072722626475,True
conservative,-1.559,15.035184845982894,0.6518340964007233,True
conservative,-1.558,14.96987109490143,0.6529605013844862,True
conservative,-1.557,14.904762788670967,0.6540864863667794,True
conservative,-1.556,14.839859562110057,0.6552120504997848,True
conservative,-1.555,14.775161049373908,0.65633719293503,True
conservative,-1.554,14.710666883964505,0.6574619128233913,True
conservative,-1.553,14.646376698740374,0.6585862093150986,True
conservative,-1.552,14.582290125926585,0.6597100815597393,True
conservative,-1.551,14.518406797124374,0.6608335287062647,True
conservative,-1.55,14.454726343321036,0.661956549902993,True
conservative,-1.549,14.391248394899455,0.6630791442976152,True
conservative,-1.548,14.327972581647808,0.6642013110371991,True
conservative,-1.547,14.26489853276905,0.6653230492681951,True
conservative,-1.546,14.20202587689046,0.6664443581364393,True
conservative,-1.545,14.139354242073026,0.66756523678716,True
conservative,-1.544,14.076883255820832,0.6686856843649811,True
conservative,-1.543,14.014612545090376,0.669805700013929,True
conservative,-1.542,13.952541736299844,0.6709252828774352,True
conservative,-1.541,13.890670455338242,0.6720444320983431,True
conservative,-1.54,13.828998327574652,0.6731631468189107,True
conservative,-1.539,13.767524977867168,0.6742814261808189,True
conservative,-1.538,13.706250030572082,0.6753992693251735,True
conservative,-1.537,13.645173109552687,0.6765166753925118,True
conservative,-1.536,13.584293838188364,0.6776336435228062,True
conservative,-1.535,13.523611839383282,0.6787501728554722,True
conservative,-1.534,13.46312673557533,0.6798662625293702,True
conservative,-1.533,13.402838148744753,0.680981911682813,True
conservative,-1.532,13.342745700422933,0.6820971194535684,True
conservative,-1.531,13.282849011700957,0.6832118849788685,True
conservative,-1.53,13.223147703238283,0.6843262073954103,True
conservative,-1.529,13.163641395271126,0.6854400858393643,True
conservative,-1.528,13.104329707621126,0.6865535194463778,True
conservative,-1.527,13.045212259703566,0.687666507351582,True
conservative,-1.526,12.986288670535911,0.6887790486895945,True
conservative,-1.525,12.927558558745977,0.6898911425945286,True
conservative,-1.524,12.869021542580317,0.6910027881999947,True
conservative,-1.523,12.810677239912314,0.692113984639109,True
conservative,-1.522,12.752525268250453,0.6932247310444953,True
conservative,-1.521,12.694565244746283,0.694335026548295,True
conservative,-1.52,12.636796786202632,0.6954448702821684,True
conservative,-1.519,12.579219509081438,0.6965542613773031,True
conservative,-1.518,12.521833029511846,0.6976631989644169,True
conservative,-1.517,12.464636963297984,0.6987716821737667,True
conservative,-1.516,12.40763092592689,0.6998797101351505,True
conservative,-1.515,12.350814532576276,0.7009872819779156,True
conservative,-1.514,12.294187398122272,0.7020943968309631,True
conservative,-1.513,12.23774913714709,0.7032010538227548,True
conservative,-1.512,12.181499363946772,0.704307252081315,True
conservative,-1.511,12.125437692538636,0.7054129907342427,True
conservative,-1.51,12.069563736668965,0.7065182689087114,True
conservative,-1.509,12.013877109820372,0.7076230857314778,True
conservative,-1.508,11.958377425219386,0.7087274403288871,True
conservative,-1.507,11.903064295843693,0.7098313318268781,True
conservative,-1.506,11.84793733442967,0.710934759350991,True
conservative,-1.505,11.792996153479496,0.71203772202637,True
conservative,-1.504,11.738240365268574,0.7131402189777726,True
conservative,-1.503,11.683669581852604,0.7142422493295729,True
conservative,-1.502,11.629283415074857,0.7153438122057699,True
conservative,-1.501,11.575081476573166,0.7164449067299911,True
conservative,-1.5,11.521063377787135,0.7175455320254991,True
conservative,-1.499,11.467228729965022,0.7186456872152007,True
conservative,-1.498,11.413577144170786,0.7197453714216474,True
conservative,-1.497,11.360108231291024,0.7208445837670455,True
conservative,-1.496,11.306821602041778,0.7219433233732624,True
conservative,-1.495,11.253716866975465,0.7230415893618296,True
conservative,-1.494,11.200793636487573,0.7241393808539512,True
conservative,-1.493,11.148051520823497,0.7252366969705106,True
conservative,-1.492,11.095490130085151,0.7263335368320741,True
conservative,-1.491,11.043109074237686,0.7274298995589,True
conservative,-1.49,10.99090796311606,0.7285257842709429,True
conservative,-1.489,10.938886406431633,0.7296211900878606,True
conservative,-1.488,10.887044013778654,0.7307161161290209,True
conservative,-1.487,10.835380394640792,0.7318105615135071,True
conservative,-1.486,10.783895158397495,0.7329045253601246,True
conservative,-1.485,10.732587914330466,0.7339980067874077,True
conservative,-1.484,10.681458271629921,0.7350910049136256,True
conservative,-1.483,10.630505839400982,0.7361835188567889,True
conservative,-1.482,10.579730226669852,0.7372755477346562,True
conservative,-1.481,10.529131042390121,0.7383670906647405,True
conservative,-1.48,10.47870789544885,0.7394581467643152,True
conservative,-1.479,10.4284603946728,0.7405487151504213,True
conservative,-1.478,10.378388148834448,0.7416387949398743,True
conservative,-1.477,10.328490766658089,0.7427283852492695,True
conservative,-1.476,10.2787678568258,0.7438174851949902,True
conservative,-1.475,10.229219027983468,0.7449060938932127,True
conservative,-1.474,10.17984388874665,0.7459942104599141,True
conservative,-1.473,10.130642047706527,0.7470818340108786,True
conservative,-1.472,10.081613113435683,0.7481689636617044,True
conservative,-1.471,10.032756694493974,0.7492555985278099,True
conservative,-1.47,9.98407239943424,0.7503417377244409,True
conservative,-1.469,9.935559836808086,0.7514273803666773,True
conservative,-1.468,9.887218615171491,0.7525125255694409,True
conservative,-1.467,9.839048343090559,0.7535971724474997,True
conservative,-1.466,9.791048629147014,0.7546813201154777,True
conservative,-1.465,9.74321908194386,0.7557649676878588,True
conservative,-1.464,9.695559310110845,0.7568481142789978,True
conservative,-1.463,9.648068922310014,0.7579307590031219,True
conservative,-1.462,9.600747527241081,0.7590129009743425,True
conservative,-1.461,9.55359473364694,0.76009453930666,True
conservative,-1.46,9.50661015031894,0.7611756731139714,True
conservative,-1.459,9.459793386102309,0.7622563015100755,True
conservative,-1.458,9.413144049901383,0.7633364236086837,True
conservative,-1.457,9.366661750684951,0.7644160385234228,True
conservative,-1.456,9.320346097491376,0.7654951453678459,True
conservative,-1.455,9.27419669943389,0.7665737432554364,True
conservative,-1.454,9.228213165705649,0.7676518312996174,True
conservative,-1.453,9.182395105584938,0.768729408613758,True
conservative,-1.452,9.13674212844017,0.7698064743111802,True
conservative,-1.451,9.091253843734995,0.7708830275051667,True
conservative,-1.45,9.045929861033228,0.7719590673089679,True
conservative,-1.449,9.000769790003927,0.7730345928358087,True
conservative,-1.448,8.9557732404262,0.774109603198898,True
conservative,-1.447,8.910939822194226,0.7751840975114318,True
conservative,-1.446,8.866269145322017,0.7762580748866048,True
conservative,-1.445,8.821760819948322,0.777331534437616,True
conservative,-1.444,8.777414456341358,0.7784044752776758,True
conservative,-1.443,8.73322966490364,0.7794768965200127,True
conservative,-1.442,8.689206056176603,0.7805487972778836,True
conservative,-1.441,8.645343240845424,0.7816201766645788,True
conservative,-1.44,8.601640829743538,0.7826910337934297,True
conservative,-1.439,8.558098433857372,0.783761367777817,True
conservative,-1.438,8.514715664330858,0.7848311777311789,True
conservative,-1.437,8.471492132470036,0.7859004627670161,True
conservative,-1.436,8.428427449747529,0.7869692219989025,True
conservative,-1.435,8.38552122780708,0.7880374545404902,True
conservative,-1.434,8.342773078467948,0.7891051595055196,True
conservative,-1.433,8.300182613729387,0.790172336007825,True
conservative,-1.432,8.257749445774971,0.7912389831613421,True
conservative,-1.431,8.215473186977032,0.7923051000801188,True
conservative,-1.43,8.17335344990088,0.7933706858783188,True
conservative,-1.429,8.131389847309194,0.7944357396702322,True
conservative,-1.428,8.08958199216619,0.7955002605702824,True
conservative,-1.427,8.047929497641938,0.7965642476930329,True
conservative,-1.426,8.006431977116454,0.7976277001531972,True
conservative,-1.425,7.965089044183978,0.798690617065645,True
conservative,-1.424,7.9239003126569925,0.7997529975454107,True
conservative,-1.423,7.882865396570416,0.8008148407077005,True
conservative,-1.422,7.8419839101856015,0.8018761456679018,True
conservative,-1.421,7.801255467994422,0.8029369115415897,True
conservative,-1.42,7.760679684723256,0.8039971374445356,True
conservative,-1.419,7.7202561753369805,0.8050568224927154,True
conservative,-1.418,7.679984555042881,0.8061159658023169,True
conservative,-1.417,7.6398644392946276,0.8071745664897473,True
conservative,-1.416,7.599895443796089,0.8082326236716438,True
conservative,-1.415,7.560077184505269,0.8092901364648774,True
conservative,-1.414,7.5204092776380485,0.810347103986566,True
conservative,-1.413,7.480891339672068,0.8114035253540783,True
conservative,-1.412,7.441522987350404,0.812459399685044,True
conservative,-1.411,7.40230383768541,0.8135147260973612,True
conservative,-1.41,7.363233507962314,0.8145695037092056,True
conservative,-1.409,7.324311615743008,0.8156237316390366,True
conservative,-1.408,7.285537778869603,0.8166774090056086,True
conservative,-1.407,7.246911615468136,0.8177305349279751,True
conservative,-1.406,7.208432743952081,0.818783108525502,True
conservative,-1.405,7.170100783026004,0.8198351289178711,True
conservative,-1.404,7.1319153516890115,0.8208865952250918,True
conservative,-1.403,7.09387606923834,0.8219375065675064,True
conservative,-1.402,7.05598255527277,0.822987862065802,True
conservative,-1.401,7.018234429696142,0.8240376608410158,True
conservative,-1.4,6.980631312720724,0.825086902014545,True
conservative,-1.399,6.943172824870666,0.8261355847081538,True
conservative,-1.398,6.905858586985324,0.8271837080439847,True
conservative,-1.397,6.868688220222642,0.8282312711445629,True
conservative,-1.396,6.831661346062438,0.8292782731328087,True
conservative,-1.395,6.794777586309733,0.8303247131320425,True
conservative,-1.394,6.758036563097968,0.831370590265996,True
conservative,-1.393,6.7214378988922965,0.8324159036588197,True
conservative,-1.392,6.684981216492737,0.8334606524350902,True
conservative,-1.391,6.648666139037421,0.8345048357198209,True
conservative,-1.39,6.612492290005689,0.8355484526384694,True
conservative,-1.389,6.57645929322128,0.836591502316946,True
conservative,-1.388,6.540566772855389,0.8376339838816228,True
conservative,-1.387,6.504814353429804,0.8386758964593412,True
conservative,-1.386,6.469201659819903,0.8397172391774227,True
conservative,-1.385,6.433728317257736,0.8407580111636752,True
conservative,-1.384,6.39839395133499,0.8417982115464032,True
conservative,-1.383,6.3631981880060104,0.8428378394544157,True
conservative,-1.382,6.328140653590714,0.8438768940170355,True
conservative,-1.381,6.29322097477756,0.8449153743641072,True
conservative,-1.38,6.258438778626418,0.8459532796260072,True
conservative,-1.379,6.223793692571492,0.8469906089336503,True
conservative,-1.378,6.189285344424132,0.8480273614185017,True
conservative,-1.377,6.15491336237571,0.8490635362125818,True
conservative,-1.376,6.120677375000391,0.8500991324484792,True
conservative,-1.375,6.086577011257962,0.8511341492593553,True
conservative,-1.374,6.05261190049654,0.8521685857789574,True
conservative,-1.373,6.018781672455345,0.8532024411416244,True
conservative,-1.372,5.985085957267426,0.8542357144822964,True
conservative,-1.371,5.9515243854622994,0.8552684049365253,True
conservative,-1.37,5.918096587968682,0.856300511640481,True
conservative,-1.369,5.884802196117068,0.8573320337309629,True
conservative,-1.368,5.851640841642414,0.8583629703454064,True
conservative,-1.367,5.818612156686683,0.8593933206218941,True
conservative,-1.366,5.785715773801458,0.8604230836991634,True
conservative,-1.365,5.752951325950466,0.8614522587166166,True
conservative,-1.364,5.720318446512142,0.8624808448143272,True
conservative,-1.363,5.687816769282086,0.8635088411330537,True
conservative,-1.362,5.655445928475611,0.864536246814244,True
conservative,-1.361,5.623205558730143,0.8655630610000477,True
conservative,-1.36,5.591095295107718,0.866589282833322,True
conservative,-1.359,5.559114773097356,0.867614911457644,True
conservative,-1.358,5.527263628617497,0.8686399460173181,True
conservative,-1.357,5.495541498018332,0.8696643856573856,True
conservative,-1.356,5.4639480180842135,0.8706882295236333,True
conservative,-1.355,5.432482826035926,0.8717114767626032,True
conservative,-1.354,5.40114555953306,0.872734126521601,True
conservative,-1.353,5.3699358566762445,0.873756177948707,True
conservative,-1.352,5.338853356009465,0.8747776301927823,True
conservative,-1.351,5.3078976965222635,0.8757984824034811,True
conservative,-1.35,5.277068517652029,0.8768187337312583,True
conservative,-1.349,5.2463654592861255,0.8778383833273786,True
conservative,-1.348,5.215788161764158,0.8788574303439259,True
conservative,-1.347,5.1853362658800695,0.8798758739338135,True
conservative,-1.346,5.155009412884345,0.8808937132507922,True
conservative,-1.345,5.124807244486081,0.88191094744946,True
conservative,-1.344,5.094729402855144,0.8829275756852721,True
conservative,-1.343,5.064775530624208,0.8839435971145485,True
conservative,-1.342,5.034945270890863,0.8849590108944846,True
conservative,-1.341,5.005238267219612,0.885973816183161,True
conservative,-1.34,4.975654163643956,0.8869880121395507,True
conservative,-1.339,4.946192604668335,0.8880015979235317,True
conservative,-1.338,4.916853235270174,0.8890145726958938,True
conservative,-1.337,4.887635700901804,0.8900269356183473,True
conservative,-1.336,4.858539647492448,0.8910386858535357,True
conservative,-1.335,4.82956472145011,0.8920498225650427,True
conservative,-1.334,4.800710569663531,0.8930603449174012,True
conservative,-1.333,4.771976839504036,0.8940702520761054,True
conservative,-1.332,4.743363178827443,0.8950795432076158,True
conservative,-1.331,4.714869235975883,0.8960882174793745,True
conservative,-1.33,4.686494659779672,0.8970962740598085,True
conservative,-1.329,4.65823909955909,0.8981037121183448,True
conservative,-1.328,4.630102205126218,0.8991105308254145,True
conservative,-1.327,4.602083626786673,0.9001167293524671,True
conservative,-1.326,4.57418301534142,0.9011223068719767,True
conservative,-1.325,4.54640002208847,0.9021272625574533,True
conservative,-1.324,4.518734298824647,0.903131595583451,True
conservative,-1.323,4.491185497847254,0.904135305125579,True
conservative,-1.322,4.4637532719558095,0.9051383903605096,True
conservative,-1.321,4.4364372744536755,0.9061408504659887,True
conservative,-1.32,4.409237159149755,0.907142684620845,True
conservative,-1.319,4.382152580360086,0.9081438920050005,True
conservative,-1.318,4.355183192909511,0.9091444717994775,True
conservative,-1.317,4.32832865213323,0.9101444231864116,True
conservative,-1.316,4.301588613878436,0.911143745349058,True
conservative,-1.315,4.274962734505836,0.9121424374718042,True
conservative,-1.314,4.2484506708912555,0.913140498740177,True
conservative,-1.313,4.222052080427117,0.9141379283408531,True
conservative,-1.312,4.195766621024017,0.9151347254616693,True
conservative,-1.311,4.169593951112172,0.9161308892916311,True
conservative,-1.31,4.143533729642962,0.9171264190209225,True
conservative,-1.309,4.11758561609034,0.9181213138409166,True
conservative,-1.308,4.091749270452344,0.9191155729441842,True
conservative,-1.307,4.06602435325248,0.920109195524504,True
conservative,-1.306,4.040410525541189,0.9211021807768709,True
conservative,-1.305,4.014907448897213,0.922094527897508,True
conservative,-1.304,3.9895147854290167,0.9230862360838742,True
conservative,-1.303,3.9642321977761306,0.9240773045346756,True
conservative,-1.302,3.9390593491105417,0.9250677324498725,True
conservative,-1.301,3.913995903137993,0.926057519030693,True
conservative,-1.3,3.8890415240993566,0.927046663479638,True
conservative,-1.299,3.8641958767718965,0.9280351650004954,True
conservative,-1.298,3.8394586264706105,0.9290230227983464,True
conservative,-1.297,3.8148294390494644,0.9300102360795771,True
conservative,-1.296,3.7903079809026994,0.9309968040518876,True
conservative,-1.295,3.7658939189660443,0.9319827259243012,True
conservative,-1.294,3.7415869207179813,0.9329680009071749,True
conservative,-1.293,3.717386654180934,0.9339526282122087,True
conservative,-1.292,3.6932927879225126,0.9349366070524545,True
conservative,-1.291,3.669304991056653,0.9359199366423291,True
conservative,-1.29,3.645422933244845,0.9369026161976184,True
conservative,-1.289,3.621646284697242,0.9378846449354924,True
conservative,-1.288,3.5979747161738582,0.9388660220745114,True
conservative,-1.287,3.57440789898565,0.9398467468346374,True
conservative,-1.286,3.5509455049956786,0.9408268184372438,True
conservative,-1.285,3.5275872066201743,0.9418062361051244,True
conservative,-1.284,3.504332676829662,0.9427849990625026,True
conservative,-1.283,3.4811815891499953,0.9437631065350435,True
conservative,-1.282,3.458133617663465,0.944740557749861,True
conservative,-1.281,3.4351884370097965,0.9457173519355292,True
conservative,-1.28,3.4123457223872284,0.9466934883220903,True
conservative,-1.279,3.3896051495534905,0.9476689661410672,True
conservative,-1.278,3.3669663948268513,0.9486437846254705,True
conservative,-1.277,3.344429135087068,0.9496179430098092,True
conservative,-1.276,3.321993047776404,0.9505914405301009,True
conservative,-1.275,3.2996578109005603,0.9515642764238806,True
conservative,-1.274,3.2774231030296597,0.9525364499302117,True
conservative,-1.273,3.2552886032991517,0.9535079602896946,True
conservative,-1.272,3.2332539914107747,0.954478806744475,True
conservative,-1.271,3.211318947633427,0.9554489885382589,True
conservative,-1.27,3.1894831528041117,0.9564185049163152,True
conservative,-1.269,3.1677462883287784,0.9573873551254911,True
conservative,-1.268,3.1461080361832363,0.9583555384142186,True
conservative,-1.267,3.1245680789139816,0.9593230540325264,True
conservative,-1.266,3.1031260996390766,0.9602899012320465,True
conservative,-1.265,3.0817817820489526,0.961256079266028,True
conservative,-1.264,3.0605348104072685,0.9622215873893432,True
conservative,-1.263,3.0393848695516805,0.9631864248584996,True
conservative,-1.262,3.0183316448946864,0.9641505909316475,True
conservative,-1.261,2.997374822424365,0.9651140848685927,True
conservative,-1.26,2.9765140887051893,0.9660769059308025,True
conservative,-1.259,2.955749130878754,0.9670390533814192,True
conservative,-1.258,2.935079636664558,0.9680005264852651,True
conservative,-1.257,2.9145052943607066,0.9689613245088579,True
conservative,-1.256,2.8940257928446735,0.9699214467204152,True
conservative,-1.255,2.873640821573973,0.9708808923898673,True
conservative,-1.254,2.8533500705869055,0.9718396607888652,True
conservative,-1.253,2.8331532305032043,0.9727977511907913,True
conservative,-1.252,2.813049992524753,0.9737551628707684,True
conservative,-1.251,2.7930400484362177,0.9747118951056701,True
conservative,-1.25,2.7731230906057323,0.9756679471741287,True
conservative,-1.249,2.7532988119855153,0.9766233183565471,True
conservative,-1.248,2.7335669061125136,0.9775780079351065,True
conservative,-1.247,2.7139270671090374,0.9785320151937772,True
conservative,-1.246,2.694378989683336,0.9794853394183279,True
conservative,-1.245,2.6749223691302353,0.9804379798963342,True
conservative,-1.244,2.6555569013316838,0.9813899359171907,True
conservative,-1.243,2.6362822827573753,0.9823412067721173,True
conservative,-1.242,2.6170982104652634,0.9832917917541717,True
conservative,-1.241,2.598004382102164,0.9842416901582572,True
conservative,-1.24,2.579000495904256,0.9851909012811334,True
conservative,-1.239,2.5600862506976525,0.9861394244214239,True
conservative,-1.238,2.5412613458988846,0.9870872588796276,True
conservative,-1.237,2.522525481515451,0.988034403958128,True
conservative,-1.236,2.5038783581462822,0.9889808589612024,True
conservative,-1.235,2.485319676982265,0.9899266231950297,True
conservative,-1.234,2.466849139806686,0.9908716959677043,True
conservative,-1.233,2.4484664489957404,0.9918160765892401,True
conservative,-1.232,2.430171307518951,0.9927597643715846,True
conservative,-1.231,2.4119634189396533,0.9937027586286253,True
conservative,-1.23,2.393842487415401,0.9946450586762007,True
conservative,-1.229,2.3758082176984265,0.9955866638321088,True
conservative,-1.228,2.3578603151360267,0.9965275734161176,True
conservative,-1.227,2.339998485671001,0.9974677867499736,True
conservative,-1.226,2.3222224358420247,0.9984073031574118,True
conservative,-1.225,2.30453187278406,0.9993461219641638,True
conservative,-1.224,2.2869265042287092,1.0002842424979699,False
conservative,-1.223,2.2694060385046133,1.0012216640885843,False
conservative,-1.222,2.251970184537777,1.0021583860677894,False
conservative,-1.221,2.2346186518519557,1.0030944077694006,False
conservative,-1.22,2.2173511505689554,1.0040297285292783,False
conservative,-1.219,2.200167391409004,1.004964347685337,False
conservative,-1.218,2.183067085691031,1.0058982645775532,False
conservative,-1.217,2.166049945333018,1.0068314785479757,False
conservative,-1.216,2.1491156828522664,1.0077639889407353,False
conservative,-1.215,2.1322640113657165,1.0086957951020525,False
conservative,-1.214,2.1154946445902114,1.0096268963802488,False
conservative,-1.213,2.09880729684279,1.0105572921257535,False
conservative,-1.212,2.08220168304093,1.0114869816911152,False
conservative,-1.211,2.0656775187028313,1.0124159644310091,False
conservative,-1.21,2.04923451994763,1.013344239702248,False
conservative,-1.209,2.032872403495672,1.0142718068637893,False
conservative,-1.208,2.016590886668709,1.0151986652767466,False
conservative,-1.207,2.00038968739015,1.016124814304396,False
conservative,-1.206,1.9842685241852391,1.0170502533121877,False
conservative,-1.205,1.9682271161812972,1.0179749816677537,False
conservative,-1.204,1.9522651831078757,1.018898998740918,False
conservative,-1.203,1.9363824452969784,1.019822303903703,False
conservative,-1.202,1.920578623683209,1.0207448965303432,False
conservative,-1.201,1.9048534398039634,1.0216667759972882,False
conservative,-1.2,1.8892066157995657,1.0225879416832173,False
conservative,-1.199,1.8736378744134483,1.0235083929690452,False
conservative,-1.198,1.8581469389922634,1.0244281292379318,False
conservative,-1.197,1.8427335334860477,1.0253471498752906,False
conservative,-1.196,1.827397382448323,1.0262654542687994,False
conservative,-1.195,1.8121382110362387,1.027183041808407,False
conservative,-1.194,1.7969557450106572,1.0280999118863432,False
conservative,-1.193,1.7818497107362827,1.029016063897127,False
conservative,-1.192,1.7668198351817261,1.029931497237577,False
conservative,-1.191,1.7518658459196224,1.0308462113068182,False
conservative,-1.19,1.7369874711266773,1.0317602055062918,False
conservative,-1.189,1.722184439583766,1.0326734792397634,False
conservative,-1.188,1.7074564806759704,1.0335860319133336,False
conservative,-1.187,1.692803324392658,1.0344978629354435,False
conservative,-1.186,1.6782247013275031,1.0354089717168868,False
conservative,-1.185,1.6637203426785512,1.0363193576708154,False
conservative,-1.184,1.6492899802482268,1.0372290202127508,False
conservative,-1.183,1.6349333464433804,1.0381379587605901,False
conservative,-1.182,1.6206501742752801,1.039046172734618,False
conservative,-1.181,1.606440197359646,1.0399536615575107,False
conservative,-1.18,1.592303149916625,1.0408604246543494,False
conservative,-1.179,1.578238766770812,1.041766461452625,False
conservative,-1.178,1.564246783351209,1.0426717713822495,False
conservative,-1.177,1.5503269356912301,1.0435763538755616,False
conservative,-1.176,1.5364789604286482,1.0444802083673377,False
conservative,-1.175,1.522702594805585,1.0453833342947996,False
conservative,-1.174,1.5089975766684434,1.046285731097622,False
conservative,-1.173,1.495363644467881,1.0471873982179412,False
conservative,-1.172,1.481800537258732,1.0480883351003645,False
conservative,-1.171,1.4683079946999624,1.0489885411919782,False
conservative,-1.17,1.4548857570545815,1.0498880159423545,False
conservative,-1.169,1.4415335651895826,1.0507867588035615,False
conservative,-1.168,1.4282511605758363,1.051684769230171,False
conservative,-1.167,1.4150382852880226,1.052582046679265,False
conservative,-1.166,1.401894682004509,1.053478590610448,False
conservative,-1.165,1.3888200940072681,1.0543744004858504,False
conservative,-1.164,1.3758142651817424,1.05526947577014,False
conservative,-1.163,1.3628769400167482,1.0561638159305275,False
conservative,-1.162,1.350007863604328,1.0570574204367786,False
conservative,-1.161,1.3372067816396411,1.0579502887612173,False
conservative,-1.16,1.3244734404208005,1.058842420378737,False
conservative,-1.159,1.3118075868487538,1.0597338147668072,False
conservative,-1.158,1.299208968427105,1.0606244714054833,False
conservative,-1.157,1.2866773332619825,1.0615143897774115,False
conservative,-1.156,1.2742124300618494,1.06240356936784,False
conservative,-1.155,1.261814008137356,1.0632920096646228,False
conservative,-1.154,1.2494818174011402,1.0641797101582333,False
conservative,-1.153,1.2372156083676655,1.0650666703417664,False
conservative,-1.152,1.2250151321530105,1.0659528897109507,False
conservative,-1.151,1.212880140474694,1.0668383677641518,False
conservative,-1.15,1.2008103856514505,1.067723104002386,False
conservative,-1.149,1.188805620603043,1.0686070979293214,False
conservative,-1.148,1.1768655988500303,1.0694903490512906,False
conservative,-1.147,1.164990074513564,1.0703728568772966,False
conservative,-1.146,1.1531788023151428,1.071254620919019,False
conservative,-1.145,1.1414315375764006,1.0721356406908242,False
conservative,-1.144,1.129748036218847,1.0730159157097712,False
conservative,-1.143,1.1181280547636447,1.0738954454956195,False
conservative,-1.142,1.1065713503313368,1.074774229570837,False
conservative,-1.141,1.0950776806416136,1.0756522674606062,False
conservative,-1.14,1.0836468040130283,1.076529558692834,False
conservative,-1.139,1.0722784793627513,1.0774061027981567,False
conservative,-1.138,1.0609724662062754,1.078281899309948,False
conservative,-1.137,1.0497285246571584,1.0791569477643272,False
conservative,-1.136,1.0385464154267168,1.0800312477001661,False
conservative,-1.135,1.027425899823758,1.0809047986590945,False
conservative,-1.134,1.0163667397542606,1.081777600185511,False
conservative,-1.133,1.0053686977210983,1.0826496518265867,False
conservative,-1.132,0.9944315368237082,1.0835209531322736,False
conservative,-1.131,0.9835550207578021,1.0843915036553133,False
conservative,-1.13,0.9727389138150255,1.0852613029512415,False
conservative,-1.129,0.961982980882659,1.0861303505783952,False
conservative,-1.128,0.9512869874432649,1.0869986460979233,False
conservative,-1.127,0.9406506995743766,1.087866189073789,False
conservative,-1.126,0.9300738839481393,1.088732979072779,False
conservative,-1.125,0.9195563078309839,1.0895990156645103,False
conservative,-1.124,0.9090977390832623,1.0904642984214363,False
conservative,-1.123,0.8986979461588984,1.0913288269188555,False
conservative,-1.122,0.8883566981050364,1.0921926007349148,False
conservative,-1.121,0.8780737645616589,1.0930556194506198,False
conservative,-1.12,0.8678489157612351,1.09391788264984,False
conservative,-1.119,0.8576819225283279,1.0947793899193152,False
conservative,-1.118,0.8475725562792321,1.0956401408486622,False
conservative,-1.117,0.8375205890215699,1.0965001350303822,False
conservative,-1.116,0.8275257933539206,1.0973593720598667,False
conservative,-1.115,0.8175879424654059,1.098217851535404,False
conservative,-1.114,0.8077068101353095,1.0990755730581856,False
conservative,-1.113,0.7978821707326534,1.099932536232313,False
conservative,-1.112,0.7881137992158065,1.100788740664804,False
conservative,-1.111,0.7784014711320522,1.1016441859655997,False
conservative,-1.11,0.768744962617187,1.1024988717475686,False
conservative,-1.109,0.7591440503950801,1.1033527976265156,False
conservative,-1.108,0.7495985117772602,1.1042059632211865,False
conservative,-1.107,0.7401081246624662,1.1050583681532749,False
conservative,-1.106,0.7306726675362276,1.105910012047428,False
conservative,-1.105,0.721291919470402,1.1067608945312535,False
conservative,-1.104,0.711965660122748,1.1076110152353245,False
conservative,-1.103,0.7026936697364541,1.1084603737931864,False
conservative,-1.102,0.6934757291397016,1.1093089698413625,False
conservative,-1.101,0.684311619745186,1.1101568030193605,False
conservative,-1.1,0.675201123549668,1.1110038729696774,False
conservative,-1.099,0.6661440231334892,1.1118501793378062,False
conservative,-1.098,0.6571401016601129,1.1126957217722413,False
conservative,-1.097,0.6481891428756307,1.1135404999244856,False
conservative,-1.096,0.6392909311082943,1.114384513449053,False
conservative,-1.095,0.6304452512680151,1.115227762003479,False
conservative,-1.094,0.6216518888458863,1.1160702452483207,False
conservative,-1.093,0.6129106299136731,1.1169119628471675,False
conservative,-1.092,0.6042212611233281,1.1177529144666436,False
conservative,-1.091,0.5955835697064721,1.1185930997764146,False
conservative,-1.09,0.5869973434739008,1.1194325184491922,False
conservative,-1.089,0.578462370815058,1.120271170160741,False
conservative,-1.088,0.5699784406975341,1.1211090545898839,False
conservative,-1.087,0.5615453426665298,1.1219461714185044,False
conservative,-1.086,0.5531628668443481,1.1227825203315558,False
conservative,-1.085,0.5448308039298493,1.1236181010170656,False
conservative,-1.084,0.5365489451979342,1.1244529131661378,False
conservative,-1.083,0.528317082498992,1.1252869564729622,False
conservative,-1.082,0.5201350082583754,1.1261202306348168,False
conservative,-1.081,0.512002515475841,1.1269527353520743,False
conservative,-1.08,0.503919397725015,1.1277844703282054,False
conservative,-1.079,0.4958854491528275,1.1286154352697861,False
conservative,-1.078,0.4879004644789701,1.129445629886501,False
conservative,-1.077,0.4799642389953219,1.1302750538911488,False
conservative,-1.076,0.47207656856540015,1.131103706999647,False
conservative,-1.075,0.464237249623778,1.1319315889310373,False
conservative,-1.074,0.4564460791755283,1.132758699407489,False
conservative,-1.073,0.44870285479563415,1.1335850381543053,False
conservative,-1.072,0.44100737462842365,1.1344106048999265,False
conservative,-1.071,0.4333594373869747,1.135235399375936,False
conservative,-1.07,0.42575884235254213,1.1360594213170647,False
conservative,-1.069,0.4182053893739552,1.1368826704611938,False
conservative,-1.068,0.41069887886703654,1.1377051465493617,False
conservative,-1.067,0.4032391118139932,1.1385268493257672,False
conservative,-1.066,0.3958258897628294,1.1393477785377735,False
conservative,-1.065,0.3884590148267295,1.1401679339359139,False
conservative,-1.064,0.3811382896834631,1.1409873152738939,False
conservative,-1.063,0.3738635175747622,1.1418059223085986,False
conservative,-1.062,0.3666345023057193,1.1426237548000937,False
conservative,-1.061,0.35945104824415675,1.1434408125116322,False
conservative,-1.06,0.352312960320019,1.1442570952096565,False
conservative,-1.059,0.3452200440247348,1.1450726026638043,False
conservative,-1.058,0.33817210541060244,1.1458873346469103,False
conservative,-1.057,0.3311689510901456,1.146701290935013,False
conservative,-1.056,0.32421038823549175,1.1475144713073564,False
conservative,-1.055,0.31729622457772166,1.1483268755463947,False
conservative,-1.054,0.31042626840624127,1.149138503437796,False
conservative,-1.053,0.303600328568124,1.1499493547704467,False
conservative,-1.052,0.29681821446747664,1.1507594293364531,False
conservative,-1.051,0.2900797360647761,1.1515687269311492,False
conservative,-1.05,0.283384703876227,1.1523772473530947,False
conservative,-1.049,0.276732928973094,1.1531849904040832,False
conservative,-1.048,0.270124222981052,1.1539919558891445,False
conservative,-1.047,0.2635583980795123,1.1547981436165466,False
conservative,-1.046,0.25703526700096707,1.1556035533978009,False
conservative,-1.045,0.2505546430303092,1.1564081850476648,False
conservative,-1.044,0.24411634000417035,1.157212038384144,False
conservative,-1.043,0.23772017231023493,1.1580151132284986,False
conservative,-1.042,0.23136595488657236,1.1588174094052432,False
conservative,-1.041,0.22505350322094478,1.1596189267421524,False
conservative,-1.04,0.21878263335013345,1.1604196650702625,False
conservative,-1.039,0.2125531618592406,1.1612196242238741,False
conservative,-1.038,0.20636490588101,1.162018804040558,False
conservative,-1.037,0.20021768309512256,1.1628172043611549,False
conservative,-1.036,0.19411131172751211,1.163614825029779,False
conservative,-1.035,0.18804561054965466,1.1644116658938237,False
conservative,-1.034,0.18202039887787796,1.16520772680396,False
conservative,-1.033,0.1760354965726461,1.1660030076141419,False
conservative,-1.032,0.17009072403786304,1.1667975081816098,False
conservative,-1.031,0.16418590222015175,1.1675912283668906,False
conservative,-1.03,0.15832085260815182,1.1683841680338027,False
conservative,-1.029,0.15249539723179367,1.1691763270494575,False
conservative,-1.028,0.1467093586615903,1.1699677052842612,False
conservative,-1.027,0.14096256000790655,1.1707583026119188,False
conservative,-1.026,0.13525482492024501,1.1715481189094352,False
conservative,-1.025,0.12958597758651003,1.1723371540571184,False
conservative,-1.024,0.12395584273228896,1.1731254079385813,False
conservative,-1.023,0.11836424562011003,1.1739128804407446,False
conservative,-1.022,0.11281101204871878,1.1746995714538375,False
conservative,-1.021,0.10729596835233104,1.1754854808714021,False
conservative,-1.02,0.1018189413999039,1.176270608590293,False
conservative,-1.019,0.09637975859438368,1.1770549545106812,False
conservative,-1.018,0.09097824787197166,1.1778385185360556,False
conservative,-1.017,0.08561423770136764,1.1786213005732238,False
conservative,-1.016,0.08028755708303001,1.179403300532316,False
conservative,-1.015,0.07499803554841458,1.1801845183267852,False
conservative,-1.014,0.0697455031592301,1.1809649538734102,False
conservative,-1.013,0.06452979050667186,1.1817446070922952,False
conservative,-1.012,0.05935072871067229,1.1825234779068747,False
conservative,-1.011,0.05420814941913033,1.1833015662439115,False
conservative,-1.01,0.049101884807156645,1.1840788720335018,False
conservative,-1.009,0.04403176757629854,1.184855395209074,False
conservative,-1.008,0.03899763095378073,1.1856311357073899,False
conservative,-1.007,0.033999308691725266,1.1864060934685507,False
conservative,-1.006,0.02903663506638772,1.1871802684359916,False
conservative,-1.005,0.02410944487737291,1.1879536605564882,False
conservative,-1.004,0.019217573446866087,1.1887262697801553,False
conservative,-1.003,0.014360856618844509,1.1894980960604493,False
conservative,-1.002,0.009539130758303965,1.1902691393541684,False
conservative,-1.001,0.004752232750465986,1.1910393996214543,False
optimistic,-2.499,0.4091289904646799,2.857142857142857,False
optimistic,-2.498,0.8156978419681459,2.857142857142857,False
optimistic,-2.497,1.2197177005497202,2.857142857142857,False
optimistic,-2.496,1.6211996714221304,2.857142857142857,False
optimistic,-2.495,2.0201548191074568,2.857142857142857,False
optimistic,-2.494,2.416594167570864,2.857142857142857,False
optimistic,-2.493,2.8105287003549932,2.857142857142857,False
optimistic,-2.492,3.201969360712895,2.857142857142857,False
optimistic,-2.491,3.5909270517422844,2.857142857142857,False
optimistic,-2.49,3.9774126365176525,2.8571428571428545,False
optimistic,-2.489,4.361436938223008,2.857142857142788,False
optimistic,-2.488,4.743010740283168,2.8571428571418975,False
optimistic,-2.487,5.1221447864963885,2.857142857134005,False
optimistic,-2.486,5.498849781164832,2.8571428570834225,False
optimistic,-2.485,5.873136389225683,2.8571428568332733,False
optimistic,-2.484,6.24501523638086,2.8571428558308862,False
optimistic,-2.483,6.614496909227967,2.857142852451611,False
optimistic,-2.482,6.9815919553891925,2.8571428425826584,False
optimistic,-2.481,7.346310883640819,2.85714281703129,False
optimistic,-2.48,7.708664164041321,2.8571427572897155,False
optimistic,-2.479,8.068662228060726,2.8571426292499664,False
optimistic,-2.478,8.42631546870791,2.85714237461675,False
optimistic,-2.477,8.781634240658548,2.857141899990031,False
optimistic,-2.476,9.134628860381602,2.85714106384106,False
optimistic,-2.475,9.485309606267109,2.8571396618423126,False
optimistic,-2.474,9.833686718751942,2.8571374111978876,False
optimistic,-2.473,10.179770400446097,2.8571339347348825,False
optimistic,-2.472,10.52357081625775,2.8571287455515595,False
optimistic,-2.471,10.865098093519391,2.8571212329807874,False
optimistic,-2.47,11.20436232211202,2.8571106505315216,False
optimistic,-2.469,11.541373554589972,2.8570961063354208,False
optimistic,-2.468,11.876141806304362,2.857076556468692,False
optimistic,-2.467,12.208677055527655,2.857050801357736,False
optimistic,-2.466,12.538989243576419,2.8570174853242176,False
optimistic,-2.465,12.867088274934517,2.8569750991902265,False
optimistic,-2.464,13.19298401737507,2.8569219857526527,False
optimistic,-2.463,13.516686302083558,2.856856347850284,False
optimistic,-2.462,13.838204923778926,2.856776258687179,False
optimistic,-2.461,14.157549640835384,2.8566796740397793,False
optimistic,-2.46,14.474730175402819,2.8565644459599944,False
optimistic,-2.459,14.78975621352832,2.8564283375886195,False
optimistic,-2.458,15.102637405275916,2.8562690387091965,False
optimistic,-2.457,15.413383364846764,2.8560841816983804,False
optimistic,-2.456,15.722003670698141,2.8558713575617336,False
optimistic,-2.455,16.028507865663457,2.8556281317809584,False
optimistic,-2.454,16.332905457070503,2.8553520597375877,False
optimistic,-2.453,16.635205916860148,2.8550407015172414,False
optimistic,-2.452,16.935418681703894,2.8546916359364256,False
optimistic,-2.451,17.233553153122404,2.8543024736693767,False
optimistic,-2.45,17.529618697602242,2.853870869385126,False
optimistic,-2.449,17.823624646713192,2.8533945328342236,False
optimistic,-2.448,18.115580297224298,2.852871238850375,False
optimistic,-2.447,18.405494911220902,2.852298836254455,False
optimistic,-2.446,18.693377716220063,2.851675255667245,False
optimistic,-2.445,18.979237905286286,2.850998516252775,False
optimistic,-2.444,19.2630846371462,2.8502667314267995,False
optimistic,-2.443,19.54492703630417,2.8494781135748197,False
optimistic,-2.442,19.824774193156244,2.8486309778315717,False
optimistic,-2.441,20.10263516410445,2.8477237449792803,False
optimistic,-2.44,20.37851897167015,2.8467549435255557,False
optimistic,-2.439,20.652434604608075,2.8457232110238078,False
optimistic,-2.438,20.924391018018948,2.8446272946997886,False
optimistic,-2.437,21.1943971334624,2.843466051447512,False
optimistic,-2.436,21.46246183906881,2.8422384472565843,False
optimistic,-2.435,21.72859398965206,2.8409435561310876,False
optimistic,-2.434,21.992802406820708,2.8395805585577163,False
optimistic,-2.433,22.255095879089446,2.83814873957808,False
optimistic,-2.432,22.51548316198967,2.8366474865169753,False
optimistic,-2.431,22.773972978180772,2.8350762864151813,False
optimistic,-2.43,23.030574017559868,2.8334347232119805,False
optimistic,-2.429,23.28529493737208,2.8317224747192173,False
optimistic,-2.428,23.53814436231951,2.829939309425368,False
optimistic,-2.427,23.78913088467132,2.8280850831647912,False
optimistic,-2.426,24.038263064372014,2.826159735684178,False
optimistic,-2.425,24.28554942915033,2.8241632871351383,False
optimistic,-2.424,24.530998474627015,2.8220958345189886,False
optimistic,-2.423,24.774618664423304,2.819957548107022,False
optimistic,-2.422,25.016418430268097,2.8177486678570123,False
optimistic,-2.421,25.256406172105347,2.815469499844243,False
optimistic,-2.42,25.494590258200525,2.8131204127231637,False
optimistic,-2.419,25.730979025247827,2.8107018342336545,False
optimistic,-2.418,25.96558077847594,2.808214247764035,False
optimistic,-2.417,26.198403791754103,2.805658188981154,False
optimistic,-2.416,26.42945630769733,2.8030342425363357,False
optimistic,-2.415,26.658746537772153,2.8003430388544905,False
optimistic,-2.414,26.88628266240123,2.797585251012407,False
optimistic,-2.413,27.112072831067973,2.7947615917110413,False
optimistic,-2.412,27.336125162420515,2.791872810345565,False
optimistic,-2.411,27.558447744376117,2.788919690175972,False
optimistic,-2.41,27.779048634224477,2.7859030456002234,False
optimistic,-2.409,27.99793585873112,2.7828237195311325,False
optimistic,-2.408,28.21511741423993,2.779682580877535,False
optimistic,-2.407,28.430601266776485,2.7764805221297184,False
optimistic,-2.406,28.644395352149814,2.7732184570485665,False
optimistic,-2.405,28.85650757605468,2.769897318457442,False
optimistic,-2.404,29.066945814172847,2.7665180561354483,False
optimistic,-2.403,29.275717912275,2.763081634810368,False
optimistic,-2.402,29.482831686321383,2.759589032249348,False
optimistic,-2.401,29.688294922562648,2.7560412374451273,False
optimistic,-2.4,29.89211537764006,2.7524392488954343,False
optimistic,-2.399,30.09430077868593,2.748784072973024,False
optimistic,-2.398,30.294858823423176,2.745076722383717,False
optimistic,-2.397,30.493797180264906,2.741318214709685,False
optimistic,-2.396,30.691123488413165,2.737509571035206,False
optimistic,-2.395,30.886845357958414,2.733651814651993,False
optimistic,-2.394,31.08097036997766,2.729745969841277,False
optimistic,-2.393,31.27350607663281,2.7257930607297234,False
optimistic,-2.392,31.464460001268318,2.721794110216341,False
optimistic,-2.391,31.65383963850926,2.7177501389674954,False
optimistic,-2.39,31.841652454358325,2.713662164477252,False
optimistic,-2.389,32.02790588629293,2.7095312001902405,False
optimistic,-2.388,32.21260734336167,2.705358254684331,False
optimistic,-2.387,32.39576420628115,2.7011443309104313,False
optimistic,-2.386,32.57738382753172,2.6968904254868233,False
optimistic,-2.385,32.7574735314535,2.6925975280454764,False
optimistic,-2.384,32.93604061434149,2.6882666206278785,False
optimistic,-2.383,33.11309234454127,2.683898677127964,False
optimistic,-2.382,33.288635962543545,2.6794946627798453,False
optimistic,-2.381,33.4626786810789,2.6750555336880706,False
optimistic,-2.38,33.635227685211866,2.6705822363982628,False
optimistic,-2.379,33.806290132435244,2.666075707506008,False
optimistic,-2.378,33.97587315276359,2.6615368733020226,False
optimistic,-2.377,34.1439838488268,2.6569666494516184,False
optimistic,-2.376,34.31062929596284,2.6523659407066353,False
optimistic,-2.375,34.475816542311094,2.647735640648012,False
optimistic,-2.374,34.63955260890459,2.643076631457323,False
optimistic,-2.373,34.8018444897623,2.638389783715607,False
optimistic,-2.372,34.96269915198115,2.633675956227929,False
optimistic,-2.371,35.12212353582746,2.6289359958721694,False
optimistic,-2.37,35.280124554828696,2.624170737470591,False
optimistic,-2.369,35.43670909586427,2.6193810036828373,False
optimistic,-2.368,35.5918840192565,2.6145676049190327,False
optimistic,-2.367,35.74565615886087,2.6097313392717534,False
optimistic,-2.366,35.898032322156666,2.604872992465656,False
optimistic,-2.365,36.04901929033664,2.599993337823668,False
optimistic,-2.364,36.19862381839682,2.5950931362486362,False
optimistic,-2.363,36.34685263522557,2.5901731362194345,False
optimistic,-2.362,36.49371244369322,2.5852340738005237,False
optimistic,-2.361,36.639209920740534,2.5802766726640893,False
optimistic,-2.36,36.783351717467355,2.5753016441238388,False
optimistic,-2.359,36.92614445922069,2.5703096871796673,False
optimistic,-2.358,37.067594745683046,2.565301488572357,False
optimistic,-2.357,37.20770915095983,2.5602777228476183,False
optimistic,-2.356,37.34649422366705,2.5552390524287283,False
optimistic,-2.355,37.48395648701805,2.550186127697126,False
optimistic,-2.354,37.62010243891085,2.5451195870803014,False
optimistic,-2.353,37.75493855201458,2.54004005714642,False
optimistic,-2.352,37.88847127385575,2.534948152705088,False
optimistic,-2.351,38.02070702690426,2.5298444769137545,False
optimistic,-2.35,38.15165220865947,2.524729621389208,False
optimistic,-2.349,38.28131319173543,2.5196041663237447,False
optimistic,-2.348,38.40969632394637,2.5144686806055234,False
optimistic,-2.347,38.53680792839129,2.509323721942714,False
optimistic,-2.346,38.66265430353925,2.504169836991008,False
optimistic,-2.345,38.787241723313315,2.4990075614841727,False
optimistic,-2.344,38.91057643717503,2.493837420367244,False
optimistic,-2.343,39.0326646702081,2.488659927932083,False
optimistic,-2.342,39.15351262320226,2.4834755879549277,False
optimistic,-2.341,39.27312647273658,2.4782848938357116,False
optimistic,-2.34,39.39151237126256,2.473088328738838,False
optimistic,-2.339,39.5086764471869,2.4678863657351795,False
optimistic,-2.338,39.62462480495434,2.4626794679450343,False
optimistic,-2.337,39.73936352512973,2.4574680886818605,False
optimistic,-2.336,39.85289866448038,2.4522526715965465,False
optimistic,-2.335,39.96523625605753,2.4470336508220445,False
optimistic,-2.334,40.07638230927818,2.4418114511181654,False
optimistic,-2.333,40.18634281000635,2.436586488016391,False
optimistic,-2.332,40.295123720634045,2.431359167964533,False
optimistic,-2.331,40.402730980161984,2.4261298884711064,False
optimistic,-2.33,40.509170504280334,2.42089903824925,False
optimistic,-2.329,40.61444818544879,2.4156669973601175,False
optimistic,-2.328,40.71856989297677,2.4104341373555846,False
optimistic,-2.327,40.82154147310285,2.4052008214201948,False
optimistic,-2.326,40.92336874907474,2.399967404512206,False
optimistic,-2.325,41.02405752122818,2.394734233503697,False
optimistic,-2.324,41.12361356706617,2.389501647319612,False
optimistic,-2.323,41.22204264133752,2.384269977075695,False
optimistic,-2.322,41.31935047611553,2.3790395462152105,False
optimistic,-2.321,41.41554278087625,2.3738106706444273,False
optimistic,-2.32,41.5106252425764,2.368583658866777,False
optimistic,-2.319,41.604603525731115,2.3633588121156617,False
optimistic,-2.318,41.69748327249162,2.3581364244858256,False
optimistic,-2.317,41.78927010272233,2.352916783063293,False
optimistic,-2.316,41.879969614078064,2.3477001680538048,False
optimistic,-2.315,41.96958738208048,2.342486852909743,False
optimistic,-2.314,42.05812896019511,2.3372771044554757,False
optimistic,-2.313,42.14559987990724,2.332071183011149,False
optimistic,-2.312,42.232005650798236,2.3268693425148634,False
optimistic,-2.311,42.31735176062104,2.321671830643243,False
optimistic,-2.31,42.401643675376086,2.316478888930349,False
optimistic,-2.309,42.484886839386505,2.3112907528849655,False
optimistic,-2.308,42.56708667537307,2.306107652106217,False
optimistic,-2.307,42.64824858452921,2.3009298103975304,False
optimistic,-2.306,42.72837794659563,2.2957574458789103,False
optimistic,-2.305,42.80748011993461,2.290590771097557,False
optimistic,-2.304,42.88556044160415,2.285429993136801,False
optimistic,-2.303,42.96262422743187,2.2802753137233793,False
optimistic,-2.302,43.03867677208882,2.2751269293330147,False
optimistic,-2.301,43.113723349162676,2.2699850312943552,False
optimistic,-2.3,43.18776921123112,2.264849805891238,False
optimistic,-2.299,43.260819589934755,2.259721434463316,False
optimistic,-2.298,43.332879696049766,2.254600093505016,False
optimistic,-2.297,43.403954719560666,2.249485954762888,False
optimistic,-2.296,43.47404982973216,2.2443791853313106,False
optimistic,-2.295,43.54317017518156,2.239279947746607,False
optimistic,-2.294,43.611320883950434,2.234188400079534,False
optimistic,-2.293,43.678507063576205,2.2291046960262078,False
optimistic,-2.292,43.744733801163505,2.224028984997446,False
optimistic,-2.291,43.81000616345532,2.218961412206569,False
optimistic,-2.29,43.874329196903815,2.213902118755636,False
optimistic,-2.289,43.937707927741215,2.2088512417201787,False
optimistic,-2.288,44.00014736205,2.2038089142324138,False
optimistic,-2.287,44.06165248583321,2.1987752655629826,False
optimistic,-2.286,44.12222826508451,2.193750421201189,False
optimistic,-2.285,44.18187964585797,2.1887345029338077,False
optimistic,-2.284,44.240611554337555,2.1837276289224428,False
optimistic,-2.283,44.2984288969064,2.178729913779482,False
optimistic,-2.282,44.35533656021605,2.173741468642623,False
optimistic,-2.281,44.41133941125533,2.16876240124805,False
optimistic,-2.28,44.466442297418936,2.163792816002229,False
optimistic,-2.279,44.52065004657583,2.1588328140523734,False
optimistic,-2.278,44.57396746713771,2.153882493355569,False
optimistic,-2.277,44.62639934812681,2.148941948746613,False
optimistic,-2.276,44.677950459243725,2.1440112720045557,False
optimistic,-2.275,44.72862555093501,2.139090551917989,False
optimistic,-2.274,44.77842935446061,2.1341798743490714,False
optimistic,-2.273,44.82736658196091,2.1292793222963424,False
optimistic,-2.272,44.87544192652366,2.1243889759563213,False
optimistic,-2.271,44.922660062250785,2.1195089127839273,False
optimistic,-2.27,44.96902564432477,2.1146392075517118,False
optimistic,-2.269,45.014543309075044,2.1097799324079585,False
optimistic,-2.268,45.05921767404398,2.104931156933647,False
optimistic,-2.267,45.10305333805283,2.1000929481983066,False
optimistic,-2.266,45.146054881267325,2.095265370814765,False
optimistic,-2.265,45.18822686526317,2.0904484869928384,False
optimistic,-2.264,45.2295738330912,2.0856423565919493,False
optimistic,-2.263,45.27010030934242,2.0808470371727292,False
optimistic,-2.262,45.309810800212944,2.0760625840475675,False
optimistic,-2.261,45.34870979356839,2.0712890503301877,False
optimistic,-2.26,45.386801759008506,2.0665264869842215,False
optimistic,-2.259,45.424091147931165,2.0617749428708296,False
optimistic,-2.258,45.46058239359644,2.0570344647953536,False
optimistic,-2.257,45.496279911190406,2.0523050975530515,False
optimistic,-2.256,45.531188097888744,2.0475868839739095,False
optimistic,-2.255,45.56531133291993,2.0428798649665625,False
optimistic,-2.254,45.5986539776286,2.0381840795613124,False
optimistic,-2.253,45.63122037553847,2.033499564952302,False
optimistic,-2.252,45.66301485241508,2.028826356538826,False
optimistic,-2.251,45.69404171632831,2.0241644879658125,False
optimistic,-2.25,45.72430525771473,2.0195139911634756,False
optimistic,-2.249,45.75380974943998,2.0148748963861762,False
optimistic,-2.248,45.782559446860354,2.0102472322504843,False
optimistic,-2.247,45.81055858788497,2.005631025772473,False
optimistic,-2.246,45.83781139303691,2.001026302404257,False
optimistic,-2.245,45.86432206551493,1.9964330860697677,False
optimistic,-2.244,45.890094791254484,1.991851399199819,False
optimistic,-2.243,45.91513373898866,1.9872812627664445,False
optimistic,-2.242,45.939443060308975,1.9827226963165414,False
optimistic,-2.241,45.96302688972604,1.9781757180048056,False
optimistic,-2.24,45.98588934472982,1.973640344626015,False
optimistic,-2.239,46.00803452584982,1.9691165916466293,False
optimistic,-2.238,46.02946651671522,1.9646044732357595,False
optimistic,-2.237,46.05018938411452,1.960104002295477,False
optimistic,-2.236,46.07020717805515,1.9556151904905152,False
optimistic,-2.235,46.089523931823074,1.9511380482773526,False
optimistic,-2.234,46.108143662041705,1.9466725849326985,False
optimistic,-2.233,46.12607036873124,1.9422188085813776,False
optimistic,-2.232,46.14330803536726,1.9377767262236543,False
optimistic,-2.231,46.159860628939555,1.933346343761978,False
optimistic,-2.23,46.175732100010414,1.928927666027184,False
optimistic,-2.229,46.1909263827731,1.924520696804138,False
optimistic,-2.228,46.20544739510972,1.92012543885686,False
optimistic,-2.227,46.21929903864936,1.915741893953116,False
optimistic,-2.226,46.232485198825465,1.9113700628885106,False
optimistic,-2.225,46.24500974493372,1.9070099455100604,False
optimistic,-2.224,46.256876530189125,1.902661540739289,False
optimistic,-2.223,46.26808939178328,1.8983248465948346,False
optimistic,-2.222,46.278652150941255,1.8939998602145929,False
optimistic,-2.221,46.2885686129785,1.889686577877381,False
optimistic,-2.22,46.297842567357264,1.8853849950241652,False
optimistic,-2.219,46.3064777877432,1.8810951062788328,False
optimistic,-2.218,46.31447803206144,1.8768169054685424,False
optimistic,-2.217,46.321847042552726,1.8725503856436239,False
optimistic,-2.216,46.328588545829305,1.8682955390970863,False
optimistic,-2.215,46.33470625293049,1.8640523573836962,False
optimistic,-2.214,46.34020385937824,1.8598208313386768,False
optimistic,-2.213,46.3450850452326,1.855600951095982,False
optimistic,-2.212,46.34935347514659,1.8513927061062176,False
optimistic,-2.211,46.35301279842145,1.847196085154164,False
optimistic,-2.21,46.35606664906122,1.8430110763759435,False
optimistic,-2.209,46.358518645827424,1.8388376672758107,False
optimistic,-2.208,46.360372392293584,1.8346758447425997,False
optimistic,-2.207,46.36163147689929,1.830525595065818,False
optimistic,-2.206,46.36229947300451,1.8263869039514076,False
optimistic,-2.205,46.3623799389433,1.8222597565371574,False
optimistic,-2.204,46.36187641807759,1.8181441374078042,False
optimistic,-2.203,46.36079243885089,1.8140400306098037,False
optimistic,-2.202,46.3591315148414,1.809947419665799,False
optimistic,-2.201,46.35689714481548,1.8058662875887639,False
optimistic,-2.2,46.35409281278047,1.8017966168958637,False
optimistic,-2.199,46.35072198803772,1.797738389622009,False
optimistic,-2.198,46.34678812523518,1.7936915873331318,False
optimistic,-2.197,46.34229466442,1.7896561911391644,False
optimistic,-2.196,46.337245031090745,1.7856321817067529,False
optimistic,-2.195,46.33164263624971,1.7816195392716931,False
optimistic,-2.194,46.325490876454914,1.7776182436511119,False
optimistic,-2.193,46.3187931338718,1.7736282742553675,False
optimistic,-2.192,46.311552776325115,1.7696496100997126,False
optimistic,-2.191,46.30377315735023,1.7656822298156998,False
optimistic,-2.19,46.2954576162446,1.761726111662352,False
optimistic,-2.189,46.28660947811884,1.7577812335370735,False
optimistic,-2.188,46.277232053947735,1.7538475729863452,False
optimistic,-2.187,46.267328640621244,1.749925107216182,False
optimistic,-2.186,46.256902520994856,1.7460138131023706,False
optimistic,-2.185,46.2459569639403,1.7421136672004733,False
optimistic,-2.184,46.234495224395985,1.7382246457556305,False
optimistic,-2.183,46.222520543416806,1.734346724712144,False
optimistic,-2.182,46.21003614822461,1.7304798797228604,False
optimistic,-2.181,46.19704525225763,1.7266240861583362,False
optimistic,-2.18,46.18355105522046,1.7227793191158214,False
optimistic,-2.179,46.169556743133455,1.7189455534280373,False
optimistic,-2.178,46.15506548838206,1.715122763671773,False
optimistic,-2.177,46.140080449766074,1.7113109241762814,False
optimistic,-2.176,46.124604772548714,1.707510009031503,False
optimistic,-2.175,46.108641588505385,1.7037199920961101,False
optimistic,-2.174,46.09219401597248,1.699940847005375,False
optimistic,-2.173,46.07526515989587,1.6961725471788558,False
optimistic,-2.172,46.05785811187942,1.6924150658279302,False
optimistic,-2.171,46.03997595023314,1.6886683759631533,False
optimistic,-2.17,46.02162174002125,1.6849324504014624,False
optimistic,-2.169,46.00279853311015,1.6812072617732106,False
optimistic,-2.168,45.9835093682162,1.6774927825290593,False
optimistic,-2.167,45.96375727095331,1.6737889849467091,False
optimistic,-2.166,45.943545253880345,1.670095841137494,False
optimistic,-2.165,45.92287631654857,1.666413323052813,False
optimistic,-2.164,45.901753445548586,1.6627414024904341,False
optimistic,-2.163,45.880179614557555,1.6590800511006483,False
optimistic,-2.162,45.85815778438585,1.6554292403923014,False
optimistic,-2.161,45.83569090302382,1.6517889417386713,False
optimistic,-2.16,45.8127819056883,1.6481591263832296,False
optimistic,-2.159,45.789433714869006,1.6445397654452696,False
optimistic,-2.158,45.76564924037469,1.640930829925415,False
optimistic,-2.157,45.741431379379435,1.6373322907109893,False
optimistic,-2.156,45.71678301646824,1.6337441185812815,False
optimistic,-2.155,45.69170702368298,1.6301662842126836,False
optimistic,-2.154,45.66620626056814,1.626598758183723,False
optimistic,-2.153,45.640283574216035,1.6230415109799639,False
optimistic,-2.152,45.61394179931232,1.6194945129988143,False
optimistic,-2.151,45.587183758181034,1.6159577345542169,False
optimistic,-2.15,45.5600122608298,1.6124311458812375,False
optimistic,-2.149,45.53243010499439,1.6089147171405414,False
optimistic,-2.148,45.504440076183855,1.6054084184227748,False
optimistic,-2.147,45.4760449477248,1.6019122197528433,False
optimistic,-2.146,45.44724748080588,1.598426091094099,False
optimistic,-2.145,45.41805042452224,1.5949500023524168,False
optimistic,-2.144,45.38845651591945,1.591483923380191,False
optimistic,-2.143,45.35846848003758,1.5880278239802332,False
optimistic,-2.142,45.32808902995519,1.5845816739095855,False
optimistic,-2.141,45.297320866832735,1.5811454428832366,False
optimistic,-2.14,45.26616667995645,1.5777191005777569,False
optimistic,-2.139,45.23462914678157,1.574302616634851,False
optimistic,-2.138,45.202710932975656,1.5708959606648263,False
optimistic,-2.137,45.17041469246169,1.5674991022499738,False
optimistic,-2.136,45.13774306746123,1.5641120109478779,False
optimistic,-2.135,45.104698688536985,1.560734656294644,False
optimistic,-2.134,45.07128417463583,1.5573670078080544,False
optimistic,-2.133,45.037502133131106,1.554009034990641,False
optimistic,-2.132,45.003355159865166,1.5506607073326912,False
optimistic,-2.131,44.96884583919172,1.547321994315182,False
optimistic,-2.13,44.933976744017826,1.5439928654126467,False
optimistic,-2.129,44.89875043584603,1.5406732900959608,False
optimistic,-2.128,44.863169464816245,1.5373632378350743,False
optimistic,-2.127,44.82723636974723,1.534062678101672,False
optimistic,-2.126,44.7909536781787,1.530771580371773,False
optimistic,-2.125,44.754323906412104,1.527489914128257,False
optimistic,-2.124,44.71734955955251,1.5242176488633432,False
optimistic,-2.123,44.68003313154953,1.520954754080996,False
optimistic,-2.122,44.64237710523828,1.5177011992992806,False
optimistic,-2.121,44.604383952380644,1.5144569540526578,False
optimistic,-2.12,44.56605613370556,1.5112219878942141,False
optimistic,-2.119,44.527396098950035,1.5079962703978502,False
optimistic,-2.118,44.48840628689951,1.5047797711604012,False
optimistic,-2.117,44.44908912542827,1.5015724598037195,False
optimistic,-2.116,44.40944703153955,1.498374305976683,False
optimistic,-2.115,44.369482411405784,1.4951852793571747,False
optimistic,-2.114,44.32919766040854,1.4920053496539967,False
optimistic,-2.113,44.2885951631783,1.4888344866087473,False
optimistic,-2.112,44.2476772936342,1.485672659997635,False
optimistic,-2.111,44.20644641502362,1.4825198396332602,False
optimistic,-2.11,44.16490487996158,1.4793759953663388,False
optimistic,-2.109,44.12305503047007,1.4762410970873967,False
optimistic,-2.108,44.08089919801727,1.4731151147283978,False
optimistic,-2.107,44.03843970355648,1.4699980182643473,False
optimistic,-2.106,43.99567885756517,1.4668897777148433,False
optimistic,-2.105,43.95261896008366,1.4637903631455966,False
optimistic,-2.104,43.90926230075395,1.4606997446698917,False
optimistic,-2.103,43.86561115885801,1.457617892450029,False
optimistic,-2.102,43.821667803356284,1.4545447766987114,False
optimistic,-2.101,43.777434492926126,1.4514803676804084,False
optimistic,-2.1,43.732913475999716,1.4484246357126653,False
optimistic,-2.099,43.68810699080216,1.445377551167391,False
optimistic,-2.098,43.643017265389425,1.4423390844720987,False
optimistic,-2.097,43.597646517686066,1.4393092061111254,False
optimistic,-2.096,43.55199695552291,1.436287886626799,False
optimistic,-2.095,43.50607077667447,1.4332750966205874,False
optimistic,-2.094,43.459870168896465,1.4302708067542058,False
optimistic,-2.093,43.41339730996302,1.4272749877507007,False
optimistic,-2.092,43.366654367703816,1.4242876103954871,False
optimistic,-2.091,43.31964350004106,1.421308645537372,False
optimistic,-2.09,43.2723668550265,1.4183380640895369,False
optimistic,-2.089,43.22482657087809,1.4153758370304974,False
optimistic,-2.088,43.177024776016665,1.4124219354050256,False
optimistic,-2.087,43.12896358910248,1.4094763303250528,False
optimistic,-2.086,43.08064511907156,1.406538992970538,False
optimistic,-2.085,43.03207146517215,1.4036098945903186,False
optimistic,-2.084,42.983244717000666,1.4006890065029203,False
optimistic,-2.083,42.93416695453778,1.3977763000973527,False
optimistic,-2.082,42.88484024818448,1.394871746833875,False
optimistic,-2.081,42.83526665879781,1.3919753182447423,False
optimistic,-2.08,42.78544823772639,1.3890869859349144,False
optimistic,-2.079,42.73538702684613,1.3862067215827558,False
optimistic,-2.078,42.685085058595696,1.3833344969407029,False
optimistic,-2.077,42.63454435601173,1.380470283835915,False
optimistic,-2.076,42.583766932764156,1.3776140541708954,False
optimistic,-2.075,42.532754793191096,1.3747657799240942,False
optimistic,-2.074,42.48150993233408,1.371925433150495,False
optimistic,-2.073,42.43003433597272,1.369092985982175,False
optimistic,-2.072,42.378329980659515,1.3662684106288403,False
optimistic,-2.071,42.32639883375441,1.363451679378352,False
optimistic,-2.07,42.274242853459306,1.360642764597224,False
optimistic,-2.069,42.22186398885259,1.3578416387311112,False
optimistic,-2.068,42.169264179923196,1.3550482743052639,False
optimistic,-2.067,42.11644535760488,1.3522626439249765,False
optimistic,-2.066,42.063409443810265,1.3494847202760163,False
optimistic,-2.065,42.010158351464725,1.3467144761250331,False
optimistic,-2.064,41.95669398454017,1.3439518843199476,False
optimistic,-2.063,41.903018238088855,1.3411969177903293,False
optimistic,-2.062,41.84913299827681,1.338449549547755,False
optimistic,-2.061,41.79504014241747,1.3357097526861565,False
optimistic,-2.06,41.740741539004965,1.3329775003821398,False
optimistic,-2.059,41.68623904774729,1.3302527658953025,False
optimistic,-2.058,41.63153451959955,1.3275355225685288,False
optimistic,-2.057,41.57662979679704,1.3248257438282771,False
optimistic,-2.056,41.52152671288792,1.3221234031848388,False
optimistic,-2.055,41.46622709276625,1.3194284742325992,False
optimistic,-2.054,41.41073275270455,1.316740930650275,False
optimistic,-2.053,41.35504550038646,1.3140607462011462,False
optimistic,-2.052,41.29916713493918,1.3113878947332607,False
optimistic,-2.051,41.243099446965815,1.308722350179643,False
optimistic,-2.05,41.18684421857755,1.3060640865584787,False
optimistic,-2.049,41.13040322342612,1.3034130779732949,False
optimistic,-2.048,41.073778226735335,1.3007692986131194,False
optimistic,-2.047,41.01697098533345,1.2981327227526358,False
optimistic,-2.046,40.95998324768472,1.2955033247523233,False
optimistic,-2.045,40.902816753921336,1.2928810790585932,False
optimistic,-2.044,40.845473235874785,1.2902659602038953,False
optimistic,-2.043,40.787954417107464,1.287657942806838,False
optimistic,-2.042,40.73026201294408,1.2850570015722798,False
optimistic,-2.041,40.67239773050303,1.282463111291422,False
optimistic,-2.04,40.614363268727296,1.27987624684188,False
optimistic,-2.039,40.55616031841585,1.2772963831877582,False
optimistic,-2.038,40.49779056225434,1.274723495379702,False
optimistic,-2.037,40.43925567484619,1.272157558554956,False
optimistic,-2.036,40.380557322743236,1.269598547937395,False
optimistic,-2.035,40.32169716447632,1.26704643883756,False
optimistic,-2.034,40.262676850585976,1.2645012066526815,False
optimistic,-2.033,40.203498023652784,1.2619628268666951,False
optimistic,-2.032,40.144162318327815,1.2594312750502428,False
optimistic,-2.031,40.08467136136274,1.2569065268606754,False
optimistic,-2.03,40.02502677164004,1.2543885580420406,False
optimistic,-2.029,39.9652301602031,1.2518773444250695,False
optimistic,-2.028,39.905283130285994,1.2493728619271465,False
optimistic,-2.027,39.84518727734341,1.2468750865522815,False
optimistic,-2.026,39.78494418908044,1.2443839943910664,False
optimistic,-2.025,39.72455544548212,1.2418995616206356,False
optimistic,-2.024,39.66402261884298,1.239421764504608,False
optimistic,-2.023,39.60334727379644,1.2369505793930258,False
optimistic,-2.022,39.54253096734418,1.2344859827222947,False
optimistic,-2.021,39.48157524888549,1.23202795101511,False
optimistic,-2.02,39.4204816602461,1.2295764608803732,False
optimistic,-2.019,39.359251735707495,1.2271314890131135,False
optimistic,-2.018,39.297887002035694,1.2246930121943953,False
optimistic,-2.017,39.236388978510206,1.2222610072912239,False
optimistic,-2.016,39.174759176952584,1.2198354512564424,False
optimistic,-2.015,39.11299910175522,1.2174163211286244,False
optimistic,-2.014,39.0511102499098,1.2150035940319655,False
optimistic,-2.013,38.989094111035875,1.2125972471761648,False
optimistic,-2.012,38.92695216740897,1.2101972578563,False
optimistic,-2.011,38.86468589398907,1.207803603452705,False
optimistic,-2.01,38.802296758448605,1.2054162614308332,False
optimistic,-2.009,38.73978622120069,1.2030352093411294,False
optimistic,-2.008,38.67715573542682,1.20066042481888,False
optimistic,-2.007,38.61440674710503,1.198291885584072,False
optimistic,-2.006,38.55154069503739,1.195929569441245,False
optimistic,-2.005,38.488559010877935,1.1935734542793381,False
optimistic,-2.004,38.42546311916003,1.191223518071528,False
optimistic,-2.003,38.36225443732401,1.1888797388750716,False
optimistic,-2.002,38.298934375744444,1.1865420948311405,False
optimistic,-2.001,38.2355043377576,1.1842105641646514,False
optimistic,-2.0,38.17196571968841,1.1818851251840943,False
optimistic,-1.999,38.10831991087786,1.1795657562813553,False
optimistic,-1.998,38.04456829370976,1.1772524359315386,False
optimistic,-1.997,37.980712243637896,1.1749451426927846,False
optimistic,-1.996,37.91675312921261,1.1726438552060812,False
optimistic,-1.995,37.852692312107806,1.1703485521950796,False
optimistic,-1.994,37.7885311471474,1.1680592124658973,False
optimistic,-1.993,37.724270982332015,1.165775814906928,False
optimistic,-1.992,37.65991315886533,1.16349833848864,False
optimistic,-1.991,37.59545901118051,1.1612267622633794,False
optimistic,-1.99,37.53090986696656,1.158961065365162,False
optimistic,-1.989,37.46626704719445,1.156701227009476,False
optimistic,-1.988,37.40153186614317,1.1544472264930647,False
optimistic,-1.987,37.3367056314259,1.1521990431937221,False
optimistic,-1.986,37.271789644015755,1.1499566565700774,False
optimistic,-1.985,37.20678519827176,1.1477200461613812,False
optimistic,-1.984,37.14169358196457,1.1454891915872862,False
optimistic,-1.983,37.07651607630208,1.143264072547631,False
optimistic,-1.982,37.011253955955034,1.1410446688222147,False
optimistic,-1.981,36.94590848908257,1.1388309602705773,False
optimistic,-1.98,36.88048093735743,1.1366229268317694,False
optimistic,-1.979,36.81497255599157,1.1344205485241308,False
optimistic,-1.978,36.74938459376098,1.1322238054450566,False
optimistic,-1.977,36.68371829303129,1.130032677770769,False
optimistic,-1.976,36.61797488978237,1.1278471457560837,False
optimistic,-1.975,36.55215561363362,1.1256671897341768,False
optimistic,-1.974,36.48626168786869,1.1234927901163485,False
optimistic,-1.973,36.42029432946029,1.1213239273917868,False
optimistic,-1.972,36.354254749094885,1.1191605821273267,False
optimistic,-1.971,36.28814415119739,1.1170027349672154,False
optimistic,-1.97,36.22196373395562,1.114850366632864,False
optimistic,-1.969,36.15571468934479,1.112703457922613,False
optimistic,-1.968,36.08939820315185,1.1105619897114816,False
optimistic,-1.967,36.02301545499976,1.1084259429509278,False
optimistic,-1.966,35.956567618371714,1.1062952986685994,False
optimistic,-1.965,35.89005586063532,1.1041700379680912,False
optimistic,-1.964,35.8234813430664,1.1020501420286906,False
optimistic,-1.963,35.756845220873196,1.0999355921051357,False
optimistic,-1.962,35.69014864322012,1.09782636952736,False
optimistic,-1.961,35.623392753251565,1.095722455700246,False
optimistic,-1.96,35.556578688115465,1.0936238321033696,False
optimistic,-1.959,35.48970757898719,1.0915304802907515,False
optimistic,-1.958,35.422780551092835,1.0894423818906016,False
optimistic,-1.957,35.35579872373276,1.087359518605068,False
optimistic,-1.956,35.28876321030493,1.0852818722099775,False
optimistic,-1.955,35.22167511832833,1.083209424554589,False
optimistic,-1.954,35.154535549465955,1.0811421575613278,False
optimistic,-1.953,35.087345599548236,1.0790800532255391,False
optimistic,-1.952,35.02010635859573,1.077023093615224,False
optimistic,-1.951,34.95281891084241,1.074971260870787,False
optimistic,-1.95,34.88548433475837,1.0729245372047755,False
optimistic,-1.949,34.8181037030727,1.0708829049016249,False
optimistic,-1.948,34.75067808279619,1.0688463463173972,False
optimistic,-1.947,34.68320853524403,1.066814843879525,False
optimistic,-1.946,34.615696116058274,1.0647883800865505,False
optimistic,-1.945,34.548141875230534,1.062766937507869,False
optimistic,-1.944,34.4805468571241,1.0607504987834646,False
optimistic,-1.943,34.41291210049657,1.0587390466236573,False
optimistic,-1.942,34.34523863852196,1.056732563808837,False
optimistic,-1.941,34.277527498812894,1.054731033189208,False
optimistic,-1.94,34.20977970344273,1.0527344376845251,False
optimistic,-1.939,34.1419962689676,1.0507427602838375,False
optimistic,-1.938,34.07417820644833,1.048755984045225,False
optimistic,-1.937,34.00632652147232,1.0467740920955397,False
optimistic,-1.936,33.938442214175375,1.0447970676301446,False
optimistic,-1.935,33.870526279263416,1.0428248939126554,False
optimistic,-1.934,33.80257970603407,1.0408575542746767,False
optimistic,-1.933,33.73460347839832,1.0388950321155452,False
optimistic,-1.932,33.666598574901926,1.0369373109020679,False
optimistic,-1.931,33.598565968746904,1.0349843741682616,False
optimistic,-1.93,33.53050662781286,1.0330362055150941,False
optimistic,-1.929,33.46242151467827,1.031092788610225,False
optimistic,-1.928,33.39431158664157,1.0291541071877433,False
optimistic,-1.927,33.32617779574245,1.0272201450479117,False
optimistic,-1.926,33.2580210887828,1.0252908860569043,False
optimistic,-1.925,33.18984240734766,1.0233663141465499,False
optimistic,-1.924,33.12164268782617,1.0214464133140715,False
optimistic,-1.923,33.05342286143241,1.0195311676218284,False
optimistic,-1.922,32.98518385422606,1.0176205611970581,False
optimistic,-1.921,32.91692658713331,1.0157145782316206,False
optimistic,-1.92,32.8486519759671,1.0138132029817353,False
optimistic,-1.919,32.78036093144803,1.0119164197677295,False
optimistic,-1.918,32.712054359224595,1.010024212973779,False
optimistic,-1.917,32.643733159893635,1.0081365670476519,False
optimistic,-1.916,32.57539822902069,1.0062534665004512,False
optimistic,-1.915,32.50705045716022,1.0043748959063612,False
optimistic,-1.914,32.43869072987573,1.00250083990239,False
optimistic,-1.913,32.370319927760015,1.0006312831881181,False
optimistic,-1.912,32.30193892645507,0.9987662105254389,True
optimistic,-1.911,32.23354859667208,0.9969056067383095,True
optimistic,-1.91,32.16514980421141,0.9950494567124936,True
optimistic,-1.909,32.096743409982295,0.9931977453953106,True
optimistic,-1.908,32.02833027002265,0.991350457795382,True
optimistic,-1.907,31.959911235518817,0.9895075789823798,True
optimistic,-1.906,31.89148715282502,0.9876690940867736,True
optimistic,-1.905,31.823058863483205,0.9858349882995826,True
optimistic,-1.904,31.75462720424216,0.9840052468721218,True
optimistic,-1.903,31.68619300707716,0.9821798551157533,True
optimistic,-1.902,31.61775709920924,0.9803587984016394,True
optimistic,-1.901,31.54932030312452,0.9785420621604877,True
optimistic,-1.9,31.480883436593295,0.9767296318823097,True
optimistic,-1.899,31.4124473126893,0.9749214931161683,True
optimistic,-1.898,31.34401273980866,0.9731176314699328,True
optimistic,-1.897,31.27558052168902,0.9713180326100332,True
optimistic,-1.896,31.207151457428342,0.9695226822612119,True
optimistic,-1.895,31.138726341503947,0.9677315662062805,True
optimistic,-1.894,31.07030596379106,0.9659446702858749,True
optimistic,-1.893,31.001891109581855,0.9641619803982108,True
optimistic,-1.892,30.93348255960383,0.9623834824988403,True
optimistic,-1.891,30.865081090038668,0.9606091626004115,True
optimistic,-1.89,30.796687472540526,0.958839006772422,True
optimistic,-1.889,30.728302474254743,0.9570730011409829,True
optimistic,-1.888,30.659926857836034,0.9553111318885744,True
optimistic,-1.887,30.59156138146698,0.9535533852538071,True
optimistic,-1.886,30.52320679887622,0.9517997475311832,True
optimistic,-1.885,30.454863859356724,0.9500502050708579,True
optimistic,-1.884,30.38653330778382,0.9483047442784001,True
optimistic,-1.883,30.31821588463349,0.9465633516145584,True
optimistic,-1.882,30.249912326000093,0.9448260135950203,True
optimistic,-1.881,30.18162336361461,0.9430927167901809,True
optimistic,-1.88,30.11334972486229,0.9413634478249057,True
optimistic,-1.879,30.045092132800686,0.9396381933782955,True
optimistic,-1.878,29.97685130617723,0.9379169401834545,True
optimistic,-1.877,29.90862795944705,0.9361996750272593,True
optimistic,-1.876,29.840422802790542,0.934486384750122,True
optimistic,-1.875,29.772236542131008,0.9327770562457629,True
optimistic,-1.874,29.704069879152087,0.9310716764609779,True
optimistic,-1.873,29.635923511315248,0.9293702323954098,True
optimistic,-1.872,29.56779813187716,0.9276727111013214,True
optimistic,-1.871,29.499694429907066,0.9259790996833616,True
optimistic,-1.87,29.431613090303927,0.9242893852983441,True
optimistic,-1.869,29.363554793813734,0.9226035551550152,True
optimistic,-1.868,29.295520217046626,0.9209215965138342,True
optimistic,-1.867,29.22751003249387,0.9192434966867411,True
optimistic,-1.866,29.159524908545066,0.9175692430369395,True
optimistic,-1.865,29.091565509504825,0.9158988229786653,True
optimistic,-1.864,29.023632495609974,0.9142322239769721,True
optimistic,-1.863,28.95572652304619,0.912569433547502,True
optimistic,-1.862,28.88784824396481,0.9109104392562692,True
optimistic,-1.861,28.819998306499524,0.9092552287194373,True
optimistic,-1.86,28.752177354783157,0.9076037896031011,True
optimistic,-1.859,28.68438602896407,0.9059561096230657,True
optimistic,-1.858,28.616624965222876,0.9043121765446303,True
optimistic,-1.857,28.54889479578873,0.9026719781823703,True
optimistic,-1.856,28.48119614895596,0.9010355023999219,True
optimistic,-1.855,28.41352964910021,0.8994027371097637,True
optimistic,-1.854,28.345895916694907,0.8977736702730061,True
optimistic,-1.853,28.27829556832737,0.8961482898991715,True
optimistic,-1.852,28.210729216715126,0.8945265840459891,True
optimistic,-1.851,28.143197470721883,0.8929085408191731,True
optimistic,-1.85,28.07570093537375,0.8912941483722202,True
optimistic,-1.849,28.008240211875084,0.8896833949061914,True
optimistic,-1.848,27.940815897624574,0.8880762686695068,True
optimistic,-1.847,27.873428586231086,0.8864727579577342,True
optimistic,-1.846,27.80607886752944,0.8848728511133809,True
optimistic,-1.845,27.73876732759631,0.8832765365256879,True
optimistic,-1.844,27.671494548765843,0.881683802630421,True
optimistic,-1.843,27.60426110964535,0.8800946379096656,True
optimistic,-1.842,27.537067585130966,0.878509030891622,True
optimistic,-1.841,27.469914546423087,0.8769269701504008,True
optimistic,-1.84,27.402802561042,0.8753484443058207,True
optimistic,-1.839,27.33573219284322,0.8737734420232022,True
optimistic,-1.838,27.26870400203295,0.8722019520131696,True
optimistic,-1.837,27.201718545183343,0.8706339630314489,True
optimistic,-1.836,27.134776375247842,0.8690694638786661,True
optimistic,-1.835,27.067878041576314,0.8675084434001497,True
optimistic,-1.834,27.001024089930308,0.8659508904857304,True
optimistic,-1.833,26.934215062498076,0.8643967940695454,True
optimistic,-1.832,26.867451497909723,0.8628461431298388,True
optimistic,-1.831,26.800733931252086,0.8612989266887675,True
optimistic,-1.83,26.734062894083806,0.8597551338122056,True
optimistic,-1.829,26.66743891445006,0.8582147536095481,True
optimistic,-1.828,26.600862516897628,0.8566777752335196,True
optimistic,-1.827,26.534334222489424,0.8551441878799787,True
optimistic,-1.826,26.467854548819428,0.8536139807877292,True
optimistic,-1.825,26.40142401002722,0.8520871432383248,True
optimistic,-1.824,26.335043116812674,0.8505636645558828,True
optimistic,-1.823,26.268712376450516,0.8490435341068897,True
optimistic,-1.822,26.202432292804858,0.8475267413000174,True
optimistic,-1.821,26.136203366343604,0.8460132755859294,True
optimistic,-1.82,26.070026094152936,0.8445031264571,True
optimistic,-1.819,26.003900969951587,0.8429962834476212,True
optimistic,-1.818,25.937828484105278,0.8414927361330211,True
optimistic,-1.817,25.87180912364078,0.8399924741300783,True
optimistic,-1.816,25.805843372260334,0.8384954870966368,True
optimistic,-1.815,25.73993171035563,0.8370017647314237,True
optimistic,-1.814,25.674074615022022,0.8355112967738642,True
optimistic,-1.813,25.608272560072457,0.8340240730039041,True
optimistic,-1.812,25.54252601605164,0.8325400832418249,True
optimistic,-1.811,25.476835450249762,0.831059317348065,True
optimistic,-1.81,25.411201326716622,0.829581765223042,True
optimistic,-1.809,25.34562410627532,0.8281074168069698,True
optimistic,-1.808,25.280104246536094,0.8266362620796852,True
optimistic,-1.807,25.214642201910078,0.8251682910604681,True
optimistic,-1.806,25.14923842362296,0.8237034938078671,True
optimistic,-1.805,25.083893359728663,0.8222418604195205,True
optimistic,-1.804,25.01860745512294,0.8207833810319874,True
optimistic,-1.803,24.953381151556847,0.8193280458205663,True
optimistic,-1.802,24.888214887650374,0.8178758449991295,True
optimistic,-1.801,24.823109098905725,0.8164267688199439,True
optimistic,-1.8,24.758064217720847,0.8149808075735041,True
optimistic,-1.799,24.69308067340269,0.8135379515883593,True
optimistic,-1.798,24.628158892180583,0.812098191230944,True
optimistic,-1.797,24.563299297219388,0.8106615169054069,True
optimistic,-1.796,24.4985023086328,0.8092279190534448,True
optimistic,-1.795,24.43376834349641,0.8077973881541323,True
optimistic,-1.794,24.36909781586088,0.8063699147237579,True
optimistic,-1.793,24.304491136764927,0.8049454893156514,True
optimistic,-1.792,24.239948714248445,0.8035241025200277,True
optimistic,-1.791,24.175470953365313,0.8021057449638116,True
optimistic,-1.79,24.111058256196436,0.8006904073104817,True
optimistic,-1.789,24.04671102186252,0.7992780802599023,True
optimistic,-1.788,23.982429646536954,0.7978687545481633,True
optimistic,-1.787,23.918214523458538,0.7964624209474164,True
optimistic,-1.786,23.854066042944275,0.7950590702657154,True
optimistic,-1.785,23.78998459240191,0.7936586933468546,True
optimistic,-1.784,23.72597055634272,0.7922612810702099,True
optimistic,-1.783,23.662024316393975,0.7908668243505795,True
optimistic,-1.782,23.59814625131156,0.789475314138026,True
optimistic,-1.781,23.53433673699238,0.7880867414177164,True
optimistic,-1.78,23.47059614648691,0.7867010972097699,True
optimistic,-1.779,23.406924850011464,0.7853183725690965,True
optimistic,-1.778,23.34332321496071,0.7839385585852475,True
optimistic,-1.777,23.279791605919815,0.7825616463822541,True
optimistic,-1.776,23.2163303846768,0.7811876271184794,True
optimistic,-1.775,23.15293991023476,0.7798164919864616,True
optimistic,-1.774,23.08962053882398,0.7784482322127619,True
optimistic,-1.773,23.026372623914078,0.7770828390578138,True
optimistic,-1.772,22.96319651622618,0.7757203038157717,True
optimistic,-1.771,22.90009256374479,0.7743606178143594,True
optimistic,-1.77,22.83706111172991,0.7730037724147205,True
optimistic,-1.769,22.774102502728923,0.7716497590112713,True
optimistic,-1.768,22.711217076588586,0.7702985690315489,True
optimistic,-1.767,22.64840517046672,0.7689501939360679,True
optimistic,-1.766,22.585667118844228,0.7676046252181689,True
optimistic,-1.765,22.523003253536707,0.7662618544038752,True
optimistic,-1.764,22.460413903706293,0.7649218730517462,True
optimistic,-1.763,22.39789939587322,0.7635846727527327,True
optimistic,-1.762,22.33546005392761,0.7622502451300315,True
optimistic,-1.761,22.273096199140895,0.7609185818389433,True
optimistic,-1.76,22.210808150177584,0.7595896745667297,True
optimistic,-1.759,22.148596223106544,0.7582635150324694,True
optimistic,-1.758,22.08646073141267,0.7569400949869179,True
optimistic,-1.757,22.024401986008204,0.7556194062123661,True
optimistic,-1.756,21.962420295244108,0.7543014405224996,True
optimistic,-1.755,21.900515964921468,0.7529861897622605,True
optimistic,-1.754,21.838689298302782,0.7516736458077077,True
optimistic,-1.753,21.776940596123126,0.7503638005658764,True
optimistic,-1.752,21.715270156601544,0.7490566459746449,True
optimistic,-1.751,21.653678275452023,0.7477521740025926,True
optimistic,-1.75,21.592165245894787,0.7464503766488687,True
optimistic,-1.749,21.530731358667254,0.7451512459430515,True
optimistic,-1.748,21.469376902035215,0.7438547739450166,True
optimistic,-1.747,21.40810216180376,0.7425609527448022,True
optimistic,-1.746,21.346907421328222,0.7412697744624729,True
optimistic,-1.745,21.285792961525214,0.7399812312479898,True
optimistic,-1.744,21.22475906088337,0.7386953152810747,True
optimistic,-1.743,21.163805995474306,0.7374120187710808,True
optimistic,-1.742,21.102934038963333,0.7361313339568601,True
optimistic,-1.741,21.042143462620317,0.7348532531066339,True
optimistic,-1.74,20.98143453533031,0.733577768517859,True
optimistic,-1.739,20.920807523604317,0.7323048725171032,True
optimistic,-1.738,20.860262691589828,0.7310345574599141,True
optimistic,-1.737,20.79980030108153,0.72976681573069,True
optimistic,-1.736,20.739420611531795,0.7285016397425543,True
optimistic,-1.735,20.679123880061272,0.7272390219372269,True
optimistic,-1.734,20.618910361469283,0.725978954784898,True
optimistic,-1.733,20.55878030824437,0.724721430784103,True
optimistic,-1.732,20.498733970574577,0.7234664424615962,True
optimistic,-1.731,20.43877159635796,0.7222139823722291,True
optimistic,-1.73,20.378893431212767,0.7209640430988206,True
optimistic,-1.729,20.31909971848786,0.7197166172520395,True
optimistic,-1.728,20.25939069927284,0.7184716974702783,True
optimistic,-1.727,20.199766612408375,0.7172292764195332,True
optimistic,-1.726,20.14022769449628,0.7178393953287948,True
optimistic,-1.725,20.080774179909728,0.71859433755432,True
optimistic,-1.724,20.02140630080324,0.7193491226968897,True
optimistic,-1.723,19.962124287122894,0.7201037503191229,True
optimistic,-1.722,19.902928366616162,0.7208582199828225,True
optimistic,-1.721,19.84381876484211,0.7216125312489775,True
optimistic,-1.72,19.784795705181107,0.722366683677763,True
optimistic,-1.719,19.725859408844933,0.7231206768285391,True
optimistic,-1.718,19.6670100948865,0.7238745102598529,True
optimistic,-1.717,19.60824798020983,0.7246281835294394,True
optimistic,-1.716,19.549573279579658,0.7253816961942199,True
optimistic,-1.715,19.490986205631405,0.7261350478103046,True
optimistic,-1.714,19.43248696888075,0.7268882379329915,True
optimistic,-1.713,19.374075777733363,0.7276412661167687,True
optimistic,-1.712,19.315752838494543,0.7283941319153138,True
optimistic,-1.711,19.25751835537886,0.7291468348814943,True
optimistic,-1.71,19.199372530519685,0.7298993745673682,True
optimistic,-1.709,19.14131556397878,0.730651750524186,True
optimistic,-1.708,19.083347653755734,0.731403962302389,True
optimistic,-1.707,19.025468995797517,0.7321560094516122,True
optimistic,-1.706,18.967679784007785,0.7329078915206826,True
optimistic,-1.705,18.909980210256442,0.7336596080576229,True
optimistic,-1.704,18.85237046438885,0.7344111586096488,True
optimistic,-1.703,18.794850734235244,0.7351625427231724,True
optimistic,-1.702,18.737421205619963,0.7359137599438008,True
optimistic,-1.701,18.68008206237076,0.7366648098163382,True
optimistic,-1.7,18.622833486327952,0.7374156918847866,True
optimistic,-1.699,18.565675657353683,0.7381664056923453,True
optimistic,-1.698,18.508608753340994,0.7389169507814136,True
optimistic,-1.697,18.451632950222987,0.7396673266935891,True
optimistic,-1.696,18.394748421981898,0.7404175329696709,True
optimistic,-1.695,18.337955340658127,0.7411675691496591,True
optimistic,-1.694,18.281253876359237,0.7419174347727561,True
optimistic,-1.693,18.224644197268976,0.742667129377366,True
optimistic,-1.692,18.168126469656148,0.7434166525010986,True
optimistic,-1.691,18.111700857883616,0.7441660036807664,True
optimistic,-1.69,18.05536752441706,0.7449151824523884,True
optimistic,-1.689,17.999126629833924,0.7456641883511903,True
optimistic,-1.688,17.942978332832137,0.7464130209116039,True
optimistic,-1.687,17.88692279023895,0.74716167966727,True
optimistic,-1.686,17.830960157019618,0.7479101641510393,True
optimistic,-1.685,17.775090586286176,0.7486584738949704,True
optimistic,-1.684,17.71931422930602,0.7494066084303355,True
optimistic,-1.683,17.663631235510618,0.7501545672876169,True
optimistic,-1.682,17.60804175250411,0.750902349996511,True
optimistic,-1.681,17.552545926071822,0.7516499560859278,True
optimistic,-1.68,17.497143900188874,0.7523973850839937,True
optimistic,-1.679,17.44183581702868,0.753144636518049,True
optimistic,-1.678,17.38662181697135,0.7538917099146532,True
optimistic,-1.677,17.33150203861222,0.7546386047995833,True
optimistic,-1.676,17.276476618770232,0.7553853206978364,True
optimistic,-1.675,17.2215456924963,0.7561318571336291,True
optimistic,-1.674,17.166709393081653,0.7568782136304002,True
optimistic,-1.673,17.11196785206617,0.7576243897108121,True
optimistic,-1.672,17.05732119924665,0.7583703848967498,True
optimistic,-1.671,17.002769562685078,0.7591161987093251,True
optimistic,-1.67,16.948313068716775,0.7598618306688748,True
optimistic,-1.669,16.893951841958714,0.7606072802949638,True
optimistic,-1.668,16.839686005317535,0.7613525471063866,True
optimistic,-1.667,16.78551567999778,0.7620976306211669,True
optimistic,-1.666,16.731440985509888,0.7628425303565604,True
optimistic,-1.665,16.67746203967838,0.7635872458290548,True
optimistic,-1.664,16.623578958649738,0.7643317765543727,True
optimistic,-1.663,16.569791856900544,0.7650761220474713,True
optimistic,-1.662,16.51610084724537,0.7658202818225449,True
optimistic,-1.661,16.462506040844723,0.7665642553930254,True
optimistic,-1.66,16.409007547212973,0.767308042271585,True
optimistic,-1.659,16.35560547422624,0.7680516419701351,True
optimistic,-1.658,16.3022999281302,0.768795053999831,True
optimistic,-1.657,16.24909101354795,0.7695382778710705,True
optimistic,-1.656,16.19597883348772,0.7702813130934972,True
optimistic,-1.655,16.14296348935076,0.7710241591760006,True
optimistic,-1.654,16.0900450809389,0.7717668156267192,True
optimistic,-1.653,16.0372237064624,0.7725092819530395,True
optimistic,-1.652,15.984499462547497,0.7732515576616008,True
optimistic,-1.651,15.931872444244151,0.7739936422582936,True
optimistic,-1.65,15.879342745033533,0.7747355352482636,True
optimistic,-1.649,15.826910456835725,0.7754772361359111,True
optimistic,-1.648,15.774575670017173,0.7762187444248948,True
optimistic,-1.647,15.722338473398276,0.7769600596181321,True
optimistic,-1.646,15.670198954260806,0.7777011812178005,True
optimistic,-1.645,15.61815719835546,0.7784421087253394,True
optimistic,-1.644,15.566213289909186,0.7791828416414537,True
optimistic,-1.643,15.514367311632705,0.7799233794661119,True
optimistic,-1.642,15.462619344727784,0.7806637216985514,True
optimistic,-1.641,15.410969468894649,0.781403867837277,True
optimistic,-1.64,15.359417762339246,0.7821438173800652,True
optimistic,-1.639,15.30796430178062,0.7828835698239656,True
optimistic,-1.638,15.256609162458066,0.7836231246653006,True
optimistic,-1.637,15.20535241813845,0.7843624813996692,True
optimistic,-1.636,15.154194141123376,0.7851016395219494,True
optimistic,-1.635,15.103134402256384,0.7858405985262971,True
optimistic,-1.634,15.052173270930046,0.786579357906151,True
optimistic,-1.633,15.001310815093186,0.7873179171542328,True
optimistic,-1.632,14.950547101257847,0.7880562757625493,True
optimistic,-1.631,14.899882194506512,0.7887944332223954,True
optimistic,-1.63,14.849316158498985,0.7895323890243547,True
optimistic,-1.629,14.798849055479524,0.7902701426583013,True
optimistic,-1.628,14.748480946283742,0.7910076936134038,True
optimistic,-1.627,14.69821189034565,0.7917450413781244,True
optimistic,-1.626,14.64804194570448,0.7924821854402241,True
optimistic,-1.625,14.597971169011705,0.7932191252867611,True
optimistic,-1.624,14.54799961553782,0.7939558604040957,True
optimistic,-1.623,14.498127339179229,0.7946923902778926,True
optimistic,-1.622,14.448354392465093,0.7954287143931199,True
optimistic,-1.621,14.398680826564085,0.7961648322340549,True
optimistic,-1.62,14.349106691291183,0.7969007432842828,True
optimistic,-1.619,14.299632035114403,0.7976364470267022,True
optimistic,-1.618,14.25025690516153,0.7983719429435239,True
optimistic,-1.617,14.2009813472268,0.7991072305162764,True
optimistic,-1.616,14.151805405777555,0.7998423092258057,True
optimistic,-1.615,14.102729123960893,0.8005771785522792,True
optimistic,-1.614,14.053752543610315,0.8013118379751849,True
optimistic,-1.613,14.004875705252212,0.8020462869733389,True
optimistic,-1.612,13.956098648112574,0.8027805250248823,True
optimistic,-1.611,13.907421410123355,0.803514551607287,True
optimistic,-1.61,13.858844027929159,0.8042483661973566,True
optimistic,-1.609,13.810366536893572,0.8049819682712293,True
optimistic,-1.608,13.761988971105751,0.8057153573043796,True
optimistic,-1.607,13.713711363386713,0.8064485327716208,True
optimistic,-1.606,13.66553374529591,0.8071814941471094,True
optimistic,-1.605,13.61745614713748,0.8079142409043444,True
optimistic,-1.604,13.569478597966679,0.8086467725161712,True
optimistic,-1.603,13.521601125596161,0.8093790884547851,True
optimistic,-1.602,13.473823756602375,0.8101111881917322,True
optimistic,-1.601,13.426146516331725,0.8108430711979125,True
optimistic,-1.6,13.378569428906967,0.8115747369435823,True
optimistic,-1.599,13.331092517233303,0.8123061848983578,True
optimistic,-1.598,13.283715803004739,0.8130374145312158,True
optimistic,-1.597,13.236439306710135,0.8137684253104978,True
optimistic,-1.596,13.189263047639471,0.8144992167039122,True
optimistic,-1.595,13.142187043889912,0.8152297881785374,True
optimistic,-1.594,13.095211312371998,0.8159601392008228,True
optimistic,-1.593,13.048335868815627,0.8166902692365935,True
optimistic,-1.592,13.001560727776262,0.817420177751051,True
optimistic,-1.591,12.954885902640825,0.8181498642087797,True
optimistic,-1.59,12.908311405633848,0.8188793280737443,True
optimistic,-1.589,12.861837247823338,0.8196085688092962,True
optimistic,-1.588,12.815463439126898,0.8203375858781762,True
optimistic,-1.587,12.769189988317518,0.8210663787425159,True
optimistic,-1.586,12.72301690302965,0.8217949468638409,True
optimistic,-1.585,12.67694418976497,0.8225232897030752,True
optimistic,-1.584,12.63097185389836,0.8232514067205411,True
optimistic,-1.583,12.585099899683726,0.8239792973759651,True
optimistic,-1.582,12.539328330259815,0.8247069611284783,True
optimistic,-1.581,12.493657147656029,0.8254343974366225,True
optimistic,-1.58,12.448086352798267,0.8261616057583501,True
optimistic,-1.579,12.402615945514587,0.8268885855510278,True
optimistic,-1.578,12.357245924541044,0.8276153362714417,True
optimistic,-1.577,12.311976287527335,0.8283418573757969,True
optimistic,-1.576,12.266807031042555,0.8290681483197235,True
optimistic,-1.575,12.221738150580823,0.8297942085582785,True
optimistic,-1.574,12.176769640566958,0.830520037545948,True
optimistic,-1.573,12.131901494362092,0.8312456347366531,True
optimistic,-1.572,12.087133704269315,0.83197099958375,True
optimistic,-1.571,12.042466261539191,0.8326961315400344,True
optimistic,-1.57,11.99789915637539,0.8334210300577449,True
optimistic,-1.569,11.953432377940173,0.8341456945885667,True
optimistic,-1.568,11.90906591435997,0.8348701245836329,True
optimistic,-1.567,11.864799752730804,0.8355943194935299,True
optimistic,-1.566,11.82063387912384,0.8363182787682998,True
optimistic,-1.565,11.776568278590767,0.837042001857443,True
optimistic,-1.564,11.732602935169313,0.8377654882099236,True
optimistic,-1.563,11.68873783188856,0.83848873727417,True
optimistic,-1.562,11.644972950774424,0.8392117484980799,True
optimistic,-1.561,11.601308272854942,0.839934521329025,True
optimistic,-1.56,11.557743778165698,0.8406570552138499,True
optimistic,-1.559,11.514279445755077,0.8413793495988816,True
optimistic,-1.558,11.470915253689633,0.8421014039299284,True
optimistic,-1.557,11.427651179059303,0.8428232176522846,True
optimistic,-1.556,11.384487197982748,0.8435447902107353,True
optimistic,-1.555,11.34142328561253,0.8442661210495574,True
optimistic,-1.554,11.298459416140364,0.8449872096125259,True
optimistic,-1.553,11.255595562802313,0.8457080553429169,True
optimistic,-1.552,11.212831697883983,0.8464286576835083,True
optimistic,-1.551,11.170167792725646,0.8471490160765877,True
optimistic,-1.55,11.127603817727426,0.8478691299639529,True
optimistic,-1.549,11.085139742354357,0.8485889987869172,True
optimistic,-1.548,11.042775535141569,0.8493086219863121,True
optimistic,-1.547,11.000511163699272,0.8500279990024925,True
optimistic,-1.546,10.958346594717888,0.8507471292753376,True
optimistic,-1.545,10.916281793973036,0.8514660122442589,True
optimistic,-1.544,10.8743167263306,0.8521846473481991,True
optimistic,-1.543,10.832451355751681,0.8529030340256403,True
optimistic,-1.542,10.790685645297614,0.8536211717146055,True
optimistic,-1.541,10.749019557134899,0.8543390598526618,True
optimistic,-1.54,10.70745305254016,0.8550566978769261,True
optimistic,-1.539,10.665986091905046,0.8557740852240687,True
optimistic,-1.538,10.62461863474117,0.8564912213303164,True
optimistic,-1.537,10.583350639684932,0.8572081056314563,True
optimistic,-1.536,10.542182064502423,0.8579247375628409,True
optimistic,-1.535,10.501112866094266,0.8586411165593915,True
optimistic,-1.534,10.460143000500432,0.8593572420556022,True
optimistic,-1.533,10.419272422905015,0.8600731134855427,True
optimistic,-1.532,10.378501087641096,0.8607887302828656,True
optimistic,-1.531,10.337828948195398,0.861504091880808,True
optimistic,-1.53,10.29725595721315,0.8622191977121946,True
optimistic,-1.529,10.256782066502714,0.8629340472094443,True
optimistic,-1.528,10.21640722704038,0.8636486398045744,True
optimistic,-1.527,10.17613138897499,0.8643629749292027,True
optimistic,-1.526,10.135954501632671,0.865077052014552,True
optimistic,-1.525,10.095876513521409,0.8657908704914569,True
optimistic,-1.524,10.055897372335789,0.866504429790365,True
optimistic,-1.523,10.016017024961517,0.8672177293413429,True
optimistic,-1.522,9.976235417480083,0.8679307685740801,True
optimistic,-1.521,9.936552495173297,0.8686435469178931,True
optimistic,-1.52,9.896968202527907,0.8693560638017296,True
optimistic,-1.519,9.857482483240068,0.8700683186541734,True
optimistic,-1.518,9.818095280219948,0.8707803109034491,True
optimistic,-1.517,9.778806535596175,0.8714920399774251,True
optimistic,-1.516,9.739616190720376,0.8722035053036191,True
optimistic,-1.515,9.7005241861716,0.8729147063092026,True
optimistic,-1.514,9.661530461760833,0.8736256424210054,True
optimistic,-1.513,9.622634956535368,0.8743363130655191,True
optimistic,-1.512,9.583837608783302,0.8750467176689034,True
optimistic,-1.511,9.545138356037851,0.8757568556569889,True
optimistic,-1.51,9.506537135081837,0.8764667264552821,True
optimistic,-1.509,9.468033881951946,0.8771763294889717,True
optimistic,-1.508,9.429628531943182,0.87788566418293,True
optimistic,-1.507,9.391321019613116,0.8785947299617216,True
optimistic,-1.506,9.353111278786264,0.8793035262496041,True
optimistic,-1.505,9.31499924255834,0.880012052470535,True
optimistic,-1.504,9.27698484330059,0.8807203080481767,True
optimistic,-1.503,9.23906801266399,0.8814282924058995,True
optimistic,-1.502,9.20124868158356,0.8821360049667883,True
optimistic,-1.501,9.16352678028255,0.8828434451536461,True
optimistic,-1.5,9.12590223827669,0.8835506123889997,True
optimistic,-1.499,9.088374984378344,0.8842575060951026,True
optimistic,-1.498,9.050944946700724,0.8849641256939433,True
optimistic,-1.497,9.01361205266208,0.8856704706072468,True
optimistic,-1.496,8.976376228989766,0.886376540256482,True
optimistic,-1.495,8.939237401724466,0.887082334062864,True
optimistic,-1.494,8.90219549622423,0.8877878514473624,True
optimistic,-1.493,8.865250437168655,0.8884930918307028,True
optimistic,-1.492,8.828402148562867,0.8891980546333749,True
optimistic,-1.491,8.791650553741697,0.8899027392756346,True
optimistic,-1.49,8.75499557537364,0.8906071451775128,True
optimistic,-1.489,8.718437135464955,0.8913112717588159,True
optimistic,-1.488,8.681975155363643,0.8920151184391345,True
optimistic,-1.487,8.645609555763476,0.8927186846378462,True
optimistic,-1.486,8.609340256707952,0.8934219697741231,True
optimistic,-1.485,8.573167177594318,0.8941249732669352,True
optimistic,-1.484,8.537090237177473,0.8948276945350556,True
optimistic,-1.483,8.501109353573952,0.8955301329970666,True
optimistic,-1.482,8.4652244442658,0.8962322880713631,True
optimistic,-1.481,8.42943542610454,0.8969341591761626,True
optimistic,-1.48,8.39374221531501,0.8976357457295034,True
optimistic,-1.479,8.3581447274993,0.8983370471492553,True
optimistic,-1.478,8.322642877640549,0.8990380628531232,True
optimistic,-1.477,8.28723658010686,0.8997387922586525,True
optimistic,-1.476,8.251925748655072,0.9004392347832342,True
optimistic,-1.475,8.216710296434632,0.901139389844111,True
optimistic,-1.474,8.181590135991335,0.9018392568583817,True
optimistic,-1.473,8.146565179271196,0.9025388352430077,True
optimistic,-1.472,8.111635337624113,0.9032381244148181,True
optimistic,-1.471,8.07680052180774,0.9039371237905136,True
optimistic,-1.47,8.04206064199114,0.9046358327866763,True
optimistic,-1.469,8.007415607758562,0.9053342508197695,True
optimistic,-1.468,7.972865328113122,0.9060323773061485,True
optimistic,-1.467,7.9384097114805545,0.9067302116620618,True
optimistic,-1.466,7.904048665712815,0.9074277533036609,True
optimistic,-1.465,7.869782098091833,0.9081250016470018,True
optimistic,-1.464,7.835609915333106,0.9088219561080538,True
optimistic,-1.463,7.80153202358938,0.9095186161027037,True
optimistic,-1.462,7.767548328454239,0.9102149810467619,True
optimistic,-1.461,7.733658734965764,0.9109110503559681,True
optimistic,-1.46,7.69986314761007,0.9116068234459958,True
optimistic,-1.459,7.66616147032496,0.912302299732461,True
optimistic,-1.458,7.632553606503426,0.9129974786309253,True
optimistic,-1.457,7.599039458997265,0.9136923595569023,True
optimistic,-1.456,7.5656189301205625,0.914386941925864,True
optimistic,-1.455,7.532291921653283,0.9150812251532464,True
optimistic,-1.454,7.499058334844709,0.9157752086544557,True
optimistic,-1.453,7.465918070417026,0.9164688918448723,True
optimistic,-1.452,7.432871028568727,0.9171622741398608,True
optimistic,-1.451,7.399917108978154,0.9178553549547711,True
optimistic,-1.45,7.367056210806891,0.9185481337049473,True
optimistic,-1.449,7.334288232703285,0.9192406098057333,True
optimistic,-1.448,7.3016130728057975,0.919932782672479,True
optimistic,-1.447,7.26903062874649,0.9206246517205446,True
optimistic,-1.446,7.236540797654377,0.9213162163653082,True
optimistic,-1.445,7.204143476158866,0.9220074760221728,True
optimistic,-1.444,7.171838560393084,0.9226984301065697,True
optimistic,-1.443,7.139625945997291,0.9233890780339661,True
optimistic,-1.442,7.10750552812219,0.924079419219872,True
optimistic,-1.441,7.075477201432311,0.9247694530798453,True
optimistic,-1.44,7.043540860109283,0.9254591790294981,True
optimistic,-1.439,7.01169639785519,0.9261485964845025,True
optimistic,-1.438,6.979943707895847,0.9268377048605987,True
optimistic,-1.437,6.9482826829841144,0.9275265035735977,True
optimistic,-1.436,6.916713215403114,0.928214992039392,True
optimistic,-1.435,6.885235196969572,0.9289031696739585,True
optimistic,-1.434,6.85384851903698,0.9295910358933654,True
optimistic,-1.433,6.822553072498915,0.9302785901137801,True
optimistic,-1.432,6.791348747792187,0.9309658317514743,True
optimistic,-1.431,6.760235434900103,0.9316527602228294,True
optimistic,-1.43,6.729213023355635,0.9323393749443456,True
optimistic,-1.429,6.698281402244632,0.9330256753326457,True
optimistic,-1.428,6.667440460208944,0.933711660804483,True
optimistic,-1.427,6.636690085449654,0.9343973307767467,True
optimistic,-1.426,6.606030165730152,0.9350826846664699,True
optimistic,-1.425,6.575460588379335,0.9357677218908349,True
optimistic,-1.424,6.544981240294678,0.9364524418671789,True
optimistic,-1.423,6.51459200794539,0.937136844013003,True
optimistic,-1.422,6.484292777375469,0.9378209277459768,True
optimistic,-1.421,6.454083434206841,0.938504692483945,True
optimistic,-1.42,6.423963863642381,0.9391881376449356,True
optimistic,-1.419,6.393933950469026,0.9398712626471645,True
optimistic,-1.418,6.363993579060779,0.9405540669090435,True
optimistic,-1.417,6.3341426333818,0.9412365498491857,True
optimistic,-1.416,6.304380996989382,0.9419187108864139,True
optimistic,-1.415,6.274708553037013,0.9426005494397661,True
optimistic,-1.414,6.245125184277342,0.9432820649285025,True
optimistic,-1.413,6.215630773065207,0.9439632567721113,True
optimistic,-1.412,6.186225201360574,0.9446441243903172,True
optimistic,-1.411,6.156908350731565,0.9453246672030873,True
optimistic,-1.41,6.127680102357342,0.9460048846306376,True
optimistic,-1.409,6.098540337031138,0.9466847760934394,True
optimistic,-1.408,6.069488935163103,0.9473643410122279,True
optimistic,-1.407,6.040525776783313,0.9480435788080074,True
optimistic,-1.406,6.01165074154461,0.9487224889020585,True
optimistic,-1.405,5.982863708725562,0.949401070715945,True
optimistic,-1.404,5.954164557233308,0.9500793236715221,True
optimistic,-1.403,5.92555316560647,0.9507572471909403,True
optimistic,-1.402,5.897029412017991,0.9514348406966557,True
optimistic,-1.401,5.868593174278029,0.9521121036114351,True
optimistic,-1.4,5.840244329836761,0.9527890353583629,True
optimistic,-1.399,5.811982755787252,0.9534656353608479,True
optimistic,-1.398,5.783808328868255,0.954141903042633,True
optimistic,-1.397,5.755720925467047,0.9548178378277977,True
optimistic,-1.396,5.7277204216222035,0.9554934391407696,True
optimistic,-1.395,5.699806693026415,0.956168706406327,True
optimistic,-1.394,5.671979615029254,0.9568436390496109,True
optimistic,-1.393,5.644239062639953,0.9575182364961276,True
optimistic,-1.392,5.616584910530144,0.9581924981717593,True
optimistic,-1.391,5.589017033036649,0.958866423502768,True
optimistic,-1.39,5.561535304164165,0.9595400119158064,True
optimistic,-1.389,5.534139597588039,0.9602132628379209,True
optimistic,-1.388,5.506829786656944,0.9608861756965623,True
optimistic,-1.387,5.479605744395631,0.9615587499195912,True
optimistic,-1.386,5.452467343507579,0.9622309849352849,True
optimistic,-1.385,5.425414456377723,0.9629028801723459,True
optimistic,-1.384,5.398446955075084,0.963574435059909,True
optimistic,-1.383,5.371564711355491,0.9642456490275472,True
optimistic,-1.382,5.344767596664181,0.9649165215052795,True
optimistic,-1.381,5.31805548213849,0.96558705192358,True
optimistic,-1.38,5.291428238610445,0.9662572397133826,True
optimistic,-1.379,5.264885736609437,0.9669270843060901,True
optimistic,-1.378,5.238427846364784,0.9675965851335802,True
optimistic,-1.377,5.21205443780839,0.9682657416282139,True
optimistic,-1.376,5.18576538057729,0.9689345532228428,True
optimistic,-1.375,5.159560544016276,0.9696030193508156,True
optimistic,-1.374,5.133439797180448,0.9702711394459866,True
optimistic,-1.373,5.1074030088377755,0.9709389129427219,True
optimistic,-1.372,5.081450047471693,0.9716063392759086,True
optimistic,-1.371,5.055580781283584,0.9722734178809602,True
optimistic,-1.37,5.029795078195385,0.9729401481938257,True
optimistic,-1.369,5.004092805852048,0.9736065296509957,True
optimistic,-1.368,4.978473831624117,0.9742725616895109,True
optimistic,-1.367,4.9529380226101845,0.9749382437469691,True
optimistic,-1.366,4.92748524563943,0.9756035752615333,True
optimistic,-1.365,4.902115367274078,0.9762685556719379,True
optimistic,-1.364,4.876828253811907,0.9769331844174982,True
optimistic,-1.363,4.851623771288689,0.9775974609381161,True
optimistic,-1.362,4.826501785480676,0.9782613846742886,True
optimistic,-1.361,4.801462161907027,0.9789249550671154,True
optimistic,-1.36,4.776504765832287,0.9795881715583059,True
optimistic,-1.359,4.751629462268766,0.9802510335901876,True
optimistic,-1.358,4.726836115979024,0.9809135406057135,True
optimistic,-1.357,4.7021245914782295,0.9815756920484682,True
optimistic,-1.356,4.67749475303661,0.9822374873626787,True
optimistic,-1.355,4.652946464681815,0.9828989259932193,True
optimistic,-1.354,4.628479590201329,0.9835600073856199,True
optimistic,-1.353,4.604093993144826,0.9842207309860747,True
optimistic,-1.352,4.579789536826562,0.984881096241448,True
optimistic,-1.351,4.555566084327715,0.9855411025992847,True
optimistic,-1.35,4.531423498498765,0.9862007495078154,True
optimistic,-1.349,4.50736164196179,0.9868600364159646,True
optimistic,-1.348,4.483380377112859,0.9875189627733598,True
optimistic,-1.347,4.459479566124303,0.9881775280303373,True
optimistic,-1.346,4.435659070947076,0.9888357316379524,True
optimistic,-1.345,4.411918753313023,0.9894935730479849,True
optimistic,-1.344,4.388258474737217,0.9901510517129479,True
optimistic,-1.343,4.364678096520218,0.9908081670860955,True
optimistic,-1.342,4.341177479750383,0.9914649186214298,True
optimistic,-1.341,4.317756485306106,0.9921213057737113,True
optimistic,-1.34,4.294414973858129,0.992777327998462,True
optimistic,-1.339,4.271152805871747,0.9934329847519788,True
optimistic,-1.338,4.247969841609104,0.9940882754913372,True
optimistic,-1.337,4.22486594113139,0.9947431996744006,True
optimistic,-1.336,4.201840964301115,0.9953977567598282,True
optimistic,-1.335,4.1788947707842885,0.9960519462070831,True
optimistic,-1.334,4.156027220052683,0.9967057674764392,True
optimistic,-1.333,4.133238171385985,0.9973592200289901,True
optimistic,-1.332,4.110527483874049,0.9980123033266567,True
optimistic,-1.331,4.08789501641904,0.9986650168321947,True
optimistic,-1.33,4.065340627737661,0.9993173600092023,True
optimistic,-1.329,4.04286417636328,0.9999693323221303,True
optimistic,-1.328,4.020465520648143,1.0006209332362859,False
optimistic,-1.327,3.998144518765486,1.0012721622178453,False
optimistic,-1.326,3.975901028711732,1.0019230187338573,False
optimistic,-1.325,3.953734908308584,1.002573502252255,False
optimistic,-1.324,3.9316460152052115,1.0032236122418607,False
optimistic,-1.323,3.9096342068803227,1.003873348172397,False
optimistic,-1.322,3.8876993406443314,1.0045227095144906,False
optimistic,-1.321,3.865841273641432,1.0051716957396846,False
optimistic,-1.32,3.844059862851729,1.005820306320443,False
optimistic,-1.319,3.8223549650933046,1.006468540730162,False
optimistic,-1.318,3.800726437024338,1.0071163984431737,False
optimistic,-1.317,3.7791741351451504,1.007763878934759,False
optimistic,-1.316,3.757697915800312,1.0084109816811513,False
optimistic,-1.315,3.7362976351806707,1.0090577061595472,False
optimistic,-1.314,3.7149731493254463,1.0097040518481137,False
optimistic,-1.313,3.693724314124241,1.0103500182259961,False
optimistic,-1.312,3.672550985319119,1.0109956047733253,False
optimistic,-1.311,3.6514530185066048,1.011640810971228,False
optimistic,-1.31,3.630430269139744,1.0122856363018315,False
optimistic,-1.309,3.6094825925300906,1.0129300802482755,False
optimistic,-1.308,3.5886098438497465,1.0135741422947167,False
optimistic,-1.307,3.567811878133341,1.0142178219263382,False
optimistic,-1.306,3.547088550280054,1.01486111862936,False
optimistic,-1.305,3.526439715055577,1.0155040318910409,False
optimistic,-1.304,3.5058652270941266,1.0161465611996927,False
optimistic,-1.303,3.485364940900387,1.0167887060446867,False
optimistic,-1.302,3.464938710851513,1.0174304659164584,False
optimistic,-1.301,3.444586391199053,1.01807184030652,False
optimistic,-1.3,3.4243078360709434,1.0187128287074654,False
optimistic,-1.299,3.404102899473412,1.01935343061298,False
optimistic,-1.298,3.3839714352929593,1.0199936455178482,False
optimistic,-1.297,3.3639132972982533,1.0206334729179607,False
optimistic,-1.296,3.343928339142091,1.0212729123103244,False
optimistic,-1.295,3.3240164143632773,1.0219119631930675,False
optimistic,-1.294,3.304177376388575,1.022550625065451,False
optimistic,-1.293,3.28441107853458,1.023188897427875,False
optimistic,-1.292,3.2647173740096385,1.0238267797818859,False
optimistic,-1.291,3.245096115915714,1.0244642716301864,False
optimistic,-1.29,3.225547157250307,1.0251013724766418,False
optimistic,-1.289,3.2060703509082886,1.0257380818262898,False
optimistic,-1.288,3.1866655496838083,1.0263743991853473,False
optimistic,-1.287,3.1673326062721276,1.027010324061218,False
optimistic,-1.286,3.148071373271507,1.0276458559625026,False
optimistic,-1.285,3.128881703185018,1.0282809943990048,False
optimistic,-1.284,3.109763448422425,1.02891573888174,False
optimistic,-1.283,3.0907164613019837,1.029550088922944,False
optimistic,-1.282,3.0717405940523097,1.0301840440360803,False
optimistic,-1.281,3.052835698814163,1.0308176037358476,False
optimistic,-1.28,3.034001627642299,1.0314507675381894,False
optimistic,-1.279,3.0152382325072438,1.0320835349603017,False
optimistic,-1.278,2.996545365297136,1.032715905520639,False
optimistic,-1.277,2.977922877819483,1.033347878738926,False
optimistic,-1.276,2.9593706218029854,1.033979454136162,False
optimistic,-1.275,2.940888448899294,1.0346106312346315,False
optimistic,-1.274,2.9224762106848137,1.0352414095579106,False
optimistic,-1.273,2.904133758662442,1.0358717886308757,False
optimistic,-1.272,2.885860944263368,1.036501767979712,False
optimistic,-1.271,2.867657618848798,1.0371313471319215,False
optimistic,-1.27,2.8495236337117347,1.0377605256163291,False
optimistic,-1.269,2.8314588400786977,1.0383893029630935,False
optimistic,-1.268,2.8134630891114907,1.039017678703713,False
optimistic,-1.267,2.7955362319088994,1.0396456523710342,False
optimistic,-1.266,2.7776781195084554,1.040273223499261,False
optimistic,-1.265,2.7598886028881204,1.040900391623961,False
optimistic,-1.264,2.7421675329680344,1.0415271562820738,False
optimistic,-1.263,2.7245147606121907,1.0421535170119207,False
optimistic,-1.262,2.706930136630168,1.0427794733532094,False
optimistic,-1.261,2.6894135117787963,1.043405024847046,False
optimistic,-1.26,2.6719647367638757,1.044030171035939,False
optimistic,-1.259,2.654583662241834,1.0446549114638108,False
optimistic,-1.258,2.637270138821426,1.0452792456760025,False
optimistic,-1.257,2.6200240170653792,1.0459031732192847,False
optimistic,-1.256,2.60284514749209,1.0465266936418625,False
optimistic,-1.255,2.58573338057725,1.047149806493387,False
optimistic,-1.254,2.5686885667555317,1.0477725113249585,False
optimistic,-1.253,2.5517105564222025,1.0483948076891396,False
optimistic,-1.252,2.5347991999347985,1.0490166951399595,False
optimistic,-1.251,2.5179543476147304,1.0496381732329225,False
optimistic,-1.25,2.501175849748939,1.0502592415250178,False
optimistic,-1.249,2.484463556591496,1.0508798995747244,False
optimistic,-1.248,2.467817318365233,1.051500146942022,False
optimistic,-1.247,2.4512369852633613,1.0521199831883956,False
optimistic,-1.246,2.434722407451056,1.0527394078768473,False
optimistic,-1.245,2.4182734350670834,1.0533584205718998,False
optimistic,-1.244,2.401889918225364,1.053977020839608,False
optimistic,-1.243,2.385571707016595,1.0545952082475636,False
optimistic,-1.242,2.3693186515098033,1.0552129823649066,False
optimistic,-1.241,2.3531306017539473,1.055830342762329,False
optimistic,-1.24,2.3370074077794643,1.0564472890120857,False
optimistic,-1.239,2.320948919599863,1.0570638206880003,False
optimistic,-1.238,2.304954987213257,1.0576799373654744,False
optimistic,-1.237,2.2890254606039444,1.0582956386214946,False
optimistic,-1.236,2.2731601897439315,1.0589109240346397,False
optimistic,-1.235,2.257359024594504,1.0595257931850894,False
optimistic,-1.234,2.2416218151077354,1.0601402456546316,False
optimistic,-1.233,2.225948411228048,1.0607542810266697,False
optimistic,-1.232,2.2103386628937103,1.0613678988862312,False
optimistic,-1.231,2.1947924200383904,1.061981098819974,False
optimistic,-1.23,2.179309532592639,1.062593880416196,False
optimistic,-1.229,2.1638898504854276,1.0632062432648408,False
optimistic,-1.228,2.1485332236456296,1.063818186957506,False
optimistic,-1.227,2.133239502003544,1.0644297110874512,False
optimistic,-1.226,2.1180085354923617,1.065040815249606,False
optimistic,-1.225,2.102840174049682,1.0656514990405757,False
optimistic,-1.224,2.087734267618967,1.0662617620586508,False
optimistic,-1.223,2.072690666151053,1.0668716039038142,False
optimistic,-1.222,2.057709219605583,1.067481024177747,False
optimistic,-1.221,2.042789777952514,1.0680900224838388,False
optimistic,-1.22,2.0279321911735413,1.0686985984271928,False
optimistic,-1.219,2.0131363092635906,1.069306751614635,False
optimistic,-1.218,1.9984019822322339,1.0699144816547206,False
optimistic,-1.217,1.983729060105167,1.0705217881577413,False
optimistic,-1.216,1.969117392925622,1.071128670735734,False
optimistic,-1.215,1.954566830755829,1.0717351290024866,False
optimistic,-1.214,1.9400772236784198,1.072341162573547,False
optimistic,-1.213,1.925648421797878,1.0729467710662295,False
optimistic,-1.212,1.9112802752419353,1.073551954099622,False
optimistic,-1.211,1.8969726341630073,1.0741567112945936,False
optimistic,-1.21,1.8827253487395805,1.0747610422738023,False
optimistic,-1.209,1.8685382691776407,1.0753649466617026,False
optimistic,-1.208,1.8544112457120459,1.0759684240845513,False
optimistic,-1.207,1.840344128607948,1.0765714741704158,False
optimistic,-1.206,1.8263367681621518,1.0771740965491818,False
optimistic,-1.205,1.8123890147045276,1.0777762908525592,False
optimistic,-1.204,1.7985007185993636,1.0783780567140906,False
optimistic,-1.203,1.7846717302467616,1.0789793937691576,False
optimistic,-1.202,1.770901900083986,1.0795803016549885,False
optimistic,-1.201,1.7571910785868468,1.0801807800106653,False
optimistic,-1.2,1.7435391162710354,1.0807808284771305,False
optimistic,-1.199,1.729945863693502,1.0813804466971944,False
optimistic,-1.198,1.7164111714537802,1.0819796343155426,False
optimistic,-1.197,1.7029348901953527,1.0825783909787428,False
optimistic,-1.196,1.689516870606969,1.0831767163352508,False
optimistic,-1.195,1.6761569634239994,1.08377461003542,False
optimistic,-1.194,1.6628550194297407,1.084372071731505,False
optimistic,-1.193,1.6496108894567638,1.0849691010776719,False
optimistic,-1.192,1.6364244243882091,1.0855656977300034,False
optimistic,-1.191,1.6232954751591218,1.0861618613465052,False
optimistic,-1.19,1.6102238927577397,1.0867575915871146,False
optimistic,-1.189,1.597209528226818,1.0873528881137067,False
optimistic,-1.188,1.5842522326649078,1.0879477505901005,False
optimistic,-1.187,1.5713518572276712,1.0885421786820662,False
optimistic,-1.186,1.558508253129148,1.0891361720573334,False
optimistic,-1.185,1.5457212716430653,1.0897297303855944,False
optimistic,-1.184,1.5329907641040907,1.0903228533385152,False
optimistic,-1.183,1.5203165819091335,1.0909155405897388,False
optimistic,-1.182,1.5076985765185895,1.091507791814894,False
optimistic,-1.181,1.4951365994576304,1.0920996066916016,False
optimistic,-1.18,1.4826305023174406,1.092690984899479,False
optimistic,-1.179,1.4701801367564977,1.0932819261201507,False
optimistic,-1.178,1.4577853545017982,1.0938724300372518,False
optimistic,-1.177,1.4454460073501285,1.0944624963364356,False
optimistic,-1.176,1.4331619471692825,1.09505212470538,False
optimistic,-1.175,1.420933025899322,1.0956413148337947,False
optimistic,-1.174,1.4087590955537856,1.0962300664134266,False
optimistic,-1.173,1.396640008220939,1.0968183791380663,False
optimistic,-1.172,1.384575616064975,1.097406252703556,False
optimistic,-1.171,1.3725657713272545,1.097993686807794,False
optimistic,-1.17,1.3606103263274971,1.0985806811507428,False
optimistic,-1.169,1.348709133465012,1.0991672354344335,False
optimistic,-1.168,1.3368620452198814,1.0997533493629748,False
optimistic,-1.167,1.3250689141541785,1.1003390226425553,False
optimistic,-1.166,1.3133295929131443,1.100924254981455,False
optimistic,-1.165,1.3016439342263981,1.101509046090047,False
optimistic,-1.164,1.2900117909091005,1.1020933956808046,False
optimistic,-1.163,1.2784330158631576,1.1026773034683102,False
optimistic,-1.162,1.266907462078375,1.1032607691692584,False
optimistic,-1.161,1.2554349826336506,1.1038437925024636,False
optimistic,-1.16,1.2440154306981221,1.1044263731888648,False
optimistic,-1.159,1.2326486595323494,1.105008510951534,False
optimistic,-1.158,1.2213345224894523,1.1055902055156794,False
optimistic,-1.157,1.2100728730162849,1.106171456608653,False
optimistic,-1.156,1.1988635646545645,1.106752263959957,False
optimistic,-1.155,1.1877064510420356,1.1073326273012483,False
optimistic,-1.154,1.1766013859135906,1.1079125463663446,False
optimistic,-1.153,1.165548223102426,1.1084920208912323,False
optimistic,-1.152,1.1545468165411492,1.1090710506140693,False
optimistic,-1.151,1.1435970202629318,1.1096496352751923,False
optimistic,-1.15,1.1326986884026067,1.1102277746171236,False
optimistic,-1.149,1.121851675197806,1.1108054683845747,False
optimistic,-1.148,1.1110558349900568,1.111382716324453,False
optimistic,-1.147,1.1003110222259067,1.1119595181858684,False
optimistic,-1.146,1.0896170914580103,1.112535873720137,False
optimistic,-1.145,1.078973897346247,1.113111782680788,False
optimistic,-1.144,1.068381294658798,1.1136872448235686,False
optimistic,-1.143,1.0578391382732564,1.114262259906451,False
optimistic,-1.142,1.0473472831776915,1.1148368276896354,False
optimistic,-1.141,1.0369055844717554,1.1154109479355567,False
optimistic,-1.14,1.0265138973677366,1.1159846204088917,False
optimistic,-1.139,1.0161720771916545,1.1165578448765612,False
optimistic,-1.138,1.005879979384308,1.1171306211077372,False
optimistic,-1.137,0.9956374595023604,1.1177029488738481,False
optimistic,-1.136,0.9854443732193783,1.1182748279485837,False
optimistic,-1.135,0.9753005763269086,1.1188462581079008,False
optimistic,-1.134,0.965205924735508,1.1194172391300286,False
optimistic,-1.133,0.9551602744758114,1.1199877707954706,False
optimistic,-1.132,0.9451634816995544,1.1205578528870175,False
optimistic,-1.131,0.9352154026806286,1.1211274851897417,False
optimistic,-1.13,0.9253158938160995,1.1216966674910127,False
optimistic,-1.129,0.9154648116272533,1.122265399580494,False
optimistic,-1.128,0.9056620127606025,1.1228336812501538,False
optimistic,-1.127,0.8959073539889268,1.1234015122942662,False
optimistic,-1.126,0.88620069221227,1.123968892509418,False
optimistic,-1.125,0.8765418844589706,1.124535821694513,False
optimistic,-1.124,0.8669307878866543,1.1251022996507762,False
optimistic,-1.123,0.8573672597832434,1.125668326181761,False
optimistic,-1.122,0.8478511575679633,1.1262339010933502,False
optimistic,-1.121,0.838382338792321,1.1267990241937638,False
optimistic,-1.12,0.8289606611411149,1.1273636952935628,False
optimistic,-1.119,0.8195859824334015,1.1279279142056524,False
optimistic,-1.118,0.8102581606234971,1.1284916807452894,False
optimistic,-1.117,0.8009770538019357,1.129054994730084,False
optimistic,-1.116,0.791742520196462,1.1296178559800056,False
optimistic,-1.115,0.7825544181729814,1.1301802643173884,False
optimistic,-1.114,0.7734126062365436,1.1307422195669317,False
optimistic,-1.113,0.7643169430322857,1.1313037215557107,False
optimistic,-1.112,0.7552672873464051,1.1318647701131745,False
optimistic,-1.111,0.7462634981070955,1.1324253650711553,False
optimistic,-1.11,0.7373054343855104,1.1329855062638685,False
optimistic,-1.109,0.7283929553966916,1.1335451935279206,False
optimistic,-1.108,0.7195259205005241,1.134104426702311,False
optimistic,-1.107,0.7107041892026551,1.1346632056284374,False
optimistic,-1.106,0.7019276211554413,1.135221530150099,False
optimistic,-1.105,0.6931960761588595,1.1357794001135018,False
optimistic,-1.104,0.6845094141614447,1.13633681536726,False
optimistic,-1.103,0.6758674952611933,1.1368937757624045,False
optimistic,-1.102,0.6672701797064922,1.137450281152381,False
optimistic,-1.101,0.658717327897013,1.1380063313930597,False
optimistic,-1.1,0.6502088003846337,1.138561926342735,False
optimistic,-1.099,0.6417444578743239,1.1391170658621312,False
optimistic,-1.098,0.6333241612250584,1.1396717498144049,False
optimistic,-1.097,0.624947771450694,1.1402259780651518,False
optimistic,-1.096,0.6166151497208738,1.1407797504824055,False
optimistic,-1.095,0.6083261573618972,1.1413330669366464,False
optimistic,-1.094,0.6000806558576152,1.1418859273008002,False
optimistic,-1.093,0.5918785068502904,1.1424383314502464,False
optimistic,-1.092,0.5837195721414863,1.1429902792628173,False
optimistic,-1.091,0.5756037136929187,1.1435417706188054,False
optimistic,-1.09,0.5675307936273347,1.144092805400963,False
optimistic,-1.089,0.5595006742293576,1.144643383494509,False
optimistic,-1.088,0.5515132179463567,1.1451935047871298,False
optimistic,-1.087,0.5435682873892843,1.1457431691689843,False
optimistic,-1.086,0.5356657453335371,1.1462923765327058,False
optimistic,-1.085,0.5278054547197845,1.1468411267734056,False
optimistic,-1.084,0.5199872786548219,1.1473894197886765,False
optimistic,-1.083,0.512211080412391,1.1479372554785956,False
optimistic,-1.082,0.5044767234340246,1.1484846337457277,False
optimistic,-1.081,0.49678407132985813,1.1490315544951275,False
optimistic,-1.08,0.48913298787946685,1.1495780176343433,False
optimistic,-1.079,0.48152333703266875,1.1501240230734198,False
optimistic,-1.078,0.47395498291035293,1.1506695707249002,False
optimistic,-1.077,0.4664277898052761,1.1512146605038307,False
optimistic,-1.076,0.4589416221828803,1.1517592923277618,False
optimistic,-1.075,0.4514963446820819,1.1523034661167508,False
optimistic,-1.074,0.44409182211608267,1.152847181793366,False
optimistic,-1.073,0.43672791947314826,1.1533904392826886,False
optimistic,-1.072,0.4294045019174119,1.1539332385123144,False
optimistic,-1.071,0.4221214347896452,1.1544755794123582,False
optimistic,-1.07,0.4148785836080527,1.1550174619154534,False
optimistic,-1.069,0.40767581406903486,1.1555588859567583,False
optimistic,-1.068,0.4005129920479745,1.1560998514739553,False
optimistic,-1.067,0.3933899835999912,1.1566403584072544,False
optimistic,-1.066,0.38630665496071964,1.1571804066993963,False
optimistic,-1.065,0.3792628725470558,1.157719996295653,False
optimistic,-1.064,0.3722585029579272,1.1582591271438314,False
optimistic,-1.063,0.36529341297503076,1.1587977991942753,False
optimistic,-1.062,0.3583674695635946,1.1593360123998655,False
optimistic,-1.061,0.3514805398731083,1.1598737667160262,False
optimistic,-1.06,0.34463249123807554,1.160411062100721,False
optimistic,-1.059,0.3378231911787373,1.1609478985144621,False
optimistic,-1.058,0.3310525074018154,1.1614842759203048,False
optimistic,-1.057,0.3243203078012277,1.1620201942838553,False
optimistic,-1.056,0.31762646045882376,1.1625556535732688,False
optimistic,-1.055,0.31097083364509154,1.1630906537592536,False
optimistic,-1.054,0.30435329581988496,1.1636251948150704,False
optimistic,-1.053,0.2977737156331225,1.1641592767165374,False
optimistic,-1.052,0.29123196192550643,1.1646928994420283,False
optimistic,-1.051,0.2847279037292133,1.1652260629724762,False
optimistic,-1.05,0.27826141026860507,1.1657587672913743,False
optimistic,-1.049,0.2718323509609114,1.166291012384778,False
optimistic,-1.048,0.26544059541693227,1.166822798241305,False
optimistic,-1.047,0.2590860134417125,1.1673541248521386,False
optimistic,-1.046,0.25276847503523603,1.167884992211027,False
optimistic,-1.045,0.246487850393093,1.1684154003142864,False
optimistic,-1.044,0.24024400990716455,1.168945349160801,False
optimistic,-1.043,0.2340368241662822,1.1694748387520246,False
optimistic,-1.042,0.2278661639569052,1.1700038690919816,False
optimistic,-1.041,0.22173190026377126,1.1705324401872692,False
optimistic,-1.04,0.2156339042705655,1.1710605520470556,False
optimistic,-1.039,0.2095720473605636,1.1715882046830848,False
optimistic,-1.038,0.20354620111729185,1.1721153981096744,False
optimistic,-1.037,0.19755623732516295,1.172642132343718,False
optimistic,-1.036,0.19160202797012768,1.1731684074046855,False
optimistic,-1.035,0.1856834452403022,1.1736942233146248,False
optimistic,-1.034,0.179800361526612,1.1742195800981612,False
optimistic,-1.033,0.1739526494234108,1.1747444777824987,False
optimistic,-1.032,0.1681401817291166,1.1752689163974208,False
optimistic,-1.031,0.1623628314468225,1.1757928959752917,False
optimistic,-1.03,0.15662047178492433,1.1763164165510542,False
optimistic,-1.029,0.15091297615772348,1.1768394781622338,False
optimistic,-1.028,0.14524021818604652,1.1773620808489367,False
optimistic,-1.027,0.13960207169783992,1.1778842246538512,False
optimistic,-1.026,0.13399841072878127,1.1784059096222472,False
optimistic,-1.025,0.12842910952286618,1.1789271358019773,False
optimistic,-1.024,0.12289404253301162,1.1794479032434768,False
optimistic,-1.023,0.117393084421634,1.179968211999764,False
optimistic,-1.022,0.1119261100612449,1.1804880621264395,False
optimistic,-1.021,0.10649299453502133,1.181007453681688,False
optimistic,-1.02,0.10109361313739253,1.1815263867262755,False
optimistic,-1.019,0.09572784137460301,1.182044861323553,False
optimistic,-1.018,0.09039555496529054,1.1825628775394528,False
optimistic,-1.017,0.08509662984104172,1.1830804354424913,False
optimistic,-1.016,0.07983094214696149,1.183597535103767,False
optimistic,-1.015,0.07459836824222062,1.184114176596961,False
optimistic,-1.014,0.06939878470061739,1.1846303599983359,False
optimistic,-1.013,0.06423206831111684,1.1851460853867373,False
optimistic,-1.012,0.059098096078404334,1.1856613528435913,False
optimistic,-1.011,0.05399674522341684,1.1861761624529057,False
optimistic,-1.01,0.04892789318388831,1.186690514301268,False
optimistic,-1.009,0.04389141761487311,1.1872044084778464,False
optimistic,-1.008,0.03888719638928312,1.1877178450743886,False
optimistic,-1.007,0.03391510759840313,1.1882308241852213,False
optimistic,-1.006,0.02897502955241998,1.1887433459072483,False
optimistic,-1.005,0.024066840780929837,1.1892554103399513,False
optimistic,-1.004,0.019190420033459277,1.1897670175853892,False
optimistic,-1.003,0.014345646279964631,1.1902781677481968,False
optimistic,-1.002,0.009532398711344776,1.1907888609355817,False
optimistic,-1.001,0.004750556739932681,1.191299097257328,False
