alpha,A,score,passes,classification,conservative_score,conservative_public_rate,conservative_high_cadence_rate,optimistic_score,optimistic_public_rate,optimistic_high_cadence_rate,D_med_Gpc
-2.499,0.7909907884113159,2.857142857142857,False,fails,2.857142857142857,0.9165413892625822,3.48801538382425,2.857142857142857,4.364232807007508,4.282372464996346,1.389996045339251e-150
-2.498,1.574686300242985,2.857142857142857,False,fails,2.857142857142857,0.9171015045424755,3.4803466220007158,2.857142857142857,4.3615673730635995,4.272252283403816,2.514852283195494e-75
-2.497,2.3511354129393975,2.857142857142857,False,fails,2.857142857142857,0.9176619327040588,3.4726948491226235,2.857142857142857,4.358903706742272,4.26215620644131,3.064399992905228e-50
-2.496,3.1203867202432796,2.857142857142857,False,fails,2.857142857142857,0.9182226738484937,3.4650600278332626,2.857142857142857,4.356241807049951,4.252084177014289,1.069699859248366e-37
-2.495,3.8824885337099437,2.857142857142857,False,fails,2.857142857142857,0.9187837280767032,3.457442120857932,2.857142857142857,4.353581672994178,4.2420361381632,3.5893171187503004e-30
-2.494,4.637488884210461,2.857142857142857,False,fails,2.857142857142857,0.9193450954893693,3.449841091003759,2.857142857142857,4.350923303583615,4.232012033063154,3.7340353463243457e-25
-2.493,5.38543552342933,2.857142857142857,False,fails,2.857142857142857,0.9199067761869318,3.4422569011595203,2.857142857142857,4.348266697828054,4.222011805023607,1.4317554641523862e-21
-2.492,6.126375925352621,2.857142857142857,False,fails,2.857142857142857,0.920468770269587,3.4346895142954765,2.857142857142857,4.345611854738407,4.212035397488064,6.976485045909627e-19
-2.491,6.860357287751903,2.857142857142857,False,fails,2.857142857142857,0.9210310778372869,3.427138893463173,2.857142857142857,4.34295877332671,4.20208275403373,8.592563467400413e-17
-2.49,7.587426533657425,2.8571428571428545,False,fails,2.8571428571428545,0.9215936989897388,3.4196050017952744,2.8571428571428545,4.340307452606117,4.192153818371221,4.0412118096325846e-15
-2.489,8.307630312825822,2.857142857142788,False,fails,2.857142857142788,0.9221566338264021,3.41208780250538,2.857142857142788,4.337657891590909,4.18224853434422,9.436909182416109e-14
-2.488,9.021015003198524,2.8571428571418975,False,fails,2.8571428571418975,0.9227198824464892,3.4045872588878607,2.8571428571418975,4.335010089296488,4.172366845929219,1.3034516034671978e-12
-2.487,9.727626712355997,2.857142857134005,False,fails,2.857142857134005,0.9232834449489636,3.3971033343176655,2.857142857134005,4.33236404473938,4.1625086972351335,1.202083512056346e-11
-2.486,10.427511278961445,2.8571428570834225,False,fails,2.8571428570834225,0.9238473214325386,3.389635992250151,2.8571428570834225,4.3297197569372265,4.152674032503047,8.071237427980394e-11
-2.485,11.12071427419918,2.8571428568332733,False,fails,2.8571428568332733,0.9244115119956772,3.3821851962209113,2.8571428568332733,4.327077224908799,4.14286279610587,4.204150048583212e-10
-2.484,11.807281003203823,2.8571428558308862,False,fails,2.8571428558308862,0.924976016736588,3.3747509098455923,2.8571428558308862,4.32443644767398,4.133074932548044,1.7816567278487964e-09
-2.483,12.487256506485453,2.857142852451611,False,fails,2.857142852451611,0.9255408357532287,3.3673330968197273,2.857142852451611,4.321797424253786,4.123310386465221,6.370712327812113e-09
-2.482,13.160685561344401,2.8571428425826584,False,fails,2.8571428425826584,0.9261059691433,3.3599317209185497,2.8571428425826584,4.319160153670344,4.113569102623957,1.977274987872751e-08
-2.481,13.827612683280822,2.85714281703129,False,fails,2.85714281703129,0.9266714170042494,3.3525467459968294,2.85714281703129,4.316524634946907,4.103851025921409,5.447150887369752e-08
-2.48,14.488082127395272,2.8571427572897155,False,fails,2.8571427572897155,0.9272371794332649,3.345178135988693,2.8571427572897155,4.313890867107846,4.094156101385016,1.3560056686401568e-07
-2.479,15.142137889785317,2.8571426292499664,False,fails,2.8571426292499664,0.9278032565272782,3.337825854907456,2.8571426292499664,4.311258849178654,4.084484274172208,3.094785458131066e-07
-2.478,15.789823708931955,2.85714237461675,False,fails,2.85714237461675,0.9283696483829607,3.330489866845434,2.85714237461675,4.308628580185943,4.07483548957008,6.552704539346026e-07
-2.477,16.43118306708096,2.857141899990031,False,fails,2.857141899990031,0.9289363550967249,3.3231701359737897,2.857141899990031,4.306000059157446,4.065209692995098,1.2998135384683931e-06
-2.476,17.066259191615426,2.85714106384106,False,fails,2.85714106384106,0.9295033767647193,3.3158666265423538,2.85714106384106,4.30337328512202,4.0556068299928025,2.4353038405455178e-06
-2.475,17.695095056424258,2.8571396618423126,False,fails,2.8571396618423126,0.9300707134828312,3.3085793028794406,2.8571396618423126,4.300748257109633,4.046026846237479,4.339218139648223e-06
-2.474,18.317733383260943,2.8571374111978876,False,fails,2.8571374111978876,0.9306383653466843,3.301308129391692,2.8571374111978876,4.2981249741513805,4.036469687531876,7.395593268870574e-06
-2.473,18.934216643097052,2.8571339347348825,False,fails,2.8571339347348825,0.931206332451637,3.294053070563896,2.8571339347348825,4.295503435279469,4.026935299806892,1.2116630030254146e-05
-2.472,19.544587057467346,2.8571287455515595,False,fails,2.8571287455515595,0.9317746148927796,3.286814090958826,2.8571287455515595,4.292883639527234,4.017423629121282,1.9163540982116342e-05
-2.471,20.14888659981076,2.8571212329807874,False,fails,2.8571212329807874,0.9323432127649366,3.2795911552170534,2.8571212329807874,4.290265585929119,4.0079346216613425,2.936561209110059e-05
-2.47,20.747156996801912,2.8571106505315216,False,fails,2.8571106505315216,0.9329121261626643,3.2723842280567967,2.8571106505315216,4.2876492735206995,3.998468223740624,4.3736578193826635e-05
-2.469,21.33943972967746,2.8570961063354208,False,fails,2.8570961063354208,0.9334813551802481,3.2651932742737357,2.8570961063354208,4.285034701338655,3.9890243817996223,6.348759649866028e-05
-2.468,21.925776035554165,2.857076556468692,False,fails,2.857076556468692,0.9340508999117025,3.258018258740856,2.857076556468692,4.282421868420799,3.9796030424054907,9.003631551608509e-05
-2.467,22.506206908742946,2.857050801357736,False,fails,2.857050801357736,0.9346207604507693,3.2508591464082617,2.857050801357736,4.279810773806046,3.9702041522517173,0.00012501175619539608
-2.466,23.08077310205365,2.8570174853242176,False,fails,2.8570174853242176,0.9351909368909173,3.2437159023030224,2.8570174853242176,4.2772014165344405,3.9608276581578523,0.00017025492971290174
-2.465,23.649515128094766,2.8569750991902265,False,fails,2.8569750991902265,0.9357614293253406,3.236588491528995,2.8569750991902265,4.274593795647139,3.951473507069195,0.00022781529967254042
-2.464,24.212473260565034,2.8569219857526527,False,fails,2.8569219857526527,0.9363322378469573,3.229476879266672,2.8569219857526527,4.271987910186424,3.942141646056518,0.0002999433478979513
-2.463,24.769687535541017,2.856856347850284,False,fails,2.856856347850284,0.9369033625484081,3.2223810307729823,2.856856347850284,4.269383759195683,3.9328320223157336,0.00038907961931468885
-2.462,25.321197752755708,2.856776258687179,False,fails,2.856776258687179,0.9374748035220565,3.2153009113811626,2.856776258687179,4.26678134171943,3.9235445831676414,0.0004978407028109205
-2.461,25.867043476872034,2.8566796740397793,False,fails,2.8566796740397793,0.9380465608599845,3.2082364865005504,2.8566796740397793,4.264180656803291,3.9142792760575986,0.0006290026539802914
-2.46,26.407264038748554,2.8565644459599944,False,fails,2.8565644459599944,0.9386186346539945,3.201187721616455,2.8565644459599944,4.2615817034940155,3.905036048555252,0.0007854823863278357
-2.459,26.94189853670114,2.8564283375886195,False,fails,2.8564283375886195,0.9391910249956078,3.1941545822899684,2.8564283375886195,4.2589844808394615,3.8958148483542367,0.0009703175546550042
-2.458,27.47098583775571,2.8562690387091965,False,fails,2.8562690387091965,0.9397637319760598,3.1871370341577983,2.8562690387091965,4.256388987888606,3.8866156232718643,0.001186645432911464
-2.457,27.994564578896302,2.8560841816983804,False,fails,2.8560841816983804,0.9403367556863035,3.180135042932108,2.8560841816983804,4.253795223691542,3.877438321248859,0.0014376812535997748
-2.456,28.512673168305227,2.8558713575617336,False,fails,2.8558713575617336,0.940910096217006,3.1731485744003733,2.8558713575617336,4.251203187299485,3.8682828903490667,0.0017266964311664374
-2.455,29.02534978659917,2.8556281317809584,False,fails,2.8556281317809584,0.9414837536585454,3.1661775944251636,2.8556281317809584,4.248612877764757,3.859149278759128,0.002056997041458555
-2.454,29.53263238805704,2.8553520597375877,False,fails,2.8553520597375877,0.9420577281010151,3.1592220689440373,2.8553520597375877,4.246024294140801,3.8500374347882373,0.0024319028763563583
-2.453,30.034558701842567,2.8550407015172414,False,fails,2.8550407015172414,0.9426320196342165,3.1522819639693314,2.8550407015172414,4.243437435482172,3.8409473068678133,0.0028547273395862116
-2.452,30.531166233219626,2.8546916359364256,False,fails,2.8546916359364256,0.9432066283476602,3.1453572455880345,2.8546916359364256,4.240852300844544,3.8318788435512445,0.003328758398334446
-2.451,31.022492264763507,2.8543024736693767,False,fails,2.8543024736693767,0.9437815543305657,3.1384478799615905,2.8543024736693767,4.238268889284707,3.822831993513571,0.0038572407569870265
-2.45,31.508573857563768,2.853870869385126,False,fails,2.853870869385126,0.944356797671859,3.131553833325758,2.853870869385126,4.2356871998605605,3.813806705551215,0.0044433593749998905
-2.449,31.98944785242243,2.8533945328342236,False,fails,2.8533945328342236,0.9449323584601714,3.124675071990432,2.8533945328342236,4.2331072316311165,3.8048029285816876,0.005090224411124186
-2.448,32.46515087104473,2.852871238850375,False,fails,2.852871238850375,0.9455082367838392,3.1178115623395084,2.852871238850375,4.2305289836565185,3.795820611643328,0.005800857641191086
-2.447,32.93571931722576,2.852298836254455,False,fails,2.852298836254455,0.9460844327309,3.110963270830681,2.852298836254455,4.227952454997999,3.786859703894964,0.0065781803664504
-2.446,33.401189378029436,2.851675255667245,False,fails,2.851675255667245,0.9466609463890948,3.1041301639953174,2.851675255667245,4.2253776447179305,3.7779201546156846,0.007425002803881661
-2.445,33.861597024962116,2.850998516252775,False,fails,2.850998516252775,0.9472377778458639,3.0973122084382716,2.850998516252775,4.222804551879777,3.7690019132045176,0.00834401492873211
-2.444,34.31697801513955,2.8502667314267995,False,fails,2.8502667314267995,0.9478149271883474,3.090509370837746,2.8502667314267995,4.220233175548132,3.760104929180177,0.009337778722406594
-2.443,34.76736789244958,2.8494781135748197,False,fails,2.8494781135748197,0.9483923945033823,3.083721617945106,2.8494781135748197,4.2176635147886925,3.7512291521807537,0.010408721765394872
-2.442,35.21280198870711,2.8486309778315717,False,fails,2.8486309778315717,0.9489701798775031,3.076948916584744,2.8486309778315717,4.215095568668276,3.742374531963447,0.011559132104726016
-2.441,35.65331542480425,2.8477237449792803,False,fails,2.8477237449792803,0.9495482833969389,3.0701912336538917,2.8477237449792803,4.212529336254807,3.7335410184042797,0.012791154318137913
-2.44,36.088943111853546,2.8467549435255557,False,fails,2.8467549435255557,0.9501267051476133,3.063448536122498,2.8467549435255557,4.2099648166173305,3.7247285614978356,0.014106786692295587
-2.439,36.51971975232721,2.8457232110238078,False,fails,2.8457232110238078,0.9507054452151422,3.0567207910330314,2.8457232110238078,4.207402008825997,3.7159371113569417,0.01550787942966912
-2.438,36.94567984118875,2.8446272946997886,False,fails,2.8446272946997886,0.9512845036848318,3.050007965500343,2.8446272946997886,4.204840911952068,3.707166618212425,0.016996133797687094
-2.437,37.36685766701992,2.843466051447512,False,fails,2.843466051447512,0.9518638806416811,3.043310026711505,2.843466051447512,4.202281525067928,3.698417032412819,0.018573102134279488
-2.436,37.78328731314073,2.8422384472565843,False,fails,2.8422384472565843,0.9524435761703747,3.0366269419256526,2.8422384472565843,4.199723847247066,3.6896883044240925,0.020240188625558486
-2.435,38.19500265872578,2.8409435561310876,False,fails,2.8409435561310876,0.9530235903552869,3.02995867847382,2.8409435561310876,4.197167877564084,3.6809803848293603,0.021998650773983094
-2.434,38.60203737991281,2.8395805585577163,False,fails,2.8395805585577163,0.9536039232804762,3.023305203758786,2.8395805585577163,4.194613615094692,3.672293224328615,0.02384960147862123
-2.433,39.00442495090703,2.83814873957808,False,fails,2.83814873957808,0.9541845750296881,3.016666485254918,2.83814873957808,4.19206105891572,3.6636267737384536,0.025794011652967873
-2.432,39.402198645078364,2.8366474865169753,False,fails,2.8366474865169753,0.9547655456863494,3.0100424905080256,2.8366474865169753,4.189510208105105,3.6549809839918064,0.02783271330994796
-2.431,39.79539153605512,2.8350762864151813,False,fails,2.8350762864151813,0.9553468353335699,3.0034331871351783,2.8350762864151813,4.186961061741891,3.646355806137643,0.029966403048183925
-2.43,40.18403649881034,2.8334347232119805,False,fails,2.8334347232119805,0.955928444054141,2.996838542824575,2.8334347232119805,4.184413618906241,3.6377511913407186,0.03219564587813069
-2.429,40.56816621074345,2.8317224747192173,False,fails,2.8317224747192173,0.956510371930532,2.990258525335371,2.8317224747192173,4.181867878679421,3.6291670908812903,0.03452087933130338
-2.428,40.947813152755536,2.829939309425368,False,fails,2.829939309425368,0.9570926190448915,2.9836931024975404,2.829939309425368,4.179323840143817,3.6206034561548597,0.03694241780035084
-2.427,41.323009610320725,2.8280850831647912,False,fails,2.8280850831647912,0.9576751854790443,2.9771422422116975,2.8280850831647912,4.176781502382914,3.612060238671871,0.03946045706221376
-2.426,41.693787674550485,2.826159735684178,False,fails,2.826159735684178,0.9582580713144904,2.970605912448961,2.826159735684178,4.174240864481315,3.603537390057469,0.04207507894088654
-2.425,42.060179243253536,2.8241632871351383,False,fails,2.8241632871351383,0.9588412766324059,2.9640840812507943,2.8241632871351383,4.171701925524736,3.595034862051218,0.04478625607048231
-2.424,42.42221602198901,2.8220958345189886,False,fails,2.8220958345189886,0.9594248015136352,2.9575767167288474,2.8220958345189886,4.169164684599988,3.586552606506824,0.04759385672321385
-2.423,42.77992952511649,2.819957548107022,False,fails,2.819957548107022,0.9600086460386987,2.9510837870648094,2.819957548107022,4.166629140795005,3.5780905753918844,0.05049764967066406
-2.422,43.133351076838444,2.8177486678570123,False,fails,2.8177486678570123,0.9605928102877845,2.944605260510248,2.8177486678570123,4.16409529319883,3.5696487207875958,0.05349730905017729
-2.421,43.4825118122386,2.815469499844243,False,fails,2.815469499844243,0.9611772943407497,2.9381411053864555,2.815469499844243,4.161563140901607,3.5612269948885,0.05659241921151771
-2.42,43.82744267831407,2.8131204127231637,False,fails,2.8131204127231637,0.9617620982771188,2.931691290084317,2.8131204127231637,4.159032682994597,3.5528253500022244,0.05978247952194399
-2.419,44.168174435003685,2.8107018342336545,False,fails,2.8107018342336545,0.962347222176082,2.9252557830641295,2.8107018342336545,4.1565039185701655,3.544443738549198,0.06306690911069789
-2.418,44.50473765620946,2.808214247764035,False,fails,2.808214247764035,0.9629326661164943,2.91883455285546,2.808214247764035,4.153976846721788,3.5360821130623874,0.06644505153644077
-2.417,44.837162730813866,2.805658188981154,False,fails,2.805658188981154,0.9635184301768738,2.912427568057,2.805658188981154,4.151451466544044,3.527740426187041,0.06991617936359318
-2.416,45.16547986369102,2.8030342425363357,False,fails,2.8030342425363357,0.9641045144353998,2.906034797336415,2.8030342425363357,4.148927777132632,3.5194186306804265,0.07347949863565614
-2.415,45.489719076713946,2.8003430388544905,False,fails,2.8003430388544905,0.9646909189699124,2.8996562094301783,2.8003430388544905,4.146405777584347,3.511116679411549,0.07713415323560222
-2.414,45.809910209755564,2.797585251012407,False,fails,2.797585251012407,0.965277643857911,2.8932917731434378,2.797585251012407,4.143885466997098,3.502834525360904,0.08087922912515122
-2.413,46.1260829216851,2.7947615917110413,False,fails,2.7947615917110413,0.965864689176553,2.886941457349853,2.7947615917110413,4.141366844469899,3.494572121620202,0.08471375845640598
-2.412,46.43826669135862,2.791872810345565,False,fails,2.791872810345565,0.96645205500265,2.8806052309914523,2.791872810345565,4.1388499091028725,3.486329421392119,0.088636723550723
-2.411,46.746490818606155,2.788919690175972,False,fails,2.788919690175972,0.9670397414126697,2.8742830630784812,2.788919690175972,4.136334659997247,3.4781063779900254,0.09264706074103084
-2.41,47.050784425211944,2.7859030456002234,False,fails,2.7859030456002234,0.9676277484827339,2.86797492268925,2.7859030456002234,4.13382109625536,3.4699029448377257,0.09674366407489653
-2.409,47.351176455890794,2.7828237195311325,False,fails,2.7828237195311325,0.9682160762886155,2.861680778969988,2.7828237195311325,4.131309216980655,3.4617190754691953,0.1009253888767225
-2.408,47.64769567925848,2.779682580877535,False,fails,2.779682580877535,0.9688047249057382,2.855400601134696,2.779682580877535,4.128799021277678,3.4535547235283413,0.10519105516830717
-2.407,47.940370688798595,2.7764805221297184,False,fails,2.7764805221297184,0.9693936944091734,2.849134358464994,2.7764805221297184,4.126290508252089,3.4454098427687088,0.10953945094784252
-2.406,48.229229903823,2.7732184570485665,False,fails,2.7732184570485665,0.9699829848736441,2.842882020309975,2.7732184570485665,4.1237836770106515,3.4372843870532495,0.11396933532804697
-2.405,48.51430157042817,2.769897318457442,False,fails,2.769897318457442,0.9705725963735148,2.8366435560860506,2.769897318457442,4.121278526661227,3.429178310354043,0.11847944153479396
-2.404,48.795613762445974,2.7665180561354483,False,fails,2.7665180561354483,0.9711625289827982,2.8304189352768216,2.7665180561354483,4.118775056312793,3.4210915667520676,0.12306847976806136
-2.403,49.073194382390746,2.763081634810368,False,fails,2.763081634810368,0.9717527827751492,2.824208127432912,2.763081634810368,4.116273265075429,3.4130241104369126,0.12773513992752084
-2.402,49.34707116240012,2.759589032249348,False,fails,2.759589032249348,0.9723433578238658,2.8180111021718286,2.759589032249348,4.11377315206032,3.404975895706542,0.13247809420538542
-2.401,49.61727166517195,2.7560412374451273,False,fails,2.7560412374451273,0.9729342542018845,2.8118278291778114,2.7560412374451273,4.1112747163797545,3.396946876967023,0.13729599954951782
-2.4,49.883823284895705,2.7524392488954343,False,fails,2.7524392488954343,0.9735254719817822,2.8056582782017028,2.7524392488954343,4.108777957147125,3.388937008732292,0.14218750000000044
-2.399,50.146753248180154,2.748784072973024,False,fails,2.748784072973024,0.9741170112357748,2.79950241906078,2.748784072973024,4.106282873476937,3.3809462456238824,0.14715122890263324
-2.398,50.406088614975,2.745076722383717,False,fails,2.745076722383717,0.9747088720357105,2.793360221638616,2.745076722383717,4.103789464484786,3.372974542370671,0.15218581100291304
-2.397,50.661856279488966,2.741318214709685,False,fails,2.741318214709685,0.975301054453078,2.7872316558849475,2.741318214709685,4.101297729287384,3.365021853808638,0.15728986442424808
-2.396,50.91408297110172,2.737509571035206,False,fails,2.737509571035206,0.975893558558994,2.7811166918155172,2.737509571035206,4.098807667002543,3.357088134880608,0.16246200253419088
-2.395,51.16279525527295,2.733651814651993,False,fails,2.733651814651993,0.9764863844242102,2.7750152995119284,2.733651814651993,4.096319276749181,3.349173340635988,0.1677008357025939
-2.394,51.40801953444511,2.729745969841277,False,fails,2.729745969841277,0.9770795321191068,2.7689274491215006,2.729745969841277,4.0938325576473105,3.341277426230523,0.17300497295554634
-2.393,51.64978204894266,2.7257930607297234,False,fails,2.7257930607297234,0.9776730017136952,2.762853110857138,2.7257930607297234,4.091347508818061,3.3334003469260534,0.17837302352903572
-2.392,51.8881088778655,2.721794110216341,False,fails,2.721794110216341,0.9782667932776115,2.7567922549971735,2.721794110216341,4.088864129383654,3.3255420580902566,0.18380359832620924
-2.391,52.12302593997938,2.7177501389674954,False,fails,2.7177501389674954,0.9788609068801205,2.7507448518852278,2.7177501389674954,4.086382418467421,3.3177025151963946,0.1892953112821417
-2.39,52.35455899460031,2.713662164477252,False,fails,2.713662164477252,0.9794553425901099,2.7447108719300677,2.713662164477252,4.083902375193795,3.3098816738230687,0.19484678063989194
-2.389,52.58273364247509,2.7095312001902405,False,fails,2.7095312001902405,0.9800501004760903,2.738690285605457,2.7095312001902405,4.0814239986883045,3.302079489653963,0.2004566301416537
-2.388,52.807575326657016,2.705358254684331,False,fails,2.705358254684331,0.980645180606195,2.732683063450034,2.705358254684331,4.078947288077592,3.294295918477623,0.20612349013867878
-2.387,53.029109333377534,2.7011443309104313,False,fails,2.7011443309104313,0.9812405830481761,2.726689176067141,2.7011443309104313,4.076472242489395,3.2865309161871683,0.21184599862363485
-2.386,53.24736079291289,2.6968904254868233,False,fails,2.6968904254868233,0.9818363078694051,2.720708594124704,2.6968904254868233,4.073998861052555,3.2787844387800793,0.2176228021888944
-2.385,53.462354680446595,2.6925975280454764,False,fails,2.6925975280454764,0.9824323551368694,2.7147412883550768,2.6925975280454764,4.07152714289701,3.2710564423579234,0.22345255691424376
-2.384,53.67411581692702,2.6882666206278785,False,fails,2.6882666206278785,0.9830287249171737,2.708787229554921,2.6882666206278785,4.069057087153807,3.2633468831261436,0.22933392918734155
-2.383,53.88266886992156,2.683898677127964,False,fails,2.683898677127964,0.9836254172765369,2.7028463885850385,2.683898677127964,4.0665886929550945,3.2556557173937817,0.2352655964602252
-2.382,54.08803835446511,2.6794946627798453,False,fails,2.6794946627798453,0.9842224322807872,2.696918736370246,2.6794946627798453,4.064121959434114,3.2479829015732427,0.24124624794497054
-2.381,54.290248633905165,2.6750555336880706,False,fails,2.6750555336880706,0.9848197699953666,2.6910042438992297,2.6750555336880706,4.061656885725213,3.240328392180056,0.24727458525160056
-2.38,54.48932392074179,2.6705822363982628,False,fails,2.6705822363982628,0.9854174304853256,2.6851028822244154,2.6705822363982628,4.059193470963838,3.2326921458326323,0.25334932297115953
-2.379,54.68528827746421,2.666075707506008,False,fails,2.666075707506008,0.986015413815325,2.6792146224618194,2.666075707506008,4.056731714286545,3.225074119252026,0.25946918920684114
-2.378,54.87816561738185,2.6615368733020226,False,fails,2.6615368733020226,0.9866137200496277,2.673339435790901,2.6615368733020226,4.054271614830972,3.217474269261662,0.2656329260558534
-2.377,55.06797970545244,2.6569666494516184,False,fails,2.6569666494516184,0.9872123492521058,2.667477293454443,2.6569666494516184,4.051813171735873,3.209892552787139,0.2718392900447024
-2.376,55.25475415910426,2.6523659407066353,False,fails,2.6523659407066353,0.9878113014862324,2.6616281667584056,2.6523659407066353,4.0493563841411,3.202328926855962,0.27808705252038934
-2.375,55.43851244905571,2.647735640648012,False,fails,2.647735640648012,0.988410576815081,2.6557920270717728,2.647735640648012,4.04690125118759,3.1947833485972925,0.284375
-2.374,55.61927790012985,2.643076631457323,False,fails,2.643076631457323,0.98901017530133,2.6499688458264403,2.643076631457323,4.044447772017399,3.1872557752417396,0.29070193448095594
-2.373,55.79707369206447,2.638389783715607,False,fails,2.638389783715607,0.989610097007252,2.6441585945170543,2.638389783715607,4.0419959457736665,3.1797461641210907,0.2970666737142055
-2.372,55.97192286031874,2.633675956227929,False,fails,2.633675956227929,0.9902103419947208,2.638361244700889,2.633675956227929,4.039545771600643,3.172254472668093,0.3034680514424724
-2.371,56.14384829687468,2.6289359958721694,False,fails,2.6289359958721694,0.9908109103252013,2.6325767679977057,2.6289359958721694,4.037097248643668,3.1647806584162046,0.30990491760559397
-2.37,56.31287275103577,2.624170737470591,False,fails,2.624170737470591,0.9914118020597572,2.6268051360896134,2.624170737470591,4.034650376049187,3.1573246789993608,0.31637613851493773
-2.369,56.479018830220134,2.6193810036828373,False,fails,2.6193810036828373,0.9920130172590403,2.6210463207209287,2.6193810036828373,4.032205152964735,3.149886492151728,0.3228805969987072
-2.368,56.64230900075066,2.6145676049190327,False,fails,2.6145676049190327,0.9926145559832975,2.6153002936980476,2.6145676049190327,4.029761578538955,3.142466055707484,0.32941719251995416
-2.367,56.80276558863997,2.6097313392717534,False,fails,2.6097313392717534,0.9932164182923627,2.6095670268893074,2.6097313392717534,4.027319651921583,3.135063327600572,0.33598484126895917
-2.366,56.96041078037256,2.604872992465656,False,fails,2.604872992465656,0.993818604245658,2.6038464922248483,2.604872992465656,4.02487937226345,3.1276782658644615,0.3425824762316394
-2.365,57.11526662368179,2.599993337823668,False,fails,2.599993337823668,0.9944211139021911,2.598138661696472,2.599993337823668,4.022440738716484,3.1203108286319132,0.34920904723545915
-2.364,57.26735502832363,2.5950931362486362,False,fails,2.5950931362486362,0.9950239473205563,2.592443507357523,2.5950931362486362,4.020003750433716,3.112960974134757,0.3558635209743522
-2.363,57.4166977668456,2.5901731362194345,False,fails,2.5901731362194345,0.9956271045589294,2.5867610013227402,2.5901731362194345,4.017568406569274,3.1056286607036534,0.36254488101400834
-2.362,57.56331647535268,2.5852340738005237,False,fails,2.5852340738005237,0.9962305856750681,2.5810911157681287,2.5852340738005237,4.015134706278374,3.0983138467678444,0.3692521277788889
-2.361,57.707232654268466,2.5802766726640893,False,fails,2.5802766726640893,0.9968343907263104,2.5754338229308162,2.5802766726640893,4.012702648717337,3.091016490854941,0.3759842785221672
-2.36,57.84846766909282,2.5753016441238388,False,fails,2.5753016441238388,0.9974385197695724,2.56978909510893,2.5753016441238388,4.010272233043575,3.0837365515906803,0.38274036727982713
-2.359,57.987042751154966,2.5703096871796673,False,fails,2.5703096871796673,0.9980429728613455,2.5641569046614636,2.5703096871796673,4.0078434584155955,3.076473987698699,0.3895194448100117
-2.358,58.122978998363955,2.565301488572357,False,fails,2.565301488572357,0.9986477500576996,2.558537224008134,2.565301488572357,4.00541632399301,3.0692287580003,0.396320578518739
-2.357,58.256297375953594,2.5602777228476183,False,fails,2.5602777228476183,0.9992528514142746,2.5529300256292493,2.5602777228476183,4.002990828936514,3.0620008214142205,0.4031428523729343
-2.356,58.38701871722488,2.5552390524287283,False,fails,2.5552390524287283,0.9998582769862838,2.5473352820655863,2.5552390524287283,4.000566972407903,3.054790136956398,0.40998536680178754
-2.355,58.515163724283596,2.550186127697126,False,fails,2.550186127697126,1.0004640268285108,2.5417529659182505,2.550186127697126,3.9981447535700703,3.0475966637397573,0.4168472385873033
-2.354,58.64075296877491,2.5451195870803014,False,fails,2.5451195870803014,1.0010701009953082,2.5361830498485474,2.5451195870803014,3.995724171587007,3.0404203609739655,0.423727600744951
-2.353,58.763806892613424,2.54004005714642,False,fails,2.54004005714642,1.0016764995405953,2.5306255065778407,2.54004005714642,3.993305225623788,3.0332611879652043,0.430625602395162
-2.352,58.884345808709845,2.534948152705088,False,fails,2.534948152705088,1.002283222517856,2.52508030888743,2.534948152705088,3.9908879148465872,3.0261191041159448,0.4375404086264907
-2.351,59.00238990169368,2.5298444769137545,False,fails,2.5298444769137545,1.0028902699801379,2.519547429618423,2.5298444769137545,3.9884722384226734,3.0189940689247314,0.4444712003511218
-2.35,59.11795922863259,2.524729621389208,False,fails,2.524729621389208,1.0034976419800534,2.514026841671593,2.524729621389208,3.986058195520414,3.01188604198594,0.4514171741534561
-2.349,59.2310737197472,2.5196041663237447,False,fails,2.5196041663237447,1.0041053385697725,2.5085185180072607,2.5196041663237447,3.983645785309259,3.0047949829895537,0.4583775421323549
-2.348,59.34175317912302,2.5144686806055234,False,fails,2.5144686806055234,1.0047133598010247,2.503022431645142,2.5144686806055234,3.981235006959761,2.997720851720938,0.46535153173769933
-2.347,59.4500172854181,2.509323721942714,False,fails,2.509323721942714,1.0053217057250978,2.4975385556642515,2.509323721942714,3.9788258596435666,2.9906636080606335,0.47233838560179503
-2.346,59.555885592567286,2.504169836991008,False,fails,2.504169836991008,1.0059303763928347,2.4920668632027416,2.504169836991008,3.976418342533407,2.9836232119840975,0.47933736136621086
-2.345,59.65937753048273,2.4990075614841727,False,fails,2.4990075614841727,1.006539371854631,2.486607327457788,2.4990075614841727,3.9740124548031135,2.9765996235615066,0.4863477315044937
-2.344,59.760512405750625,2.493837420367244,False,fails,2.493837420367244,1.007148692160435,2.4811599216854505,2.493837420367244,3.9716081956276,2.9695928029575165,0.49336878314128246
-2.343,59.85930940232454,2.488659927932083,False,fails,2.488659927932083,1.0077583373597472,2.4757246192005646,2.488659927932083,3.9692055641828863,2.9626027104310624,0.5003998178682312
-2.342,59.95578758221494,2.4834755879549277,False,fails,2.4834755879549277,1.0083683075016145,2.4703013933765847,2.4834755879549277,3.966804559646073,2.955629306335104,0.5074401515572082
-2.341,60.049965886175364,2.4782848938357116,False,fails,2.4782848938357116,1.0089786026346341,2.4648902176454808,2.4782848938357116,3.9644051811953616,2.9486725511164313,0.5144891141711034
-2.34,60.14186313438454,2.473088328738838,False,fails,2.473088328738838,1.0095892228069459,2.459491065497584,2.473088328738838,3.962007428010034,2.941732405315422,0.5215460495726577
-2.339,60.23149802712548,2.4678863657351795,False,fails,2.4678863657351795,1.0102001680662356,2.4541039104814923,2.4678863657351795,3.959611299270478,2.9348088295658448,0.5286103153316263
-2.338,60.31888914546065,2.4626794679450343,False,fails,2.4626794679450343,1.0108114384597282,2.448728726203907,2.4626794679450343,3.957216794158153,2.9279017845946083,0.5356812825306437
-2.337,60.40405495190401,2.4574680886818605,False,fails,2.4574680886818605,1.0114230340341939,2.4433654863295295,2.4574680886818605,3.954823911855629,2.921011231221568,0.5427583355700334
-2.336,60.487013791089026,2.4522526715965465,False,fails,2.4522526715965465,1.0120349548359378,2.438014164580924,2.4522526715965465,3.952432651546548,2.9141371303592893,0.5498408719718905
-2.335,60.56778389043362,2.4470336508220445,False,fails,2.4470336508220445,1.012647200910804,2.4326747347384012,2.4470336508220445,3.9500430124156654,2.9072794430128455,0.5569283021836634
-2.334,60.64638336080127,2.4418114511181654,False,fails,2.4418114511181654,1.0132597723041703,2.4273471706398713,2.4418114511181654,3.947654993648798,2.9004381302795776,0.5640200493815317
-2.333,60.722830197159276,2.436586488016391,False,fails,2.436586488016391,1.0138726690609499,2.4220314461807377,2.436586488016391,3.945268594432874,2.8936131533488907,0.5711155492737415
-2.332,60.79714227923286,2.431359167964533,False,fails,2.431359167964533,1.014485891225588,2.4167275353137616,2.431359167964533,3.942883813955904,2.8868044735020377,0.5782142499041643
-2.331,60.86933737215614,2.4261298884711064,False,fails,2.4261298884711064,1.0150994388420589,2.41143541204894,2.4261298884711064,3.9405006514069862,2.8800120521118977,0.5853156114562379
-2.33,60.939433127120026,2.42089903824925,False,fails,2.42089903824925,1.0157133119538662,2.406155050453377,2.42089903824925,3.9381191059763103,2.8732358506427613,0.592419106057519
-2.329,61.007447082016135,2.4156669973601175,False,fails,2.4156669973601175,1.0163275106040408,2.4008864246511585,2.4156669973601175,3.935739176855156,2.8664758306501095,0.5995242175849611
-2.328,61.07339666207776,2.4104341373555846,False,fails,2.4104341373555846,1.016942034835138,2.3956295088232276,2.4104341373555846,3.9333608632358863,2.8597319537804045,0.6066304414711164
-2.327,61.137299180517275,2.4052008214201948,False,fails,2.4052008214201948,1.0175568846892367,2.3903842772072674,2.4052008214201948,3.9309841643119587,2.8530041817708787,0.6137372845113757
-2.326,61.19917183916028,2.399967404512206,False,fails,2.399967404512206,1.018172060207937,2.3851507040975597,2.399967404512206,3.9286090792779103,2.846292476449305,0.6208442646724242
-2.325,61.25903172907664,2.394734233503697,False,fails,2.394734233503697,1.0187875614323607,2.3799287638448794,2.394734233503697,3.9262356073293794,2.8395967997338016,0.6279509109019795
-2.324,61.31689583120761,2.389501647319612,False,fails,2.389501647319612,1.0194033884031453,2.3747184308563547,2.389501647319612,3.9238637476630727,2.8329171136325977,0.6350567629399672
-2.323,61.372781016990416,2.384269977075695,False,fails,2.384269977075695,1.0200195411604462,2.3695196795953635,2.384269977075695,3.9214934994768025,2.8262533802438528,0.6421613711312061
-2.322,61.42670404897894,2.3790395462152105,False,fails,2.3790395462152105,1.0206360197439333,2.364332484581384,2.3790395462152105,3.9191248619694585,2.819605561755403,0.6492642962397441
-2.321,61.47868158146163,2.3738106706444273,False,fails,2.3738106706444273,1.0212528241927896,2.3591568203898925,2.3738106706444273,3.916757834341017,2.812973620444582,0.6563651092648684
-2.32,61.5287301610759,2.368583658866777,False,fails,2.368583658866777,1.02186995454571,2.3539926616522324,2.368583658866777,3.9143924157925465,2.8063575186779963,0.6634633912589174
-2.319,61.576866227419096,2.3633588121156617,False,fails,2.3633588121156617,1.0224874108408961,2.3488399830554916,2.3633588121156617,3.9120286055261944,2.799757218911315,0.6705587331469316
-2.318,61.623106113657016,2.3581364244858256,False,fails,2.3581364244858256,1.0231051931160602,2.3436987593423853,2.3581364244858256,3.9096664027451986,2.793172683689063,0.6776507355482492
-2.317,61.66746604712832,2.352916783063293,False,fails,2.352916783063293,1.023723301408419,2.3385689653111217,2.352916783063293,3.9073058066538824,2.786603875644404,0.6847390086000483
-2.316,61.7099621499465,2.3477001680538048,False,fails,2.3477001680538048,1.0243417357546947,2.3334505758152964,2.3477001680538048,3.904946816457652,2.78005075749894,0.691823171782933
-2.315,61.75061043959789,2.342486852909743,False,fails,2.342486852909743,1.0249604961911096,2.3283435657637592,2.342486852909743,3.9025894313630016,2.7735132920624967,0.698902853748569
-2.314,61.78942682953767,2.3372771044554757,False,fails,2.3372771044554757,1.0255795827533873,2.323247910120499,2.3372771044554757,3.900233650577507,2.7669914422329174,0.7059776921494642
-2.313,61.82642712978161,2.332071183011149,False,fails,2.332071183011149,1.0261989954767516,2.318163583904518,2.332071183011149,3.8978794733098328,2.760485170995853,0.7130473334708599
-2.312,61.86162704749539,2.3268693425148634,False,fails,2.3268693425148634,1.026818734395922,2.3130905621897138,2.3268693425148634,3.895526898769724,2.753994441424556,0.7201114328648159
-2.311,61.895042187580536,2.321671830643243,False,fails,2.321671830643243,1.0274387995451142,2.3080288201047647,2.321671830643243,3.8931759261680137,2.74751921667968,0.7271696539864761
-2.31,61.92668805325723,2.316478888930349,False,fails,2.316478888930349,1.0280591909580348,2.302978332832994,2.316478888930349,3.890826554716612,2.741059460009055,0.7342216688325862
-2.309,61.95658004664459,2.3112907528849655,False,fails,2.3112907528849655,1.0286799086678857,2.2979390756122693,2.3112907528849655,3.888478783628521,2.734615134747506,0.7412671575822167
-2.308,61.9847334693369,2.306107652106217,False,fails,2.306107652106217,1.029300952707356,2.292911023734862,2.306107652106217,3.886132612117819,2.728186204316619,0.7483058084397576
-2.307,62.0111635229779,2.3009298103975304,False,fails,2.3009298103975304,1.0299223231086236,2.2878941525473557,2.3009298103975304,3.8837880393996738,2.721772632224575,0.7553373174801536
-2.306,62.035885309831095,2.2957574458789103,False,fails,2.2957574458789103,1.0305440199033515,2.282888437450493,2.2957574458789103,3.881445064690327,2.715374382065896,0.76236138849644
-2.305,62.05891383334803,2.290590771097557,False,fails,2.290590771097557,1.0311660431226903,2.2778938538990885,2.290590771097557,3.8791036872071154,2.70899141752129,0.7693777328495182
-2.304,62.08026399873241,2.285429993136801,False,fails,2.285429993136801,1.0317883927972695,2.2729103774018844,2.285429993136801,3.8767639061684447,2.702623702357407,0.7763860693202245
-2.303,62.09995061350232,2.2802753137233793,False,fails,2.2802753137233793,1.032411068957199,2.267937983521452,2.2802753137233793,3.8744257207938086,2.696271200426665,0.7833861239636509
-2.302,62.11798838804901,2.2751269293330147,False,fails,2.2751269293330147,1.033034071632071,2.262976647874064,2.2751269293330147,3.8720891303037814,2.6899338756670335,0.7903776299657659
-2.301,62.134391936192614,2.2699850312943552,False,fails,2.2699850312943552,1.0336574008509527,2.258026346129576,2.2699850312943552,3.869754133920023,2.683611692101834,0.7973603275022657
-2.3,62.14917577573509,2.264849805891238,False,fails,2.264849805891238,1.0342810566423866,2.2530870540113095,2.264849805891238,3.867420730865268,2.677304613839532,0.804333963599699
-2.299,62.162354329010405,2.259721434463316,False,fails,2.259721434463316,1.0349050390343888,2.248158747295944,2.259721434463316,3.865088920363337,2.6710126050735568,0.8112982919988171
-2.298,62.17394192343143,2.254600093505016,False,fails,2.254600093505016,1.0355293480544459,2.243241401813383,2.254600093505016,3.8627587016391245,2.6647356300820713,0.8182530730201881
-2.297,62.183952792034376,2.249485954762888,False,fails,2.249485954762888,1.0361539837295153,2.2383349934466508,2.249485954762888,3.8604300739186117,2.6584736532277935,0.8251980734319984
-2.296,62.19240107402003,2.2443791853313106,False,fails,2.2443791853313106,1.036778946086024,2.233439498131769,2.2443791853313106,3.858103036428857,2.6522266389577887,0.8321330663200804
-2.295,62.19930081529222,2.239279947746607,False,fails,2.239279947746607,1.0374042351498596,2.2285548918576485,2.239279947746607,3.8557775883980008,2.6459945518032764,0.8390578309601074
-2.294,62.20466596899361,2.234188400079534,False,fails,2.234188400079534,1.0380298509463792,2.223681150665963,2.234188400079534,3.8534537290552615,2.639777356379421,0.8459721526919927
-2.293,62.20851039603825,2.2291046960262078,False,fails,2.2291046960262078,1.0386557935003982,2.218818250651034,2.2291046960262078,3.8511314576309297,2.6335750173851364,0.8528758227964099
-2.292,62.21084786564197,2.224028984997446,False,fails,2.224028984997446,1.0392820628361958,2.2139661679597262,2.224028984997446,3.848810773356386,2.6273874996028974,0.8597686383734687
-2.291,62.21169205584924,2.218961412206569,False,fails,2.218961412206569,1.0399086589775073,2.209124878791327,2.218961412206569,3.8464916754640854,2.6212147678985365,0.8666504022234792
-2.29,62.21105655405762,2.213902118755636,False,fails,2.213902118755636,1.040535581947524,2.204294359397418,2.213902118755636,3.8441741631875552,2.6150567872210364,0.8735209227298464
-2.289,62.208954857539645,2.2088512417201787,False,fails,2.2088512417201787,1.0411628317688943,2.199474586081785,2.2088512417201787,3.8418582357614106,2.6089135226023563,0.8803800137439978
-2.288,62.20540037396141,2.2038089142324138,False,fails,2.2038089142324138,1.0417904084637186,2.1946655352002806,2.2038089142324138,3.8395438924213394,2.602784939157211,0.8872274944723822
-2.287,62.20040642189878,2.1987752655629826,False,fails,2.1987752655629826,1.0424183120535462,2.189867183160728,2.1987752655629826,3.8372311324041033,2.5966710020828954,0.8940631893654696
-2.286,62.193986231350806,2.193750421201189,False,fails,2.193750421201189,1.043046542559377,2.185079506422789,2.193750421201189,3.8349199549475435,2.5905716766590765,0.9008869280087857
-2.285,62.186152944250594,2.1887345029338077,False,fails,2.1887345029338077,1.04367510000166,2.1803024814978706,2.1887345029338077,3.832610359290588,2.5844869282476095,0.9076985450158898
-2.284,62.17691961497276,2.1837276289224428,False,fails,2.1837276289224428,1.0443039844002855,2.1755360849489898,2.1837276289224428,3.830302344673221,2.578416722292325,0.9144978799233227
-2.283,62.166299210839284,2.178729913779482,False,fails,2.178729913779482,1.0449331957745895,2.170780293390684,2.178729913779482,3.827995910336522,2.5723610243188655,0.9212847770874638
-2.282,62.154304612621644,2.173741468642623,False,fails,2.173741468642623,1.0455627341433487,2.1660350834888735,2.173741468642623,3.825691055522635,2.566319799934461,0.9280590855833182
-2.281,62.14094861504103,2.16876240124805,False,fails,2.16876240124805,1.046192599524779,2.1613004319607656,2.16876240124805,3.8233877794747846,2.5602930148277534,0.9348206591051481
-2.28,62.12624392726561,2.163792816002229,False,fails,2.163792816002229,1.0468227919365365,2.1565763155747373,2.163792816002229,3.821086081437271,2.554280634768602,0.9415693558689736
-2.279,62.11020317340486,2.1588328140523734,False,fails,2.1588328140523734,1.0474533113957079,2.1518627111502244,2.1588328140523734,3.8187859606554633,2.54828262560789,0.9483050385168773
-2.278,62.0928388930019,2.153882493355569,False,fails,2.153882493355569,1.0480841579188163,2.1471595955576,2.153882493355569,3.81648741637581,2.5422989532773292,0.9550275740231372
-2.277,62.07416354152285,2.148941948746613,False,fails,2.148941948746613,1.0487153315218183,2.1424669457180787,2.148941948746613,3.8141904478458333,2.5363295837892776,0.9617368336020992
-2.276,62.054189490843534,2.1440112720045557,False,fails,2.1440112720045557,1.0493468322200987,2.1377847386035937,2.1440112720045557,3.811895054314135,2.5303744832365402,0.9684326926178135
-2.275,62.03292902973371,2.139090551917989,False,fails,2.139090551917989,1.0499786600284686,2.1331129512366904,2.139090551917989,3.8096012350303825,2.5244336177921904,0.9751150304953708
-2.274,62.0103943643386,2.1341798743490714,False,fails,2.1341798743490714,1.0506108149611668,2.128451560690409,2.1341798743490714,3.8073089892453167,2.518506953709361,0.9817837306339612
-2.273,61.9865976186583,2.1292793222963424,False,fails,2.1292793222963424,1.0512432970318566,2.123800544088182,2.1292793222963424,3.8050183162107585,2.5125944573210766,0.9884386803215672
-2.272,61.961550835023864,2.1243889759563213,False,fails,2.1243889759563213,1.051876106253621,2.1191598786037145,2.1243889759563213,3.8027292151795917,2.5066960950400445,0.9950797706513159
-2.271,61.93526597457178,2.1195089127839273,False,fails,2.1195089127839273,1.0525092426389666,2.114529541460889,2.1195089127839273,3.800441685405789,2.500811833358492,1.0017068964394267
-2.27,61.90775491771491,2.1146392075517118,False,fails,2.1146392075517118,1.0531427061998135,2.1099095099336367,2.1146392075517118,3.798155726144372,2.4949416388479504,1.008319956144776
-2.269,61.879029464611925,2.1097799324079585,False,fails,2.1097799324079585,1.0537764969475012,2.105299761345837,2.1097799324079585,3.7958713366514525,2.489085478159083,1.0149188517899923
-2.268,61.84910133563352,2.104931156933647,False,fails,2.104931156933647,1.0544106148927836,2.10070027307121,2.104931156933647,3.7935885161842102,2.483243318021498,1.0215034888841077
-2.267,61.81798217182653,2.1000929481983066,False,fails,2.1000929481983066,1.0550450600458257,2.096111022533209,2.1000929481983066,3.7913072640008973,2.4774151252435663,1.0280737763466996
-2.266,61.785683535375114,2.095265370814765,False,fails,2.095265370814765,1.0556798324162013,2.0915319872048936,2.095265370814765,3.789027579360827,2.4716008667122105,1.0346296264335488
-2.265,61.75221691006025,2.0904484869928384,False,fails,2.0904484869928384,1.0563149320128944,2.0869631446088435,2.0904484869928384,3.7867494615243897,2.4658005093927526,1.041170954663726
-2.264,61.717593701716154,2.0856423565919493,False,fails,2.0856423565919493,1.0569503588442952,2.082404472317039,2.0856423565919493,3.784472909753055,2.4600140203287086,1.0476976797481332
-2.263,61.68182523868423,2.0808470371727292,False,fails,2.0808470371727292,1.0575861129181965,2.0778559479507512,2.0808470371727292,3.7821979233093437,2.4542413666416074,1.054209723519434
-2.262,61.644922772265176,2.0760625840475675,False,fails,2.0760625840475675,1.0582221942417942,2.073317549180438,2.0760625840475675,3.7799245014568608,2.448482515530809,1.0607070108634034
-2.261,61.60689747716812,2.0712890503301877,False,fails,2.0712890503301877,1.058858602821686,2.0687892537256354,2.0712890503301877,3.7776526434602795,2.442737434273322,1.067189469651605
-2.26,61.56776045195751,2.0665264869842215,False,fails,2.0665264869842215,1.0594953386638657,2.064271039354844,2.0665264869842215,3.775382348585337,2.437006090223607,1.0736570306754274
-2.259,61.52752271949779,2.0617749428708296,False,fails,2.0617749428708296,1.0601324017737233,2.059762883885434,2.0617749428708296,3.7731136160988386,2.4312884508134154,1.0801096275814135
-2.258,61.48619522739553,2.0570344647953536,False,fails,2.0570344647953536,1.060769792156045,2.055264765183524,2.0570344647953536,3.770846445268664,2.425584483551593,1.08654719680791
-2.257,61.44378884843905,2.0523050975530515,False,fails,2.0523050975530515,1.061407509815006,2.0507766611638774,2.0523050975530515,3.7685808353637515,2.419894156023888,1.092969677522956
-2.256,61.400314381036445,2.0475868839739095,False,fails,2.0475868839739095,1.0620455547541767,2.0462985497898125,2.0475868839739095,3.766316785654121,2.414217435892799,1.0993770115634307
-2.255,61.355782549649895,2.0428798649665625,False,fails,2.0428798649665625,1.0626839269765094,2.0418304090730657,2.0428798649665625,3.76405429541085,2.408554290897363,1.1057691433754084
-2.254,61.31020400522909,2.0381840795613124,False,fails,2.0381840795613124,1.0633226264843465,2.03737221707371,2.0381840795613124,3.761793363906082,2.402904688852992,1.112146019955738
-2.253,61.26358932564143,2.033499564952302,False,fails,2.033499564952302,1.0639616532794136,2.0329239519000377,2.033499564952302,3.7595339904130336,2.3972685976512826,1.1185075907947737
-2.252,61.21594901610029,2.028826356538826,False,fails,2.028826356538826,1.0646010073628176,2.0284855917084537,2.028826356538826,3.757276174205978,2.3916459852598453,1.1248538078202748
-2.251,61.16729350959103,2.0241644879658125,False,fails,2.0241644879658125,1.0652406887350474,2.024057114703386,2.0241644879658125,3.7550199145602696,2.3860368197221256,1.1311846253424267
-2.25,61.11763316729418,2.0195139911634756,False,fails,2.0195139911634756,1.0658806973959667,2.0196384991371508,2.0195139911634756,3.7527652107523135,2.3804410691572078,1.1375
-2.249,61.06697827900733,2.0148748963861762,False,fails,2.0148748963861762,1.0665210333448185,2.015229723309875,2.0148748963861762,3.7505120620595913,2.3748587017596563,1.143799890707573
-2.248,61.01533906356369,2.0102472322504843,False,fails,2.0102472322504843,1.0671616965802166,2.0108307655693753,2.0102472322504843,3.7482604677606415,2.369289685799326,1.1500842586038424
-2.247,60.962725669249295,2.005631025772473,False,fails,2.005631025772473,1.0678026871001487,2.0064416043110604,2.005631025772473,3.7460104271350683,2.363733989621184,1.1563530670009814
-2.246,60.90914817421747,2.001026302404257,False,fails,2.001026302404257,1.0684440049019706,2.0020622179778234,2.001026302404257,3.7437619394635475,2.358191581645144,1.1626062813350189
-2.245,60.85461658690117,1.9964330860697677,False,fails,1.9964330860697677,1.0690856499824068,1.9976925850599414,1.9964330860697677,3.741515004027811,2.352662430365872,1.1688438691172556
-2.244,60.799140846423214,1.991851399199819,False,fails,1.991851399199819,1.069727622337548,1.9933326840949668,1.991851399199819,3.739269620110661,2.3471465043526236,1.175065799886646
-2.243,60.74273082300409,1.9872812627664445,False,fails,1.9872812627664445,1.0703699219628457,1.9889824936676217,1.9872812627664445,3.7370257869959547,2.3416437722490535,1.1812720451631686
-2.242,60.685396318368035,1.9827226963165414,False,fails,1.9827226963165414,1.0710125488531161,1.9846419924097067,1.9827226963165414,3.7347835039686212,2.3361542027730615,1.1874625784021373
-2.241,60.627147066146215,1.9781757180048056,False,fails,1.9781757180048056,1.071655503002531,1.980311158999979,1.9781757180048056,3.732542770314641,2.330677764716589,1.193637374949474
-2.24,60.56799273227861,1.973640344626015,False,fails,1.973640344626015,1.0722987844046241,1.975989972164069,1.973640344626015,3.7303035853210735,2.3252144269454704,1.1997964119978717
-2.239,60.50794291541282,1.9691165916466293,False,fails,1.9691165916466293,1.0729423930522812,1.9716784106743572,1.9691165916466293,3.7280659482760257,2.3197641583992366,1.2059396685438777
-2.238,60.447007147301576,1.9646044732357595,False,fails,1.9646044732357595,1.07358632893774,1.967376453349892,1.9646044732357595,3.72582985846867,2.314326928090962,1.2120671253458386
-2.237,60.38519489319743,1.960104002295477,False,fails,1.960104002295477,1.074230592052592,1.9630840790562698,1.960104002295477,3.7235953151892414,2.3089027051070685,1.2181787648827425
-2.236,60.32251555224592,1.9556151904905152,False,fails,1.9556151904905152,1.0748751823877771,1.9588012667055466,1.9556151904905152,3.7213623177290405,2.303491458607173,1.22427457131388
-2.235,60.25897845787585,1.9511380482773526,False,fails,1.9511380482773526,1.0755200999335794,1.9545279952561179,1.9511380482773526,3.719130865380413,2.2980931578238883,1.2303545304393553
-2.234,60.19459287818852,1.9466725849326985,False,fails,1.9466725849326985,1.0761653446796295,1.9502642437126407,1.9466725849326985,3.7169009574367813,2.2927077720626854,1.236418629661396
-2.233,60.129368016343925,1.9422188085813776,False,fails,1.9422188085813776,1.076810916614901,1.9460099911259174,1.9422188085813776,3.7146725931926223,2.287335270701694,1.2424668579464895
-2.232,60.063313010945166,1.9377767262236543,False,fails,1.9377767262236543,1.0774568157277071,1.9417652165927903,1.9377767262236543,3.7124457719434694,2.2819756231915354,1.2484992057882773
-2.231,59.996436936421084,1.933346343761978,False,fails,1.933346343761978,1.0781030420056992,1.93752989925605,1.933346343761978,3.7102204929859166,2.2766287990551564,1.2545156651712344
-2.23,59.92874880340648,1.928927666027184,False,fails,1.928927666027184,1.078749595435864,1.9333040183043364,1.928927666027184,3.7079967556176165,2.271294767887664,1.2605162295350845
-2.229,59.86025755912045,1.924520696804138,False,fails,1.924520696804138,1.0793964760045243,1.9290875529720266,1.924520696804138,3.705774559137283,2.265973499356139,1.2665008937399806
-2.228,59.79097208774252,1.92012543885686,False,fails,1.92012543885686,1.0800436836973324,1.9248804825391446,1.92012543885686,3.7035539028446833,2.2606649631994777,1.2724696540323843
-2.227,59.72090121078692,1.915741893953116,False,fails,1.915741893953116,1.0806912184992716,1.9206827863312503,1.915741893953116,3.7013347860406394,2.2553691292282116,1.2784225080116691
-2.226,59.65005368747507,1.9113700628885106,False,fails,1.9113700628885106,1.0813390803946525,1.9164944437193607,1.9113700628885106,3.699117208027043,2.2500859673243623,1.2843594545974029
-2.225,59.578438215105294,1.9070099455100604,False,fails,1.9070099455100604,1.081987269367112,1.9123154341198227,1.9070099455100604,3.6969011681068342,2.2448154474412396,1.2902804939973382
-2.224,59.50606342942122,1.902661540739289,False,fails,1.902661540739289,1.0826357853996078,1.908145736994231,1.902661540739289,3.6946866655840065,2.239557539603291,1.2961856276760455
-2.223,59.43293790497813,1.8983248465948346,False,fails,1.8983248465948346,1.0832846284744215,1.9039853318493245,1.8983248465948346,3.692473699763616,2.2343122139059335,1.302074858324215
-2.222,59.359070155507,1.8939998602145929,False,fails,1.8939998602145929,1.0839337985731503,1.8998341982368876,1.8939998602145929,3.6902622699517704,2.229079440515385,1.3079481898285832
-2.221,59.284468634276884,1.889686577877381,False,fails,1.889686577877381,1.084583295676712,1.8956923157536516,1.889686577877381,3.6880523754556345,2.2238591896684943,1.313805627242517
-2.22,59.20914173445503,1.8853849950241652,False,fails,1.8853849950241652,1.0852331197653355,1.8915596640411916,1.8853849950241652,3.6858440155834273,2.218651431672571,1.319647176757184
-2.219,59.13309778946554,1.8810951062788328,False,fails,1.8810951062788328,1.0858832708185668,1.8874362227858343,1.8810951062788328,3.6836371896444287,2.213456136905227,1.3254728456733451
-2.218,59.056345073345355,1.8768169054685424,False,fails,1.8768169054685424,1.0865337488152547,1.8833219717185563,1.8768169054685424,3.681431896948956,2.2082732758142036,1.3312826423737198
-2.217,58.97889180109914,1.8725503856436239,False,fails,1.8725503856436239,1.0871845537335614,1.879216890614884,1.8725503856436239,3.6792281368083963,2.203102818917209,1.3370765762959587
-2.216,58.90074612905176,1.8682955390970863,False,fails,1.8682955390970863,1.0878356855509554,1.8751209592948046,1.8682955390970863,3.677025908535188,2.1979447368017553,1.342854657906157
-2.215,58.82191615519864,1.8640523573836962,False,fails,1.8640523573836962,1.0884871442442068,1.8710341576226523,1.8640523573836962,3.6748252114428133,2.192799000124981,1.3486168986729403
-2.214,58.74240991955494,1.8598208313386768,False,fails,1.8598208313386768,1.0891389297893854,1.8669564655070314,1.8598208313386768,3.6726260448458166,2.1876655796135056,1.3543633110420772
-2.213,58.66223540450221,1.855600951095982,False,fails,1.855600951095982,1.0897910421618657,1.8628878629007035,1.855600951095982,3.670428408059796,2.1825444460632526,1.3600939084116561
-2.212,58.58140053513325,1.8513927061062176,False,fails,1.8513927061062176,1.0904434813363129,1.858828329800492,1.8513927061062176,3.6682323004013893,2.177435570339282,1.3658087051077565
-2.211,58.49991317959544,1.847196085154164,False,fails,1.847196085154164,1.0910962472866914,1.8547778462471902,1.847196085154164,3.6660377211882906,2.1723389233756345,1.3715077163606457
-2.21,58.41778114943209,1.8430110763759435,False,fails,1.8430110763759435,1.0917493399862568,1.8507363923254707,1.8430110763759435,3.6638446697392566,2.1672544761751786,1.3771909582814688
-2.209,58.335012199921415,1.8388376672758107,False,fails,1.8388376672758107,1.092402759407555,1.8467039481637713,1.8388376672758107,3.661653145374079,2.16218219980942,1.3828584478394492
-2.208,58.2516140304146,1.8346758447425997,False,fails,1.8346758447425997,1.0930565055224206,1.8426804939342158,1.8346758447425997,3.6594631474136126,2.157122065418366,1.3885102028395497
-2.207,58.167594284671,1.830525595065818,False,fails,1.830525595065818,1.0937105783019732,1.8386660098525036,1.830525595065818,3.6572746751797474,2.1520740442103423,1.3941462419006192
-2.206,58.08296055119255,1.8263869039514076,False,fails,1.8263869039514076,1.0943649777166158,1.8346604761778298,1.8263869039514076,3.655087727995432,2.1470381074618525,1.3997665844339886
-2.205,57.9977203635557,1.8222597565371574,False,fails,1.8222597565371574,1.0950197037360363,1.8306638732127802,1.8222597565371574,3.6529023051846723,2.142014226517405,1.4053712506225402
-2.204,57.91188120074127,1.8181441374078042,False,fails,1.8181441374078042,1.0956747563291962,1.826676181303229,1.8181441374078042,3.6507184060725018,2.1370023727893424,1.410960261400202
-2.203,57.825450487463655,1.8140400306098037,False,fails,1.8140400306098037,1.096330135464339,1.8226973808382603,1.8140400306098037,3.6485360299850207,2.132002517757703,1.4165336384318865
-2.202,57.73843559449707,1.809947419665799,False,fails,1.809947419665799,1.0969858411089803,1.818727452250064,1.809947419665799,3.64635517624937,2.1270146329700492,1.4220914040938453
-2.201,57.650843839000494,1.8058662875887639,False,fails,1.8058662875887639,1.0976418732299094,1.8147663760138382,1.8058662875887639,3.644175844193737,2.1220386900413026,1.4276335814544587
-2.2,57.56268248484096,1.8017966168958637,False,fails,1.8017966168958637,1.0982982317931849,1.8108141326476996,1.8017966168958637,3.641998033147358,2.1170746606535937,1.4331601942554173
-2.199,57.47395874291486,1.797738389622009,False,fails,1.797738389622009,1.0989549167641335,1.806870702712586,1.797738389622009,3.6398217424405144,2.1121225165560955,1.4386712668933122
-2.198,57.38467977146776,1.7936915873331318,False,fails,1.7936915873331318,1.0996119281073493,1.8029360668121708,1.7936915873331318,3.6376469714045365,2.1071822295648786,1.4441668244016068
-2.197,57.29485267641194,1.7896561911391644,False,fails,1.7896561911391644,1.1002692657866866,1.7990102055927533,1.7896561911391644,3.6354737193717956,2.1022537715627307,1.4496468924330148
-2.196,57.20448451164304,1.7856321817067529,False,fails,1.7856321817067529,1.1009269297652644,1.7950930997431815,1.7856321817067529,3.6333019856757143,2.0973371144990227,1.45511149724223
-2.195,57.11358227935395,1.7816195392716931,False,fails,1.7816195392716931,1.1015849200054577,1.791184729994742,1.7816195392716931,3.63113176965075,2.092432230389527,1.4605606656690409
-2.194,57.02215293034821,1.7776182436511119,False,fails,1.7776182436511119,1.1022432364688999,1.7872850771210886,1.7776182436511119,3.6289630706324196,2.087539091316288,1.4659944251217898
-2.193,56.93020336435051,1.7736282742553675,False,fails,1.7736282742553675,1.1029018791164793,1.7833941219381273,1.7736282742553675,3.6267958879572753,2.082657669427443,1.471412803561211
-2.192,56.83774043031611,1.7696496100997126,False,fails,1.7696496100997126,1.1035608479083336,1.7795118453039347,1.7696496100997126,3.624630220962909,2.0777879369370713,1.4768158294845906
-2.191,56.744770926738624,1.7656822298156998,False,fails,1.7656822298156998,1.1042201428038534,1.7756382281186611,1.7656822298156998,3.622466068987964,2.072929866125042,1.4822035319102795
-2.19,56.651301601955886,1.761726111662352,False,fails,1.761726111662352,1.1048797637616734,1.771773251324445,1.761726111662352,3.6203034313721147,2.068083429336859,1.4875759403625262
-2.189,56.5573391544544,1.7577812335370735,False,fails,1.7577812335370735,1.1055397107396767,1.767916895905315,1.7577812335370735,3.6181423074560977,2.0632485989835043,1.4929330848566544
-2.188,56.462890233171606,1.7538475729863452,False,fails,1.7538475729863452,1.1061999836949876,1.764069142887095,1.7538475729863452,3.6159826965816704,2.058425347541278,1.4982749958845432
-2.187,56.3679614377971,1.749925107216182,False,fails,1.749925107216182,1.106860582583971,1.7602299733373155,1.749925107216182,3.613824598091641,2.053613647551646,1.5036017044004246
-2.186,56.27255931907211,1.7460138131023706,False,fails,1.7460138131023706,1.1075215073622307,1.7563993683651304,1.7460138131023706,3.611668011329861,2.0488134716210973,1.5089132418069806
-2.185,56.17669037908681,1.7421136672004733,False,fails,1.7421136672004733,1.1081827579846053,1.7525773091212087,1.7421136672004733,3.6095129356412197,2.044024792420975,1.5142096399417573
-2.184,56.08036107157661,1.7382246457556305,False,fails,1.7382246457556305,1.1088443344051693,1.7487637767976587,1.7382246457556305,3.6073593703716473,2.039247582687325,1.5194909310638538
-2.183,55.98357780221647,1.734346724712144,False,fails,1.734346724712144,1.1095062365772252,1.7449587526279238,1.734346724712144,3.60520731486811,2.03448181522075,1.5247571478409088
-2.182,55.88634692891392,1.7304798797228604,False,fails,1.7304798797228604,1.1101684644533063,1.7411622178867037,1.7304798797228604,3.603056768478615,2.0297274628862563,1.530008323336356
-2.181,55.78867476210013,1.7266240861583362,False,fails,1.7266240861583362,1.1108310179851748,1.7373741538898586,1.7266240861583362,3.600907730552215,2.0249844986130956,1.5352444909969798
-2.18,55.690567565019364,1.7227793191158214,False,fails,1.7227793191158214,1.1114938971238115,1.7335945419943126,1.7227793191158214,3.5987602004389903,2.0202528953946115,1.5404656846407145
-2.179,55.59203155401729,1.7189455534280373,False,fails,1.7189455534280373,1.112157101819424,1.7298233635979705,1.7189455534280373,3.596614177490061,2.0155326262880946,1.5456719384447253
-2.178,55.49307289882755,1.715122763671773,False,fails,1.715122763671773,1.1128206320214393,1.7260606001396346,1.715122763671773,3.594469661057597,2.010823664414638,1.5508632869337322
-2.177,55.39369772285605,1.7113109241762814,False,fails,1.7113109241762814,1.1134844876784973,1.7223062330988947,1.7113109241762814,3.592326650494786,2.0061259829589595,1.55603976496861
-2.176,55.293912103464926,1.707510009031503,False,fails,1.707510009031503,1.1141486687384583,1.7185602439960599,1.707510009031503,3.590185145155866,2.0014395551692834,1.5612014077352188
-2.175,55.193722072253934,1.7037199920961101,False,fails,1.7037199920961101,1.1148131751483932,1.7148226143920535,1.7037199920961101,3.5880451443961086,1.9967643543571687,1.5663482507334823
-2.174,55.09313361534076,1.699940847005375,False,fails,1.699940847005375,1.1154780068545807,1.7110933258883319,1.699940847005375,3.585906647571819,1.9921003538973663,1.571480329766701
-2.173,54.992152673639666,1.6961725471788558,False,fails,1.6961725471788558,1.116143163802509,1.7073723601267923,1.6961725471788558,3.583769654040333,1.9874475272276697,1.576597680931114
-2.172,54.890785143138736,1.6924150658279302,False,fails,1.6924150658279302,1.1168086459368738,1.7036596987896864,1.6924150658279302,3.58163416316003,1.9828058478487651,1.5817003406056704
-2.171,54.78903687517531,1.6886683759631533,False,fails,1.6886683759631533,1.1174744532015721,1.6999553235995282,1.6886683759631533,3.579500174290317,1.9781752893240827,1.5867883454420377
-2.17,54.68691367671027,1.6849324504014624,False,fails,1.6849324504014624,1.118140585539699,1.696259216319008,1.6849324504014624,3.577367686791636,1.9735558252796472,1.5918617323548139
-2.169,54.58442131060056,1.6812072617732106,False,fails,1.6812072617732106,1.1188070428935535,1.6925713587509055,1.6812072617732106,3.5752367000254686,1.9689474294039344,1.5969205385119798
-2.168,54.48156549587017,1.6774927825290593,False,fails,1.6774927825290593,1.1194738252046261,1.6888917327379958,1.6774927825290593,3.5731072133543167,1.964350075447715,1.6019648013255376
-2.167,54.37835190797987,1.6737889849467091,False,fails,1.6737889849467091,1.1201409324136038,1.6852203201629647,1.6737889849467091,3.5709792261417235,1.9597637372239105,1.6069945584423693
-2.166,54.27478617909538,1.670095841137494,False,fails,1.670095841137494,1.1208083644603613,1.6815571029483285,1.670095841137494,3.5688527377522634,1.955188388607456,1.612009847735283
-2.165,54.17087389835381,1.666413323052813,False,fails,1.666413323052813,1.1214761212839661,1.6779020630563328,1.666413323052813,3.5667277475515395,1.950624003535137,1.6170107072942799
-2.164,54.06662061212896,1.6627414024904341,False,fails,1.6627414024904341,1.1221442028226698,1.6742551824888734,1.6627414024904341,3.5646042549061896,1.9460705560054548,1.621997175417991
-2.163,53.96203182429482,1.6590800511006483,False,fails,1.6590800511006483,1.1228126090139072,1.6706164432874029,1.6590800511006483,3.5624822591838723,1.9415280200784688,1.6269692906053197
-2.162,53.857112996488326,1.6554292403923014,False,fails,1.6554292403923014,1.1234813397942969,1.6669858275328597,1.6554292403923014,3.560361759753286,1.9369963698756716,1.6319270915472548
-2.161,53.751869548369505,1.6517889417386713,False,fails,1.6517889417386713,1.1241503950996348,1.6633633173455582,1.6517889417386713,3.5582427559841543,1.9324755795798214,1.6368706171188847
-2.16,53.64630685788131,1.6481591263832296,False,fails,1.6481591263832296,1.1248197748648947,1.65974889488512,1.6481591263832296,3.5561252472472327,1.9279656234348073,1.6417999063715747
-2.159,53.54043026150724,1.6445397654452696,False,fails,1.6445397654452696,1.1254894790242245,1.656142542350376,1.6445397654452696,3.5540092329142983,1.9234664757455024,1.646714998525324
-2.158,53.4342450545282,1.640930829925415,False,fails,1.640930829925415,1.1261595075109443,1.6525442419792937,1.640930829925415,3.551894712358166,1.9189781108776287,1.6516159329612865
-2.157,53.327756491277185,1.6373322907109893,False,fails,1.6373322907109893,1.1268298602575426,1.6489539760488754,1.6373322907109893,3.549781684952669,1.9145005032575952,1.6565027492144764
-2.156,53.22096978539318,1.6337441185812815,False,fails,1.6337441185812815,1.1275005371956754,1.6453717268750818,1.6337441185812815,3.547670150072671,1.910033627372367,1.6613754869666197
-2.155,53.113890110073335,1.6301662842126836,False,fails,1.6301662842126836,1.1281715382561646,1.6417974768127424,1.6301662842126836,3.545560107094062,1.9055774577693179,1.6662341860391758
-2.154,53.00652259832405,1.626598758183723,False,fails,1.626598758183723,1.1288428633689924,1.6382312082554766,1.626598758183723,3.543451555393758,1.9011319690560924,1.6710788863865043
-2.153,52.89887234321015,1.6230415109799639,False,fails,1.6230415109799639,1.129514512463302,1.6346729036356007,1.6230415109799639,3.5413444943497003,1.8966971359004579,1.675909628089209
-2.152,52.79094439810316,1.6194945129988143,False,fails,1.6194945129988143,1.1301864854673933,1.6311225454240452,1.6194945129988143,3.5392389233408545,1.8922729330301593,1.68072645134761
-2.151,52.682743776927936,1.6159577345542169,False,fails,1.6159577345542169,1.130858782308721,1.6275801161302685,1.6159577345542169,3.537134841747207,1.8878593352327815,1.6855293964753737
-2.15,52.574275454408365,1.6124311458812375,False,fails,1.6124311458812375,1.1315314029138936,1.6240455983021824,1.6124311458812375,3.53503224894978,1.883456317355617,1.6903185038932793
-2.149,52.465544366310716,1.6089147171405414,False,fails,1.6089147171405414,1.1322043472086663,1.6205189745260487,1.6089147171405414,3.532931144330605,1.8790638543055018,1.6950938141231446
-2.148,52.35655540968693,1.6054084184227748,False,fails,1.6054084184227748,1.1328776151179456,1.6170002274264104,1.6054084184227748,3.5308315272727415,1.8746819210486976,1.699855367781872
-2.147,52.247313443115544,1.6019122197528433,False,fails,1.6019122197528433,1.1335512065657811,1.6134893396660022,1.6019122197528433,3.5287333971602766,1.870310492610735,1.704603205575639
-2.146,52.13782328694182,1.598426091094099,False,fails,1.598426091094099,1.1342251214753647,1.6099862939456684,1.598426091094099,3.526636753378311,1.8659495440762852,1.7093373682942135
-2.145,52.028089723516246,1.5949500023524168,False,fails,1.5949500023524168,1.134899359769029,1.6064910730042743,1.5949500023524168,3.5245415953129706,1.8615990505890088,1.714057896805418
-2.144,51.918117497431915,1.591483923380191,False,fails,1.591483923380191,1.1355739213682434,1.6030036596186243,1.591483923380191,3.5224479223513985,1.8572589873514234,1.7187648320497007
-2.143,51.8079113157605,1.5880278239802332,False,fails,1.5880278239802332,1.1362488061936145,1.5995240366033845,1.5880278239802332,3.520355733881765,1.8529293296247629,1.7234582150348436
-2.142,51.69747584828696,1.5845816739095855,False,fails,1.5845816739095855,1.1369240141648786,1.5960521868109927,1.5845816739095855,3.5182650292932527,1.8486100527288396,1.7281380868307827
-2.141,51.586815727742824,1.5811454428832366,False,fails,1.5811454428832366,1.137599545200905,1.5925880931315752,1.5811454428832366,3.516175807976069,1.844301132041901,1.7328044885645648
-2.14,51.47593555003825,1.5777191005777569,False,fails,1.5777191005777569,1.1382753992196883,1.5891317384928694,1.5777191005777569,3.5140880693214345,1.8400025430004951,1.7374574614154061
-2.139,51.36483987449289,1.574302616634851,False,fails,1.574302616634851,1.1389515761383497,1.5856831058601324,1.574302616634851,3.512001812721592,1.8357142610993307,1.7420970466098726
-2.138,51.253533224065414,1.5708959606648263,False,fails,1.5708959606648263,1.1396280758731323,1.5822421782360718,1.5708959606648263,3.5099170375698003,1.8314362618911464,1.7467232854171661
-2.137,51.142020085581535,1.5674991022499738,False,fails,1.5674991022499738,1.140304898339402,1.5788089386607491,1.5674991022499738,3.5078337432603375,1.8271685209865618,1.7513362191445356
-2.136,51.030304909961,1.5641120109478779,False,fails,1.5641120109478779,1.1409820434516362,1.5753833702115023,1.5641120109478779,3.5057519291884898,1.8229110140539437,1.755935889132782
-2.135,50.9183921124434,1.560734656294644,False,fails,1.560734656294644,1.1416595111234344,1.5719654560028682,1.560734656294644,3.503671594750568,1.8186637168192767,1.7605223367518739
-2.134,50.806286072812625,1.5573670078080544,False,fails,1.5573670078080544,1.1423373012675047,1.568555179186501,1.5573670078080544,3.5015927393438964,1.8144266050660238,1.7650956033966625
-2.133,50.69399113561974,1.554009034990641,False,fails,1.554009034990641,1.1430154137956678,1.5651525229510816,1.554009034990641,3.499515362366817,1.8101996546349846,1.7696557304827099
-2.132,50.58151161040496,1.5506607073326912,False,fails,1.5506607073326912,1.1436938486188477,1.5617574705222406,1.5506607073326912,3.4974394632186714,1.8059828414241583,1.7742027594422056
-2.131,50.468851771918686,1.547321994315182,False,fails,1.547321994315182,1.1443726056470795,1.558370005162482,1.547321994315182,3.4953650412998303,1.8017761413886233,1.7787367317199831
-2.13,50.35601586034058,1.5439928654126467,False,fails,1.5439928654126467,1.1450516847894956,1.5549901101710992,1.5439928654126467,3.493292096011676,1.7975795305403877,1.7832576887696259
-2.129,50.243008081497905,1.5406732900959608,False,fails,1.5406732900959608,1.145731085954332,1.5516177688840902,1.5406732900959608,3.491220626756597,1.7933929849482573,1.7877656720496855
-2.128,50.12983260708246,1.5373632378350743,False,fails,1.5373632378350743,1.1464108090489198,1.5482529646740781,1.5373632378350743,3.4891506329379967,1.789216480737703,1.7922607230199687
-2.127,50.01649357486645,1.534062678101672,False,fails,1.534062678101672,1.147090853979687,1.5448956809502334,1.534062678101672,3.487082113960288,1.7850499940907258,1.7967428831379295
-2.126,49.90299508891721,1.530771580371773,False,fails,1.530771580371773,1.1477712206521529,1.5415459011581982,1.530771580371773,3.4850150692289,1.780893501245729,1.8012121938551324
-2.125,49.78934121981009,1.527489914128257,False,fails,1.527489914128257,1.148451908970926,1.5382036087799893,1.527489914128257,3.4829494981502656,1.7767469784973697,1.805668696613827
-2.124,49.675536004841206,1.5242176488633432,False,fails,1.5242176488633432,1.1491329188397044,1.5348687873339368,1.5242176488633432,3.4808854001318306,1.7726104021964417,1.8101124328435803
-2.123,49.561583448238025,1.520954754080996,False,fails,1.520954754080996,1.149814250161268,1.531541420374592,1.520954754080996,3.4788227745820475,1.7684837487497322,1.8145434439580075
-2.122,49.44748752136936,1.5177011992992806,False,fails,1.5177011992992806,1.1504959028374824,1.5282214914926524,1.5177011992992806,3.476761620910383,1.7643669946198925,1.8189617713515769
-2.121,49.33325216295408,1.5144569540526578,False,fails,1.5144569540526578,1.1511778767692902,1.5249089843148855,1.5144569540526578,3.4747019385273044,1.7602601163253107,1.8233674563964908
-2.12,49.21888127926835,1.5112219878942141,False,fails,1.5112219878942141,1.1518601718567116,1.5216038825040408,1.5112219878942141,3.4726437268442916,1.7561630904399699,1.827760540439657
-2.119,49.104378744352076,1.5079962703978502,False,fails,1.5079962703978502,1.1525427879988428,1.5183061697587774,1.5079962703978502,3.470586985273833,1.752075893593324,1.8321410647997194
-2.118,48.98974840021387,1.5047797711604012,False,fails,1.5047797711604012,1.1532257250938498,1.5150158298135796,1.5047797711604012,3.468531713229413,1.747998502470158,1.8365090707641751
-2.117,48.874994057035444,1.5015724598037195,False,fails,1.5015724598037195,1.1539089830389686,1.5117328464386877,1.5015724598037195,3.46647791012553,1.743930893810472,1.840864599586549
-2.116,48.76011949337404,1.498374305976683,False,fails,1.498374305976683,1.1545925617305035,1.5084572034400088,1.498374305976683,3.464425575377688,1.7398730444093375,1.8452076924836645
-2.115,48.645128456364276,1.4951852793571747,False,fails,1.4951852793571747,1.1552764610638222,1.5051888846590424,1.4951852793571747,3.4623747084023937,1.7358249311167684,1.849538390632957
-2.114,48.53002466191865,1.4920053496539967,False,fails,1.4920053496539967,1.1559606809333534,1.5019278739728006,1.4920053496539967,3.460325308617153,1.731786530837592,1.8538567351698725
-2.113,48.414811794927246,1.4888344866087473,False,fails,1.4888344866087473,1.1566452212325853,1.498674155293737,1.4888344866087473,3.4582773754404825,1.7277578205313273,1.8581627671853211
-2.112,48.299493509455644,1.485672659997635,False,fails,1.485672659997635,1.1573300818540626,1.495427712569657,1.485672659997635,3.456230908291894,1.723738777212041,1.8624565277232115
-2.111,48.184073428942476,1.4825198396332602,False,fails,1.4825198396332602,1.158015262689385,1.4921885297836495,1.4825198396332602,3.4541859065919085,1.719729377948231,1.866738057778033
-2.11,48.06855514639517,1.4793759953663388,False,fails,1.4793759953663388,1.1587007636292008,1.4889565909540023,1.4793759953663388,3.4521423697620426,1.7157295998626851,1.8710073982925117
-2.109,47.952942224585485,1.4762410970873967,False,fails,1.4762410970873967,1.1593865845632105,1.485731880134135,1.4762410970873967,3.4501002972248207,1.711739420132372,1.875264590155315
-2.108,47.83723819624265,1.4731151147283978,False,fails,1.4731151147283978,1.160072725380157,1.482514381412507,1.4731151147283978,3.4480596884037564,1.707758815988287,1.8795096741988357
-2.107,47.72144656424675,1.4699980182643473,False,fails,1.4699980182643473,1.16075918596783,1.4793040789125516,1.4699980182643473,3.4460205427233714,1.703787764715345,1.8837426911970165
-2.106,47.60557080182021,1.4668897777148433,False,fails,1.4668897777148433,1.161445966213058,1.4761009567925951,1.4668897777148433,3.4439828596091844,1.6998262436522424,1.8879636818632428
-2.105,47.48961435271844,1.4637903631455966,False,fails,1.4637903631455966,1.1621330660017088,1.4729049992457814,1.4637903631455966,3.4419466384877127,1.695874230191336,1.8921726868482802
-2.104,47.37358063141939,1.4606997446698917,False,fails,1.4606997446698917,1.1628204852186852,1.4697161904999938,1.4606997446698917,3.43991187878647,1.6919317017785085,1.896369746738287
-2.103,47.25747302331189,1.457617892450029,False,fails,1.457617892450029,1.1635082237479224,1.4665345148177764,1.457617892450029,3.437878579933966,1.6879986359130463,1.9005549020528612
-2.102,47.14129488488329,1.4545447766987114,False,fails,1.4545447766987114,1.164196281472389,1.4633599564962634,1.4545447766987114,3.4358467413597107,1.6840750101475128,1.9047281932431503
-2.101,47.025049543905766,1.4514803676804084,False,fails,1.4514803676804084,1.164884658274077,1.4601924998671014,1.4514803676804084,3.4338163624942064,1.6801608020876257,1.9088896606900054
-2.1,46.908740299621435,1.4484246357126653,False,fails,1.4484246357126653,1.1655733540340079,1.4570321292963677,1.4484246357126653,3.4317874427689516,1.6762559893921207,1.9130393447022003
-2.099,46.85587774928844,1.445377551167391,False,fails,1.445377551167391,1.1678452378948538,1.4558520559405055,1.445377551167391,3.4344149047273294,1.674630303287341,1.9171772855146831
-2.098,46.80377327262662,1.4423390844720987,False,fails,1.4423390844720987,1.1701476003361448,1.4547056652165449,1.4423390844720987,3.4371214188237245,1.6730438659072617,1.9213035232868902
-2.097,46.75137594887277,1.4393092061111254,False,fails,1.4393092061111254,1.172454274526298,1.4535602377670351,1.4393092061111254,3.4398299224812443,1.6714590343209947,1.925418098101092
-2.096,46.69868821643417,1.436287886626799,False,fails,1.436287886626799,1.1747652674597961,1.4524157729795333,1.436287886626799,3.4425404164696145,1.669875807178972,1.929521049960807
-2.095,46.645712502147724,1.4332750966205874,False,fails,1.4332750966205874,1.1770805861372746,1.4512722702423078,1.4332750966205874,3.4452529015559508,1.6682941831331974,1.9336124187892423
-2.094,46.59245122132459,1.4302708067542058,False,fails,1.4302708067542058,1.1794002375654995,1.45012972894434,1.4302708067542058,3.4479673785047376,1.666714160837247,1.9376922444277882
-2.093,46.53890677779491,1.4272749877507007,False,fails,1.4272749877507007,1.1817242287573464,1.4489881484753266,1.4272749877507007,3.4506838480778237,1.6651357389462715,1.9417605666345488
-2.092,46.48508156395201,1.4242876103954871,False,fails,1.4242876103954871,1.1840525667317814,1.4478475282256762,1.4242876103954871,3.4534023110344036,1.6635589161169895,1.9458174250829285
-2.091,46.430977960796724,1.421308645537372,False,fails,1.421308645537372,1.186385258513836,1.446707867586509,1.421308645537372,3.45612276813101,1.661983691007689,1.9498628593602487
-2.09,46.37659833798152,1.4183380640895369,False,fails,1.4183380640895369,1.1887223111345877,1.4455691659496592,1.4183380640895369,3.4588452201214963,1.660410062278227,1.953896908966409
-2.089,46.321945053854435,1.4153758370304974,False,fails,1.4153758370304974,1.1910637316311348,1.4444314227076733,1.4153758370304974,3.4615696677570202,1.6588380285900284,1.9579196133125847
-2.088,46.26702045550273,1.4124219354050256,False,fails,1.4124219354050256,1.1934095270465763,1.4432946372538065,1.4124219354050256,3.4642961117860356,1.6572675886060821,1.9619310117199753
-2.087,46.21182687879669,1.4094763303250528,False,fails,1.4094763303250528,1.1957597044299897,1.4421588089820303,1.4094763303250528,3.46702455295428,1.6556987409909432,1.9659311434185784
-2.086,46.156366648432986,1.406538992970538,False,fails,1.406538992970538,1.1981142708364072,1.4410239372870228,1.406538992970538,3.4697549920047583,1.65413148441073,1.9699200475460095
-2.085,46.10064207797817,1.4036098945903186,False,fails,1.4036098945903186,1.200473233326792,1.439890021564179,1.4036098945903186,3.472487429677726,1.652565817533126,1.9738977631463475
-2.084,46.04465546991158,1.4006890065029203,False,fails,1.4006890065029203,1.2028365989680174,1.4387570612095986,1.4006890065029203,3.475221866710685,1.6510017390273708,1.9778643291690345
-2.083,45.98840911566867,1.3977763000973527,False,fails,1.3977763000973527,1.2052043748328434,1.4376250556200971,1.3977763000973527,3.47795830383836,1.6494392475642714,1.9818197844677954
-2.082,45.93190529568364,1.394871746833875,False,fails,1.394871746833875,1.2075765679998927,1.4364940041931973,1.394871746833875,3.480696741792694,1.647878341816188,1.985764167799598
-2.081,45.87514627943241,1.3919753182447423,False,fails,1.3919753182447423,1.2099531855536245,1.4353639063271335,1.3919753182447423,3.4834371813028255,1.646319020457044,1.9896975178236402
-2.08,45.818134325474915,1.3890869859349144,False,fails,1.3890869859349144,1.2123342345843144,1.434234761420849,1.3890869859349144,3.48617962309508,1.6447612821623145,1.9936198731003862
-2.079,45.76087168149785,1.3862067215827558,False,fails,1.3862067215827558,1.2147197221880326,1.4331065688739988,1.3862067215827558,3.4889240678929605,1.643205125609037,1.9975312720906178
-2.078,45.70336058435673,1.3833344969407029,False,fails,1.3833344969407029,1.2171096554666152,1.431979328086945,1.3833344969407029,3.49167051641713,1.6416505494757996,2.0014317531545256
-2.077,45.64560326011812,1.380470283835915,False,fails,1.380470283835915,1.219504041527638,1.4308530384607596,1.380470283835915,3.4944189693853884,1.6400975524427448,2.0053213545508273
-2.076,45.587601924101605,1.3776140541708954,False,fails,1.3776140541708954,1.2219028874843985,1.429727699397224,1.3776140541708954,3.4971694275126692,1.6385461331915687,2.009200114435924
-2.075,45.52935878092171,1.3747657799240942,False,fails,1.3747657799240942,1.2243062004558904,1.4286033102988294,1.3747657799240942,3.4999218915110326,1.6369962904055204,2.01306807086308
-2.074,45.47087602452942,1.371925433150495,False,fails,1.371925433150495,1.2267139875667745,1.4274798705687701,1.371925433150495,3.502676362089633,1.6354480227693933,2.0169252617816276
-2.073,45.41215583825402,1.369092985982175,False,fails,1.369092985982175,1.2291262559473548,1.4263573796109559,1.369092985982175,3.5054328399547177,1.6339013289695379,2.0207717250362065
-2.072,45.3532003948442,1.3662684106288403,False,fails,1.3662684106288403,1.2315430127335563,1.4252358368299982,1.3662684106288403,3.508191325809608,1.6323562076938474,2.024607498366035
-2.071,45.29401185650962,1.363451679378352,False,fails,1.363451679378352,1.2339642650669007,1.424115241631221,1.363451679378352,3.5109518203546943,1.6308126576317652,2.028432619404198
-2.07,45.23459237496172,1.360642764597224,False,fails,1.360642764597224,1.236390020094475,1.422995593420651,1.360642764597224,3.5137143242874087,1.6292706774742778,2.0322471256769696
-2.069,45.17494409145502,1.3578416387311112,False,fails,1.3578416387311112,1.2388202849689087,1.4218768916050262,1.3578416387311112,3.5164788383022123,1.6277302659139206,2.036051054603151
-2.068,45.11506913682768,1.3550482743052639,False,fails,1.3550482743052639,1.2412550668483504,1.4207591355917866,1.3550482743052639,3.519245363090596,1.626191421644767,2.0398444434934517
-2.067,45.05496963154247,1.3522626439249765,False,fails,1.3522626439249765,1.2436943728964414,1.419642324789085,1.3522626439249765,3.5220138993410512,1.624654143362439,2.043627329549882
-2.066,44.994647685727,1.3494847202760163,False,fails,1.3494847202760163,1.246138210282285,1.4185264586057733,1.3494847202760163,3.5247844477390626,1.6231184297640942,2.04739974986517
-2.065,44.934105399214474,1.3467144761250331,False,fails,1.3467144761250331,1.2485865861804235,1.4174115364514162,1.3467144761250331,3.5275570089670856,1.6215842795484365,2.051161741422205
-2.064,44.87334486158369,1.3439518843199476,False,fails,1.3439518843199476,1.2510395077708125,1.4162975577362784,1.3439518843199476,3.530331583704547,1.620051691415703,2.054913341093511
-2.063,44.81236815219933,1.3411969177903293,False,fails,1.3411969177903293,1.2534969822387925,1.4151845218713335,1.3411969177903293,3.533108172627817,1.618520664067674,2.058654585640733
-2.062,44.751177340251836,1.338449549547755,False,fails,1.338449549547755,1.2559590167750634,1.4140724282682589,1.338449549547755,3.5358867764102007,1.6169911962076615,2.0623855117141487
-2.061,44.68977448479744,1.3357097526861565,False,fails,1.3357097526861565,1.2584256185756537,1.4129612763394375,1.3357097526861565,3.5386673957219217,1.615463286540518,2.0661061558521996
-2.06,44.62816163479761,1.3329775003821398,False,fails,1.3329775003821398,1.2608967948418965,1.4118510654979557,1.3329775003821398,3.541450031230107,1.6139369337726275,2.0698165544810543
-2.059,44.566340829158925,1.3302527658953025,False,fails,1.3302527658953025,1.2633725527804054,1.4107417951576058,1.3302527658953025,3.5442346835987846,1.612412136611909,2.0735167439141793
-2.058,44.50431409677221,1.3275355225685288,False,fails,1.3275355225685288,1.265852899603038,1.4096334647328812,1.3275355225685288,3.5470213534888457,1.6108888937678127,2.0772067603519377
-2.057,44.44208345655215,1.3248257438282771,False,fails,1.3248257438282771,1.2683378425268748,1.4085260736389846,1.3248257438282771,3.5498100415580502,1.609367203951322,2.0808866398811996
-2.056,44.37965091747611,1.3221234031848388,False,fails,1.3221234031848388,1.2708273887741874,1.407419621291815,1.3221234031848388,3.5526007484610016,1.6078470658749466,2.084556418474989
-2.055,44.31701847862344,1.3194284742325992,False,fails,1.3194284742325992,1.2733215455724156,1.4063141071079797,1.3194284742325992,3.555393474849137,1.6063284782527283,2.08821613199213
-2.054,44.25418812921418,1.316740930650275,False,fails,1.316740930650275,1.2758203201541334,1.405209530504786,1.316740930650275,3.558188221370712,1.6048114398002344,2.0918658161769264
-2.053,44.19116184864798,1.3140607462011462,False,fails,1.3140607462011462,1.2783237197570214,1.4041058909002473,1.3140607462011462,3.560984988670786,1.6032959492345633,2.0955055066588435
-2.052,44.12794160654249,1.3113878947332607,False,fails,1.3113878947332607,1.2808317516238394,1.4030031877130749,1.3113878947332607,3.5637837773912016,1.6017820052743308,2.099135238952232
-2.051,44.06452936277207,1.308722350179643,False,fails,1.308722350179643,1.2833444230023996,1.401901420362685,1.308722350179643,3.5665845881705818,1.6002696066396842,2.1027550484560447
-2.05,44.00092706750593,1.3060640865584787,False,fails,1.3060640865584787,1.2858617411455333,1.400800588269194,1.3060640865584787,3.5693874216443047,1.5987587520522906,2.106364970453586
-2.049,43.93713666124649,1.3034130779732949,False,fails,1.3034130779732949,1.2883837133110585,1.39970069085342,1.3034130779732949,3.5721922784444846,1.5972494402353385,2.109965040112266
-2.048,43.87316007486747,1.3007692986131194,False,fails,1.3007692986131194,1.290910346761762,1.398601727536884,1.3007692986131194,3.5749991591999795,1.5957416699135412,2.113555292483384
-2.047,43.808999229651626,1.2981327227526358,False,fails,1.2981327227526358,1.2934416487653584,1.3975036977418054,1.2981327227526358,3.57780806453635,1.5942354398131262,2.117135762501921
-2.046,43.74465603732874,1.2955033247523233,False,fails,1.2955033247523233,1.295977626594466,1.3964066008911045,1.2955033247523233,3.580618995075857,1.5927307486618427,2.120706484986345
-2.045,43.680132400113365,1.2928810790585932,False,fails,1.2928810790585932,1.2985182875265717,1.3953104364084026,1.2928810790585932,3.583431951437449,1.5912275951889563,2.124267494638431
-2.044,43.61543021074211,1.2902659602038953,False,fails,1.2902659602038953,1.3010636388440062,1.3942152037180202,1.2902659602038953,3.5862469342367373,1.5897259781252493,2.1278188260431103
-2.043,43.55055135251133,1.287657942806838,False,fails,1.287657942806838,1.3036136878339117,1.3931209022449786,1.287657942806838,3.5890639440859946,1.5882258962030185,2.131360513668314
-2.042,43.48549769931411,1.2850570015722798,False,fails,1.2850570015722798,1.3061684417882098,1.392027531414995,1.2850570015722798,3.591882981594124,1.5867273481560729,2.134892591864844
-2.041,43.42027111567779,1.282463111291422,False,fails,1.282463111291422,1.3087279080035668,1.3909350906544908,1.282463111291422,3.594704047366653,1.5852303327197377,2.1384150948662493
-2.04,43.35487345680066,1.27987624684188,False,fails,1.27987624684188,1.3112920937813746,1.3898435793905806,1.27987624684188,3.597527142005722,1.5837348486308473,2.1419280567887267
-2.039,43.289306568589,1.2772963831877582,False,fails,1.2772963831877582,1.3138610064277056,1.388752997051082,1.2772963831877582,3.6003522661100607,1.5822408946277458,2.1454315116310245
-2.038,43.2235722876937,1.274723495379702,False,fails,1.274723495379702,1.3164346532532893,1.3876633430645056,1.274723495379702,3.603179420274973,1.5807484694502858,2.1489254932743647
-2.037,43.15767244154728,1.272157558554956,False,fails,1.272157558554956,1.3190130415734795,1.386574616860066,1.272157558554956,3.6060086050923297,1.579257571839834,2.1524100354823696
-2.036,43.09160884839982,1.269598547937395,False,fails,1.269598547937395,1.3215961787082184,1.3854868178676694,1.269598547937395,3.608839821150546,1.577768200539255,2.155885171901018
-2.035,43.025383317355775,1.26704643883756,False,fails,1.26704643883756,1.3241840719820097,1.384399945517922,1.26704643883756,3.6116730690345666,1.5762803542929247,2.1593509360585936
-2.034,42.958997648409984,1.2645012066526815,False,fails,1.2645012066526815,1.3267767287238845,1.3833139992421246,1.2645012066526815,3.614508349325854,1.5747940318467197,2.1628073613656587
-2.033,42.89245363248402,1.2619628268666951,False,fails,1.2619628268666951,1.3293741562673635,1.3822289784722777,1.2619628268666951,3.6173456626023706,1.5733092319480249,2.166254481115028
-2.032,42.82575305146191,1.2594312750502428,False,fails,1.2594312750502428,1.3319763619504335,1.381144882641076,1.2594312750502428,3.6201850094385617,1.5718259533457224,2.1696923284817706
-2.031,42.75889767822611,1.2569065268606754,False,fails,1.2569065268606754,1.334583353115506,1.3800617111819071,1.2569065268606754,3.623026390405338,1.5703441947901946,2.173120936523203
-2.03,42.69188927669337,1.2543885580420406,False,fails,1.2543885580420406,1.337195137109394,1.3789794635288593,1.2543885580420406,3.6258698060700754,1.5688639550333296,2.176540338178909
-2.029,42.62472960185018,1.2518773444250695,False,fails,1.2518773444250695,1.3398117212832636,1.3778981391167127,1.2518773444250695,3.6287152569965717,1.567385232828508,2.179950566270756
-2.028,42.55742039978831,1.2493728619271465,False,fails,1.2493728619271465,1.3424331129926153,1.376817737380944,1.2493728619271465,3.6315627437450577,1.5659080269306116,2.183351653502935
-2.027,42.489963407740106,1.2468750865522815,False,fails,1.2468750865522815,1.345059319597241,1.3757382577577202,1.2468750865522815,3.6344122668721646,1.5644323360960126,2.1867436324620018
-2.026,42.42236035411392,1.2443839943910664,False,fails,1.2443839943910664,1.3476903484611966,1.3746596996839082,1.2443839943910664,3.6372638269309197,1.5629581590825856,2.190126535616932
-2.025,42.35461295852902,1.2418995616206356,False,fails,1.2418995616206356,1.3503262069527595,1.3735820625970645,1.2418995616206356,3.640117424470718,1.561485494649693,2.1935003953191767
-2.024,42.28672293185064,1.239421764504608,False,fails,1.239421764504608,1.3529669024444002,1.3725053459354404,1.239421764504608,3.642973060037312,1.5600143415581922,2.1968652438027427
-2.023,42.218691976224875,1.2369505793930258,False,fails,1.2369505793930258,1.3556124423127478,1.371429549137979,1.2369505793930258,3.6458307341728036,1.5585446985704305,2.200221113184271
-2.022,42.15052178511343,1.2344859827222947,False,fails,1.2344859827222947,1.358262833938556,1.370354671644319,1.2344859827222947,3.648690447415623,1.5570765644502473,2.2035680354631237
-2.021,42.08221404332823,1.23202795101511,False,fails,1.23202795101511,1.3609180847066589,1.369280712894789,1.23202795101511,3.6515522003004977,1.55560993796297,2.2069060425214806
-2.02,42.01377042706579,1.2295764608803732,False,fails,1.2295764608803732,1.3635782020059464,1.368207672330409,1.2295764608803732,3.65441599335846,1.5541448178754116,2.2102351661244533
-2.019,41.94519260394182,1.2271314890131135,False,fails,1.2271314890131135,1.3662431932293253,1.367135549392893,1.2271314890131135,3.657281827116822,1.5526812029558745,2.2135554379201916
-2.018,41.87648223302525,1.2246930121943953,False,fails,1.2246930121943953,1.3689130657736834,1.366064343524644,1.2246930121943953,3.660149702099152,1.551219091974143,2.2168668894400114
-2.017,41.80764096487262,1.2222610072912239,False,fails,1.2222610072912239,1.3715878270398498,1.364994054168758,1.2222610072912239,3.6630196188252673,1.5497584837014897,2.220169552098518
-2.016,41.73867044156179,1.2198354512564424,False,fails,1.2198354512564424,1.3742674844325653,1.3639246807690202,1.2198354512564424,3.665891577811213,1.548299376910666,2.2234634571937515
-2.015,41.669572296726066,1.2174163211286244,False,fails,1.2174163211286244,1.3769520453604438,1.362856222769907,1.2174163211286244,3.6687655795692535,1.5468417703759072,2.226748635907328
-2.014,41.6003481555878,1.2150035940319655,False,fails,1.2150035940319655,1.3796415172359318,1.361788679616582,1.2150035940319655,3.671641624607844,1.5453856628729268,2.230025119304591
-2.013,41.53099963499229,1.2125972471761648,False,fails,1.2125972471761648,1.3823359074752766,1.3607220507549018,1.2125972471761648,3.6745197134316254,1.5439310531789199,2.233292938334768
-2.012,41.46152834344102,1.2101972578563,False,fails,1.2101972578563,1.3850352234984873,1.359656335631412,1.2101972578563,3.677399846541404,1.542477940072559,2.2365521238311445
-2.011,41.39193588112518,1.207803603452705,False,fails,1.207803603452705,1.3877394727292969,1.3585915336933432,1.207803603452705,3.6802820244341246,1.5410263223339902,2.2398027065112265
-2.01,41.32222383995904,1.2054162614308332,False,fails,1.2054162614308332,1.3904486625951276,1.3575276443886168,1.2054162614308332,3.683166247602879,1.5395761987448378,2.2430447169769283
-2.009,41.25239380361316,1.2030352093411294,False,fails,1.2030352093411294,1.3931628005270489,1.356464667165845,1.2030352093411294,3.6860525165368654,1.5381275680882018,2.246278185714746
-2.008,41.18244734754717,1.20066042481888,False,fails,1.20066042481888,1.3958818939597422,1.3554026014743206,1.20066042481888,3.6889408317213768,1.5366804291486504,2.249503143095961
-2.007,41.11238603904306,1.198291885584072,False,fails,1.198291885584072,1.3986059503314652,1.3543414467640318,1.198291885584072,3.691831193637799,1.5352347807122289,2.25271961937683
-2.006,41.04221143723773,1.195929569441245,False,fails,1.195929569441245,1.4013349770840098,1.3532812024856469,1.195929569441245,3.6947236027635793,1.5337906215664472,2.2559276446987893
-2.005,40.97192509315597,1.1935734542793381,False,fails,1.1935734542793381,1.404068981662661,1.352221868090526,1.1935734542793381,3.697618059572209,1.5323479505002913,2.259127249088659
-2.004,40.90152854974272,1.191223518071528,False,fails,1.191223518071528,1.4068079715161672,1.3511634430307116,1.191223518071528,3.700514564533221,1.5309067663042095,2.262318462458865
-2.003,40.83102334189585,1.1888797388750716,False,fails,1.1888797388750716,1.409551954096692,1.350105926758933,1.1888797388750716,3.703413118112154,1.529467067770118,2.265501314607653
-2.002,40.76041099649831,1.1865420948311405,False,fails,1.1865420948311405,1.4123009368597832,1.3490493187286055,1.1865420948311405,3.706313720770555,1.5280288536914004,2.2686758352193115
-2.001,40.68969303245057,1.1842105641646514,False,fails,1.1842105641646514,1.4150549272643231,1.3479936183938286,1.1842105641646514,3.709216372965947,1.5265921228629031,2.2718420538644035
-2.0,40.61887096070255,1.1818851251840943,False,fails,1.1818851251840943,1.4178139327724977,1.3469388252093875,1.1818851251840943,3.7121210751518197,1.5251568740809358,2.275
-1.999,40.54794628428577,1.1795657562813553,False,fails,1.1795657562813553,1.4205779608497557,1.3458849386307503,1.1795657562813553,3.71502782777761,1.5237231061432694,2.2781497029699196
-1.998,40.47692049834521,1.1772524359315386,False,fails,1.1772524359315386,1.4233470189647643,1.3448319581140684,1.1772524359315386,3.7179366312886932,1.5222908178491361,2.2812911920049705
-1.997,40.40579509017116,1.1749451426927846,False,fails,1.1749451426927846,1.4261211145893724,1.3437798831161805,1.1749451426927846,3.720847486126351,1.5208600079992287,2.2844244962231985
-1.996,40.33457153923071,1.1726438552060812,False,fails,1.1726438552060812,1.4289002551985663,1.3427287130946015,1.1726438552060812,3.7237603927277654,1.519430675395692,2.287549644630142
-1.995,40.26325131719958,1.1703485521950796,False,fails,1.1703485521950796,1.4316844482704318,1.3416784475075354,1.1703485521950796,3.7266753515259965,1.518002818842135,2.290666666119082
-1.994,40.19183588799342,1.1680592124658973,False,fails,1.1680592124658973,1.4344737012861182,1.340629085813865,1.1680592124658973,3.7295923629499765,1.5165764371436188,2.2937755894713114
-1.993,40.12032670779913,1.165775814906928,False,fails,1.165775814906928,1.437268021729783,1.3395806274731559,1.165775814906928,3.7325114274244737,1.5151515291066568,2.2968764433563917
-1.992,40.04872522510609,1.16349833848864,False,fails,1.16349833848864,1.440067417088565,1.3385330719456534,1.16349833848864,3.7354325453700907,1.5137280935392172,2.2999692563324268
-1.991,39.97703288073743,1.1612267622633794,False,fails,1.1612267622633794,1.442871894852534,1.3374864186922866,1.1612267622633794,3.7383557172032424,1.5123061292507207,2.3030540568463307
-1.99,39.905251107880844,1.158961065365162,False,fails,1.158961065365162,1.4456814625146537,1.3364406671746631,1.158961065365162,3.7412809433361374,1.5108856350520374,2.30613087323411
-1.989,39.83338133211957,1.156701227009476,False,fails,1.156701227009476,1.4484961275707335,1.335395816855071,1.156701227009476,3.74420822417676,1.5094666097554845,2.3091997337211314
-1.988,39.76142497146319,1.1544472264930647,False,fails,1.1544472264930647,1.4513158975193934,1.3343518671964787,1.1544472264930647,3.747137560128859,1.50804905217483,2.3122606664224183
-1.987,39.68938343637827,1.1521990431937221,False,fails,1.1521990431937221,1.4541407798620147,1.3333088176625325,1.1521990431937221,3.750068951591922,1.5066329611252858,2.3153136993429255
-1.986,39.61725812981896,1.1499566565700774,False,fails,1.1499566565700774,1.4569707821027051,1.3322666677175603,1.1499566565700774,3.7530023989611667,1.5052183354235125,2.318358860377835
-1.985,39.54505044725735,1.1477200461613812,False,fails,1.1477200461613812,1.459805911748243,1.3312254168265638,1.1477200461613812,3.75593790262751,1.503805173887609,2.3213961773128444
-1.984,39.472761776714044,1.1454891915872862,False,fails,1.1454891915872862,1.4626461763080512,1.3301850644552282,1.1454891915872862,3.7588754629775742,1.5023934753371226,2.324425677824465
-1.983,39.40039349878814,1.143264072547631,False,fails,1.143264072547631,1.4654915832941349,1.3291456100699124,1.143264072547631,3.7618150803936397,1.500983238593038,2.3274473894803167
-1.982,39.327946986687465,1.1410446688222147,False,fails,1.1410446688222147,1.468342140221051,1.3281070531376529,1.1410446688222147,3.76475675525365,1.499574462477781,2.3304613397394323
-1.981,39.25542360625876,1.1388309602705773,False,fails,1.1388309602705773,1.471197854605863,1.3270693931261661,1.1388309602705773,3.7677004879311875,1.498167145815218,2.333467555952556
-1.98,39.18282471601722,1.1366229268317694,False,fails,1.1366229268317694,1.4740587339680882,1.3260326295038394,1.1366229268317694,3.7706462787954518,1.4967612874306484,2.3364660653624574
-1.979,39.11015166717672,1.1344205485241308,False,fails,1.1344205485241308,1.4769247858296608,1.3249967617397402,1.1344205485241308,3.773594128211245,1.4953568861508109,2.3394568951042305
-1.978,39.03740580367926,1.1322238054450566,False,fails,1.1322238054450566,1.479796017714887,1.32396178930361,1.1322238054450566,3.77654403653896,1.4939539408038802,2.3424400722056133
-1.977,38.96458846222463,1.130032677770769,False,fails,1.130032677770769,1.4826724371503934,1.3229277116658655,1.130032677770769,3.7794960041345487,1.492552450219461,2.3454156235872956
-1.976,38.891700972299866,1.1278471457560837,False,fails,1.1278471457560837,1.4855540516650914,1.3218945282975962,1.1278471457560837,3.78245003134952,1.4911524132285912,2.3483835760632386
-1.975,38.8187446562087,1.1256671897341768,False,fails,1.1256671897341768,1.4884408687901207,1.320862238670567,1.1256671897341768,3.7854061185309056,1.4897538286637397,2.351343956340988
-1.974,38.74572082910087,1.1234927901163485,False,fails,1.1234927901163485,1.491332896058817,1.3198308422572185,1.1234927901163485,3.7883642660212664,1.4883566953588085,2.3542967910219987
-1.973,38.672630799001126,1.1213239273917868,False,fails,1.1213239273917868,1.4942301410066505,1.3188003385306606,1.1213239273917868,3.7913244741586443,1.4869610121491204,2.3572421066019538
-1.972,38.59947586683846,1.1191605821273267,False,fails,1.1191605821273267,1.4971326111711936,1.317770726964678,1.1191605821273267,3.7942867432765652,1.4855667778714312,2.3601799294710903
-1.971,38.52625732647503,1.1170027349672154,False,fails,1.1170027349672154,1.5000403140920637,1.3167420070337275,1.1170027349672154,3.7972510737040155,1.4841739913639198,2.3631102859145217
-1.97,38.452976464734945,1.114850366632864,False,fails,1.114850366632864,1.5029532573108848,1.3157141782129358,1.114850366632864,3.800217465765421,1.4827826514661875,2.3660332021125705
-1.969,38.379634561433214,1.112703457922613,False,fails,1.112703457922613,1.5058714483712359,1.3146872399781044,1.112703457922613,3.8031859197806415,1.4813927570192629,2.3689487041410917
-1.968,38.30623288940419,1.1105619897114816,False,fails,1.1105619897114816,1.5087948948186065,1.3136611918057028,1.1105619897114816,3.8061564360649305,1.480004306865593,2.3718568179718083
-1.967,38.23277271453018,1.1084259429509278,False,fails,1.1084259429509278,1.5117236042003408,1.3126360331728713,1.1084259429509278,3.8091290149289314,1.478617299849044,2.37475756947264
-1.966,38.15925529576999,1.1062952986685994,False,fails,1.1062952986685994,1.5146575840656054,1.311611763557421,1.1062952986685994,3.8121036566786666,1.4772317348149044,2.377650984408042
-1.965,38.08568188518725,1.1041700379680912,False,fails,1.1041700379680912,1.5175968419653285,1.3105883824378326,1.1041700379680912,3.815080361615504,1.4758476106098781,2.380537088439332
-1.964,38.01205372797845,1.1020501420286906,False,fails,1.1020501420286906,1.5205413854521546,1.309565889293253,1.1020501420286906,3.8180591300361395,1.4744649260820837,2.383415907125038
-1.963,37.93837206250142,1.0999355921051357,False,fails,1.0999355921051357,1.5234912220804002,1.3085442836035013,1.0999355921051357,3.8210399622325966,1.4730836800810583,2.386287465921226
-1.962,37.8646381203031,1.09782636952736,False,fails,1.09782636952736,1.526446359406,1.3075235648490606,1.09782636952736,3.824022858492188,1.4717038714577468,2.389151790181845
-1.961,37.79085312614765,1.095722455700246,False,fails,1.095722455700246,1.5294068049864598,1.3065037325110862,1.095722455700246,3.827007819097501,1.4703254990645127,2.3920089051590656
-1.96,37.717018298044216,1.0936238321033696,False,fails,1.0936238321033696,1.5323725663808139,1.3054847860713963,1.0936238321033696,3.829994844326398,1.4689485617551261,2.3948588360036243
-1.959,37.643134847274666,1.0915304802907515,False,fails,1.0915304802907515,1.5353436511495595,1.3044667250124777,1.0915304802907515,3.8329839344519674,1.4675730583847668,2.397701607765159
-1.958,37.56920397842123,1.0894423818906016,False,fails,1.0894423818906016,1.5383200668546246,1.3034495488174818,1.0894423818906016,3.8359750897425298,1.466198987810022,2.400537245392563
-1.957,37.49522688939411,1.087359518605068,False,fails,1.087359518605068,1.5413018210593066,1.302433256970227,1.087359518605068,3.838968310461606,1.4648263488888886,2.403365773734318
-1.956,37.42120477145882,1.0852818722099775,False,fails,1.0852818722099775,1.5442889213282276,1.3014178489551953,1.0852818722099775,3.841963596867909,1.4634551404807647,2.4061872175388506
-1.955,37.347138809263654,1.083209424554589,False,fails,1.083209424554589,1.5472813752272818,1.3004033242575344,1.083209424554589,3.844960949215316,1.462085361446456,2.409001601454868
-1.954,37.27303018086676,1.0811421575613278,False,fails,1.0811421575613278,1.5502791903235849,1.2993896823630546,1.0811421575613278,3.8479603677528513,1.4607170106481666,2.4118089500317166
-1.953,37.198880057763496,1.0790800532255391,False,fails,1.0790800532255391,1.5532823741854231,1.2983769227582307,1.0790800532255391,3.8509618527246756,1.4593500869495042,2.414609287719718
-1.952,37.12468960491329,1.077023093615224,False,fails,1.077023093615224,1.5562909343822044,1.2973650449302003,1.077023093615224,3.8539654043700593,1.4579845892154761,2.417402638870526
-1.951,37.05045998076673,1.074971260870787,False,fails,1.074971260870787,1.5593048784844021,1.2963540483667628,1.074971260870787,3.856971022923365,1.4566205163124872,2.420189027737471
-1.95,36.97619233729232,1.0729245372047755,False,fails,1.0729245372047755,1.5623242140635103,1.295343932556381,1.0729245372047755,3.8599787086140314,1.4552578671083405,2.422968478475915
-1.949,36.9018878200033,1.0708829049016249,False,fails,1.0708829049016249,1.5653489486919805,1.2943346969881782,1.0708829049016249,3.8629884616665504,1.4538966404722324,2.4257410151435934
-1.948,36.82754756798422,1.0688463463173972,False,fails,1.0688463463173972,1.5683790899431833,1.2933263411519365,1.0688463463173972,3.866000282300453,1.452536835274753,2.4285066617009745
-1.947,36.75317271391771,1.066814843879525,False,fails,1.066814843879525,1.5714146453913453,1.2923188645381027,1.066814843879525,3.869014170730293,1.4511784503878888,2.431265442011605
-1.946,36.67876438411064,1.0647883800865505,False,fails,1.0647883800865505,1.5744556226115023,1.2913122666377792,1.0647883800865505,3.872030127165614,1.4498214846850137,2.4340173798424645
-1.945,36.60432369852083,1.062766937507869,False,fails,1.062766937507869,1.5775020291794415,1.290306546942731,1.062766937507869,3.8750481518109505,1.448465937040894,2.436762498864314
-1.944,36.52985177078297,1.0607504987834646,False,fails,1.0607504987834646,1.580553872671654,1.2893017049453792,1.0607504987834646,3.8780682448657893,1.4471118063316826,2.439500822652055
-1.943,36.45534970823518,1.0587390466236573,False,fails,1.0587390466236573,1.583611160665275,1.2882977401388065,1.0587390466236573,3.8810904065245695,1.4457590914349212,2.4422323746850734
-1.942,36.380818611944704,1.056732563808837,False,fails,1.056732563808837,1.5866739007380344,1.2872946520167474,1.056732563808837,3.8841146369766433,1.4444077912295332,2.4449571783475994
-1.941,36.30625957673427,1.054731033189208,False,fails,1.054731033189208,1.589742100468199,1.2862924400735993,1.054731033189208,3.887140936406271,1.443057904595831,2.4476752569290556
-1.94,36.23167369120777,1.0527344376845251,False,fails,1.0527344376845251,1.5928157674345271,1.285291103804415,1.0527344376845251,3.890169304992607,1.441709430415509,2.450386633624415
-1.939,36.157062037776114,1.0507427602838375,False,fails,1.0507427602838375,1.5958949092161998,1.2842906427049006,1.0507427602838375,3.89319974290966,1.4403623675716393,2.4530913315345484
-1.938,36.0824256926829,1.048755984045225,False,fails,1.048755984045225,1.5989795333927788,1.2832910562714197,1.048755984045225,3.8962322503262947,1.4390167149486766,2.4557893736665846
-1.937,36.00776572603018,1.0467740920955397,False,fails,1.0467740920955397,1.602069647544143,1.2822923440009915,1.0467740920955397,3.8992668274061986,1.4376724714324547,2.458480782934257
-1.936,35.933083201803775,1.0447970676301446,False,fails,1.0447970676301446,1.6051652592504382,1.2812945053912872,1.0447970676301446,3.902303474307869,1.4363296359101818,2.4611655821582636
-1.935,35.85837917789888,1.0428248939126554,False,fails,1.0428248939126554,1.6082663760920177,1.2802975399406336,1.0428248939126554,3.9053421911845927,1.4349882072704432,2.463843794066614
-1.934,35.78365470614537,1.0408575542746767,False,fails,1.0408575542746767,1.611373005649393,1.2793014471480117,1.0408575542746767,3.9083829781844326,1.4336481844031992,2.466515441294989
-1.933,35.708910832332926,1.0388950321155452,False,fails,1.0388950321155452,1.6144851555031658,1.278306226513052,1.0388950321155452,3.911425835450193,1.4323095661997807,2.4691805463870895
-1.932,35.63414859623636,1.0369373109020679,False,fails,1.0369373109020679,1.6176028332339853,1.2773118775360395,1.0369373109020679,3.9144707631194207,1.430972351552891,2.471839131794992
-1.931,35.55936903164056,1.0349843741682616,False,fails,1.0349843741682616,1.6207260464224784,1.27631839971791,1.0349843741682616,3.9175177613243615,1.4296365393566022,2.474491219879501
-1.93,35.48457316636556,1.0330362055150941,False,fails,1.0330362055150941,1.6238548026492066,1.2753257925602504,1.0330362055150941,3.9205668301919694,1.4283021285063564,2.477136832910502
-1.929,35.40976202229131,1.031092788610225,False,fails,1.031092788610225,1.6269891094945936,1.2743340555652973,1.031092788610225,3.923617969843856,1.4269691178989603,2.4797759930673147
-1.928,35.334936615382595,1.0291541071877433,False,fails,1.0291541071877433,1.6301289745388818,1.2733431882359383,1.0291541071877433,3.9266711803963013,1.4256375064325881,2.4824087224390445
-1.927,35.26009795571364,1.0272201450479117,False,fails,1.0272201450479117,1.6332744053620651,1.2723531900757086,1.0272201450479117,3.929726461960211,1.4243072930067753,2.485035043024936
-1.926,35.185247047492744,1.0252908860569043,False,fails,1.0252908860569043,1.6364254095438338,1.2713640605887935,1.0252908860569043,3.932783814641105,1.4229784765224212,2.487654976734724
-1.925,35.110384889086866,1.0233663141465499,False,fails,1.0233663141465499,1.6395819946635166,1.2703757992800244,1.0233663141465499,3.935843238539107,1.421651055881786,2.490268545388985
-1.924,35.035512473046,1.0214464133140715,False,fails,1.0214464133140715,1.642744168300025,1.269388405654883,1.0214464133140715,3.9389047337489105,1.4203250299884902,2.492875770719491
-1.923,34.96063078612748,1.0195311676218284,False,fails,1.0195311676218284,1.6459119380317857,1.2684018792194949,1.0195311676218284,3.9419683003597634,1.4190003977475096,2.495476674369557
-1.922,34.885740809320325,1.0176205611970581,False,fails,1.0176205611970581,1.6490853114366923,1.2674162194806329,1.0176205611970581,3.9450339384554525,1.4176771580651786,2.498071277894395
-1.921,34.810843517869415,1.0157145782316206,False,fails,1.0157145782316206,1.6522642960920373,1.2664314259457161,1.0157145782316206,3.9481016481142817,1.416355309849186,2.500659602761459
-1.92,34.73593988129943,1.0138132029817353,False,fails,1.0138132029817353,1.6554488995744565,1.2654474981228074,1.0138132029817353,3.9511714294090523,1.4150348520085723,2.503241670350804
-1.919,34.66103086343903,1.0119164197677295,False,fails,1.0119164197677295,1.658639129459869,1.2644644355206145,1.0119164197677295,3.9542432824070417,1.4137157834537328,2.5058175019554234
-1.918,34.5861174224446,1.010024212973779,False,fails,1.010024212973779,1.6618349933234162,1.263482237648489,1.010024212973779,3.9573172071699845,1.4123981030964112,2.508387118781608
-1.917,34.511200510824196,1.0081365670476519,False,fails,1.0081365670476519,1.6650364987394004,1.2625009040164257,1.0081365670476519,3.9603932037540504,1.4110818098496996,2.510950541949289
-1.916,34.43628107546117,1.0062534665004512,False,fails,1.0062534665004512,1.6682436532812264,1.2615204341350623,1.0062534665004512,3.963471272209835,1.4097669026280397,2.5135077924923874
-1.915,34.36136005763791,1.0043748959063612,False,fails,1.0043748959063612,1.671456464521338,1.2605408275156764,1.0043748959063612,3.966551412582323,1.4084533803472181,2.5160588913591617
-1.914,34.28643839305927,1.00250083990239,False,fails,1.00250083990239,1.6746749400311576,1.2595620836701895,1.00250083990239,3.9696336249108812,1.4071412419243639,2.518603859412554
-1.913,34.2115170118762,1.0006312831881181,False,fails,1.0006312831881181,1.677899087381025,1.258584202111162,1.0006312831881181,3.972717909229235,1.4058304862779512,2.5211427174305356
-1.912,34.13659683870899,0.9987662105254389,True,passes_both_endpoints,0.9987662105254389,1.681128914140137,1.2576071823517934,0.9987662105254389,3.9758042655654444,1.4045211123277936,2.523675486106454
-1.911,34.06167879267065,0.9969056067383095,True,passes_both_endpoints,0.9969056067383095,1.6843644278764776,1.2566310239059246,0.9969056067383095,3.9788926939418867,1.4032131189950459,2.5262021860493755
-1.91,33.98676378739013,0.9950494567124936,True,passes_both_endpoints,0.9950494567124936,1.6876056361567708,1.2556557262880341,0.9950494567124936,3.9819831943752484,1.4019065052022004,2.528722837784434
-1.909,33.911852731035424,0.9931977453953106,True,passes_both_endpoints,0.9931977453953106,1.6908525465463984,1.2546812890132393,0.9931977453953106,3.9850757668764767,1.400601269873086,2.531237461753168
-1.908,33.83694652633656,0.991350457795382,True,passes_both_endpoints,0.991350457795382,1.6941051666093552,1.2537077115972926,0.991350457795382,3.9881704114507883,1.399297411932866,2.533746078313871
-1.907,33.7620460706087,0.9895075789823798,True,passes_both_endpoints,0.9895075789823798,1.6973635039081714,1.2527349935565857,0.9895075789823798,3.991267128097631,1.3979949303080383,2.5362487077419282
-1.906,33.68715225577487,0.9876690940867736,True,passes_both_endpoints,0.9876690940867736,1.700627566003861,1.2517631344081448,0.9876690940867736,3.9943659168106795,1.396693823926433,2.5387453702301617
-1.905,33.61226596838888,0.9858349882995826,True,passes_both_endpoints,0.9858349882995826,1.7038973604558476,1.2507921336696333,0.9858349882995826,3.997466777577794,1.3953940917172087,2.541236085889167
-1.904,33.537388089657874,0.9840052468721218,True,passes_both_endpoints,0.9840052468721218,1.7071728948219063,1.2498219908593462,0.9840052468721218,4.000569710381015,1.394095732610854,2.5437208747476587
-1.903,33.462519495465195,0.9821798551157533,True,passes_both_endpoints,0.9821798551157533,1.7104541766580998,1.2488527054962153,0.9821798551157533,4.003674715196548,1.3927987455391857,2.5461997567528067
-1.902,33.38766105639267,0.9803587984016394,True,passes_both_endpoints,0.9803587984016394,1.7137412135187104,1.2478842770998053,0.9803587984016394,4.006781791994727,1.3915031294353448,2.5486727517705736
-1.901,33.312813637743254,0.9785420621604877,True,passes_both_endpoints,0.9785420621604877,1.7170340129561743,1.2469167051903127,0.9785420621604877,4.00989094074,1.390208883233797,2.551139879586058
-1.9,33.23797809956325,0.9767296318823097,True,passes_both_endpoints,0.9767296318823097,1.7203325825210203,1.245949989288565,0.9767296318823097,4.013002161390914,1.3889160058703285,2.5536011599038235
-1.899,33.16315529666487,0.9749214931161683,True,passes_both_endpoints,0.9749214931161683,1.7236369297618046,1.2449841289160246,0.9749214931161683,4.0161154539001,1.3876244962820512,2.5560566123482436
-1.898,33.0883460786481,0.9731176314699328,True,passes_both_endpoints,0.9731176314699328,1.7269470622250411,1.2440191235947808,0.9731176314699328,4.019230818214229,1.3863343534073913,2.5585062564638315
-1.897,33.013551289923136,0.9713180326100332,True,passes_both_endpoints,0.9713180326100332,1.730262987455135,1.2430549728475562,0.9713180326100332,4.022348254274015,1.3850455761860963,2.560950111715575
-1.896,32.93877176973223,0.9695226822612119,True,passes_both_endpoints,0.9695226822612119,1.7335847129943234,1.2420916761976992,0.9695226822612119,4.025467762014187,1.3837581635592278,2.5633881974892745
-1.895,32.86400835217177,0.9677315662062805,True,passes_both_endpoints,0.9677315662062805,1.7369122463825977,1.2411292331691888,0.9677315662062805,4.028589341363463,1.3824721144691612,2.565820533091871
-1.894,32.78926186621412,0.9659446702858749,True,passes_both_endpoints,0.9659446702858749,1.7402455951576474,1.2401676432866309,0.9659446702858749,4.031712992244537,1.3811874278595866,2.568247137751782
-1.893,32.71453313572951,0.9641619803982108,True,passes_both_endpoints,0.9641619803982108,1.7435847668547855,1.2392069060752609,0.9641619803982108,4.034838714574056,1.3799041026755066,2.5706680306192298
-1.892,32.63982297950763,0.9623834824988403,True,passes_both_endpoints,0.9623834824988403,1.7469297690068861,1.2382470210609373,0.9623834824988403,4.0379665082626,1.3786221378632304,2.5730832307665747
-1.891,32.56513221127938,0.9606091626004115,True,passes_both_endpoints,0.9606091626004115,1.7502806091443122,1.2372879877701468,0.9606091626004115,4.041096373214657,1.377341532370377,2.5754927571886412
-1.89,32.490461639738406,0.958839006772422,True,passes_both_endpoints,0.958839006772422,1.7536372947948493,1.236329805729999,0.958839006772422,4.044228309328608,1.3760622851458708,2.577896628803051
-1.889,32.41581206856259,0.9570730011409829,True,passes_both_endpoints,0.9570730011409829,1.7569998334836372,1.2353724744682293,0.9570730011409829,4.047362316496705,1.3747843951399414,2.5802948644505452
-1.888,32.34118429643548,0.9553111318885744,True,passes_both_endpoints,0.9553111318885744,1.760368232733105,1.2344159935131969,0.9553111318885744,4.05049839460505,1.3735078613041236,2.582687482895316
-1.887,32.266579117067586,0.9535533852538071,True,passes_both_endpoints,0.9535533852538071,1.7637425000628926,1.233460362393882,0.9535533852538071,4.0536365435335675,1.37223268259125,2.58507450282533
-1.886,32.19199731921766,0.9517997475311832,True,passes_both_endpoints,0.9517997475311832,1.7671226429897928,1.2325055806398895,0.9517997475311832,4.0567767631560026,1.370958857955456,2.587455942852653
-1.885,32.117439686713865,0.9500502050708579,True,passes_both_endpoints,0.9500502050708579,1.7705086690276717,1.2315516477814432,0.9500502050708579,4.059919053339873,1.3696863863521742,2.589831821513775
-1.884,32.04290699847485,0.9483047442784001,True,passes_both_endpoints,0.9483047442784001,1.7739005856874073,1.2305985633493886,0.9483047442784001,4.063063413946479,1.3684152667381335,2.5922021572699325
-1.883,31.968400028530823,0.9465633516145584,True,passes_both_endpoints,0.9465633516145584,1.777298400476813,1.2296463268751916,0.9465633516145584,4.06620984483085,1.3671454980713589,2.5945669685074297
-1.882,31.893919546044398,0.9448260135950203,True,passes_both_endpoints,0.9448260135950203,1.7807021209005727,1.2286949378909358,0.9448260135950203,4.069358345841757,1.365877079311167,2.5969262735379623
-1.881,31.819466315331585,0.9430927167901809,True,passes_both_endpoints,0.9430927167901809,1.784111754460163,1.2277443959293248,0.9430927167901809,4.072508916821664,1.3646100094181672,2.5992800905989344
-1.88,31.745041095882428,0.9413634478249057,True,passes_both_endpoints,0.9413634478249057,1.78752730865379,1.2267947005236777,0.9413634478249057,4.075661557606719,1.3633442873542578,2.6016284378537784
-1.879,31.670644642381866,0.9396381933782955,True,passes_both_endpoints,0.9396381933782955,1.7909487909763124,1.2258458512079327,0.9396381933782955,4.078816268026738,1.3620799120826266,2.6039713333922747
-1.878,31.596277704730223,0.9379169401834545,True,passes_both_endpoints,0.9379169401834545,1.7943762089191737,1.224897847516643,0.9379169401834545,4.081973047905176,1.3608168825677474,2.6063087952308686
-1.877,31.521941028063914,0.9361996750272593,True,passes_both_endpoints,0.9361996750272593,1.7978095699703267,1.2239506889849767,0.9361996750272593,4.085131897059107,1.3595551977753784,2.608640841312982
-1.876,31.447635352775755,0.934486384750122,True,passes_both_endpoints,0.934486384750122,1.8012488816141654,1.2230043751487174,0.934486384750122,4.088292815299209,1.3582948566725614,2.6109674895093344
-1.875,31.37336141453556,0.9327770562457629,True,passes_both_endpoints,0.9327770562457629,1.8046941513314485,1.2220589055442623,0.9327770562457629,4.091455802429732,1.3570358582276203,2.613288757618254
-1.874,31.299119944310256,0.9310716764609779,True,passes_both_endpoints,0.9310716764609779,1.8081453865992287,1.22111427970862,0.9310716764609779,4.09462085824849,1.3557782014101574,2.615604663365992
-1.873,31.224911668384323,0.9293702323954098,True,passes_both_endpoints,0.9293702323954098,1.8116025948907828,1.220170497179414,0.9293702323954098,4.097787982546835,1.354521885191054,2.6179152244070334
-1.872,31.150737308379874,0.9276727111013214,True,passes_both_endpoints,0.9276727111013214,1.815065783675529,1.2192275574948772,0.9276727111013214,4.100957175109623,1.3532669085424691,2.6202204583244058
-1.871,31.076597581276797,0.9259790996833616,True,passes_both_endpoints,0.9259790996833616,1.8185349604189665,1.2182854601938544,0.9259790996833616,4.104128435715222,1.3520132704378336,2.622520382629995
-1.87,31.002493199432728,0.9242893852983441,True,passes_both_endpoints,0.9242893852983441,1.8220101325825873,1.2173442048157974,0.9242893852983441,4.107301764135456,1.350760969851852,2.624815014764849
-1.869,30.928424870603084,0.9226035551550152,True,passes_both_endpoints,0.9226035551550152,1.8254913076238153,1.216403790900771,0.9226035551550152,4.110477160135614,1.349510005760501,2.627104372099489
-1.868,30.854393297960943,0.9209215965138342,True,passes_both_endpoints,0.9209215965138342,1.8289784929959223,1.2154642179894468,0.9209215965138342,4.113654623474411,1.3482603771410284,2.629388471934213
-1.867,30.780399180116714,0.9192434966867411,True,passes_both_endpoints,0.9192434966867411,1.832471696147958,1.2145254856231025,0.9192434966867411,4.116834153903976,1.3470120829719456,2.6316673314994055
-1.866,30.70644321113806,0.9175692430369395,True,passes_both_endpoints,0.9175692430369395,1.8359709245246718,1.2135875933436224,0.9175692430369395,4.120015751169817,1.3457651222330334,2.6339409679558363
-1.865,30.632526080569438,0.9158988229786653,True,passes_both_endpoints,0.9158988229786653,1.839476185566444,1.2126505406935,0.9158988229786653,4.123199415010828,1.3445194939053355,2.6362093983949726
-1.864,30.55864847345173,0.9142322239769721,True,passes_both_endpoints,0.9142322239769721,1.842987486709197,1.2117143272158286,0.9142322239769721,4.126385145159228,1.3432751969711587,2.638472639839272
-1.863,30.48481107034167,0.912569433547502,True,passes_both_endpoints,0.912569433547502,1.8465048353843334,1.210778952454309,0.912569433547502,4.129572941340572,1.3420322304140684,2.6407307092424923
-1.862,30.411014547331522,0.9109104392562692,True,passes_both_endpoints,0.9109104392562692,1.8500282390186544,1.209844415953245,0.9109104392562692,4.1327628032737245,1.340790593218893,2.6429836234899864
-1.861,30.33725957606816,0.9092552287194373,True,passes_both_endpoints,0.9092552287194373,1.853557705034283,1.2089107172575433,0.9092552287194373,4.135954730670829,1.339550284371717,2.645231399399004
-1.86,30.263546823772508,0.9076037896031011,True,passes_both_endpoints,0.9076037896031011,1.8570932408485783,1.2079778559127097,0.9076037896031011,4.139148723237281,1.338311302859876,2.6474740537189887
-1.859,30.189876953258764,0.9059561096230657,True,passes_both_endpoints,0.9059561096230657,1.8606348538740793,1.2070458314648527,0.9059561096230657,4.1423447806717295,1.3370736476719651,2.649711603131877
-1.858,30.116250622953597,0.9043121765446303,True,passes_both_endpoints,0.9043121765446303,1.8641825515184065,1.2061146434606818,0.9043121765446303,4.145542902666035,1.3358373177978287,2.651944064252392
-1.857,30.042668486915044,0.9026719781823703,True,passes_both_endpoints,0.9026719781823703,1.867736341184196,1.2051842914475015,0.9026719781823703,4.148743088905255,1.3346023122285604,2.654171453628341
-1.856,29.969131194851812,0.9010355023999219,True,passes_both_endpoints,0.9010355023999219,1.871296230269017,1.2042547749732204,0.9010355023999219,4.1519453390676295,1.3333686299565048,2.656393787740906
-1.855,29.895639392141923,0.8994027371097637,True,passes_both_endpoints,0.8994027371097637,1.8748622261652956,1.20332609358634,0.8994027371097637,4.155149652824547,1.3321362699752508,2.6586110830049408
-1.854,29.82219371985182,0.8977736702730061,True,passes_both_endpoints,0.8977736702730061,1.8784343362602358,1.20239824683596,0.8977736702730061,4.158356029840536,1.3309052312796346,2.6608233557692578
-1.853,29.748794814754955,0.8961482898991715,True,passes_both_endpoints,0.8961482898991715,1.8820125679357351,1.2014712342717746,0.8961482898991715,4.161564469773224,1.329675512865731,2.663030622316925
-1.852,29.675443309350758,0.8945265840459891,True,passes_both_endpoints,0.8945265840459891,1.885596928568317,1.2005450554440746,0.8945265840459891,4.1647749722733485,1.3284471137308604,2.665232898865547
-1.851,29.60213983188304,0.8929085408191731,True,passes_both_endpoints,0.8929085408191731,1.8891874255290393,1.1996197099037431,0.8929085408191731,4.167987536984694,1.3272200328735808,2.6674302015675626
-1.85,29.528885006358816,0.8912941483722202,True,passes_both_endpoints,0.8912941483722202,1.8927840661834203,1.1986951972022581,0.8912941483722202,4.171202163544115,1.3259942692936877,2.6696225465105248
-1.849,29.45567945256664,0.8896833949061914,True,passes_both_endpoints,0.8896833949061914,1.896386857891361,1.1977715168916867,0.8896833949061914,4.1744188515814775,1.324769821992212,2.671809949717392
-1.848,29.382523786095163,0.8880762686695068,True,passes_both_endpoints,0.8880762686695068,1.8999958080070554,1.19684866852469,0.8880762686695068,4.177637600719654,1.3235466899714188,2.6739924271468096
-1.847,29.30941861835152,0.8864727579577342,True,passes_both_endpoints,0.8864727579577342,1.903610923878923,1.195926651654519,0.8864727579577342,4.180858410574507,1.3223248722348062,2.6761699946933972
-1.846,29.23636455657953,0.8848728511133809,True,passes_both_endpoints,0.8848728511133809,1.9072322128495118,1.1950054658350118,0.8848728511133809,4.184081280754849,1.3211043677871,2.6783426681880287
-1.845,29.163362203878098,0.8832765365256879,True,passes_both_endpoints,0.8832765365256879,1.9108596822554356,1.1940851106205983,0.8832765365256879,4.187306210862446,1.3198851756342573,2.680510463398116
-1.844,29.090412159219255,0.881683802630421,True,passes_both_endpoints,0.881683802630421,1.9144933394272714,1.193165585566294,0.881683802630421,4.19053320049197,1.3186672947834592,2.682673396027888
-1.843,29.01751501746639,0.8800946379096656,True,passes_both_endpoints,0.8800946379096656,1.9181331916895015,1.192246890227702,0.8800946379096656,4.193762249231005,1.317450724243114,2.6848314817186743
-1.842,28.944671369392186,0.878509030891622,True,passes_both_endpoints,0.878509030891622,1.9217792463604055,1.1913290241610117,0.878509030891622,4.196993356659995,1.3162354630228512,2.6869847360491774
-1.841,28.87188180169661,0.8769269701504008,True,passes_both_endpoints,0.8769269701504008,1.9254315107519995,1.1904119869229954,0.8769269701504008,4.200226522352249,1.315021510133521,2.6891331745357556
-1.84,28.79914689702486,0.8753484443058207,True,passes_both_endpoints,0.8753484443058207,1.9290899921699358,1.1894957780710107,0.8753484443058207,4.203461745873899,1.3138088645871917,2.6912768126326956
-1.839,28.726467233985176,0.8737734420232022,True,passes_both_endpoints,0.8737734420232022,1.9327546979134365,1.1885803971629976,0.8737734420232022,4.206699026783894,1.3125975253971516,2.6934156657324917
-1.838,28.653843387166706,0.8722019520131696,True,passes_both_endpoints,0.8722019520131696,1.936425635275199,1.1876658437574812,0.8722019520131696,4.209938364633976,1.3113874915779042,2.6955497491661156
-1.837,28.58127592715695,0.8706339630314489,True,passes_both_endpoints,0.8706339630314489,1.9401028115413106,1.186752117413562,0.8706339630314489,4.213179758968641,1.3101787621451626,2.6976790782032922
-1.836,28.508765420559765,0.8690694638786661,True,passes_both_endpoints,0.8690694638786661,1.943786233991175,1.1858392176909267,0.8690694638786661,4.2164232093251455,1.3089713361158555,2.6998036680527715
-1.835,28.436312430012585,0.8675084434001497,True,passes_both_endpoints,0.8675084434001497,1.9474759098974181,1.1849271441498375,0.8675084434001497,4.219668715233462,1.3077652125081192,2.7019235338625966
-1.834,28.3639175142042,0.8659508904857304,True,passes_both_endpoints,0.8659508904857304,1.9511718465258072,1.184015896351136,0.8659508904857304,4.222916276216266,1.3065603903412988,2.704038690720378
-1.833,28.29158122789198,0.8643967940695454,True,passes_both_endpoints,0.8643967940695454,1.9548740511351652,1.1831054738562405,0.8643967940695454,4.226165891788912,1.3053568686359425,2.7061491536535573
-1.832,28.21930412191946,0.8628461431298388,True,passes_both_endpoints,0.8628461431298388,1.958582530977287,1.182195876227147,0.8628461431298388,4.2294175614594165,1.3041546464138056,2.708254937629679
-1.831,28.14708674323348,0.8612989266887675,True,passes_both_endpoints,0.8612989266887675,1.9622972932968559,1.1812871030264263,0.8612989266887675,4.23267128472844,1.3029537226978447,2.7103560575566537
-1.83,28.0749296349015,0.8597551338122056,True,passes_both_endpoints,0.8597551338122056,1.9660183453313473,1.180379153817224,0.8597551338122056,4.235927061089242,1.3017540965122152,2.7124525282830247
-1.829,28.002833336128738,0.8582147536095481,True,passes_both_endpoints,0.8582147536095481,1.9697456943109561,1.1794720281632578,0.8582147536095481,4.239184890027692,1.3005557668822716,2.7145443645982335
-1.828,27.930798382275395,0.8566777752335196,True,passes_both_endpoints,0.8566777752335196,1.9734793474584997,1.1785657256288193,0.8566777752335196,4.242444771022223,1.299358732834564,2.7166315812328805
-1.827,27.858825304873566,0.8551441878799787,True,passes_both_endpoints,0.8551441878799787,1.9772193119893429,1.177660245778772,0.8551441878799787,4.245706703543826,1.2981629933968384,2.718714192858989
-1.826,27.786914631644304,0.8536139807877292,True,passes_both_endpoints,0.8536139807877292,1.9809655951112923,1.1767555881785483,0.8536139807877292,4.248970687056005,1.29696854759803,2.7207922140902636
-1.825,27.715066886514503,0.8520871432383248,True,passes_both_endpoints,0.8520871432383248,1.9847182040245295,1.1758517523941514,0.8520871432383248,4.25223672101479,1.2957753944682662,2.722865659482355
-1.824,27.643282589633834,0.8505636645558828,True,passes_both_endpoints,0.8505636645558828,1.988477145921508,1.1749487379921522,0.8505636645558828,4.255504804868683,1.2945835330388642,2.724934543533111
-1.823,27.571562257391395,0.8490435341068897,True,passes_both_endpoints,0.8490435341068897,1.9922424279868756,1.1740465445396897,0.8490435341068897,4.258774938058656,1.293392962342323,2.726998880682844
-1.822,27.499906402432664,0.8475267413000174,True,passes_both_endpoints,0.8475267413000174,1.9960140573973797,1.1731451716044705,0.8475267413000174,4.262047120018124,1.2922036814123334,2.7290586853145764
-1.821,27.428315533675864,0.8460132755859294,True,passes_both_endpoints,0.8460132755859294,1.9997920413217802,1.1722446187547635,0.8460132755859294,4.265321350172912,1.2910156892837605,2.731113971754308
-1.82,27.35679015632889,0.8445031264571,True,passes_both_endpoints,0.8445031264571,2.003576386920761,1.1713448855594057,0.8445031264571,4.268597627941256,1.289828984992656,2.7331647542712583
-1.819,27.28533077190557,0.8429962834476212,True,passes_both_endpoints,0.8429962834476212,2.007367101346842,1.1704459715877948,0.8429962834476212,4.271875952733758,1.288643567576246,2.7352110470781303
-1.818,27.2139378782424,0.8414927361330211,True,passes_both_endpoints,0.8414927361330211,2.011164191744289,1.1695478764098928,0.8414927361330211,4.275156323953382,1.2874594360729363,2.7372528643313574
-1.817,27.142611969514704,0.8399924741300783,True,passes_both_endpoints,0.8399924741300783,2.01496766524902,1.1686505995962213,0.8399924741300783,4.278438740995419,1.2862765895223045,2.7392902201313536
-1.816,27.07135353625323,0.8384954870966368,True,passes_both_endpoints,0.8384954870966368,2.018777528988522,1.1677541407178647,0.8384954870966368,4.281723203247474,1.2850950269651034,2.741323128522767
-1.815,27.00016306536027,0.8370017647314237,True,passes_both_endpoints,0.8370017647314237,2.0225937900817588,1.1668584993464648,0.8370017647314237,4.2850097100894455,1.283914747443253,2.7433516034947267
-1.814,26.929041040125977,0.8355112967738642,True,passes_both_endpoints,0.8355112967738642,2.0264164556390702,1.1659636750542222,0.8355112967738642,4.288298260893485,1.2827357499998453,2.7453756589810925
-1.813,26.857987940244495,0.8340240730039041,True,passes_both_endpoints,0.8340240730039041,2.0302455327621,1.165069667413895,0.8340240730039041,4.291588855024006,1.281558033679136,2.7473953088606984
-1.812,26.787004241830147,0.8325400832418249,True,passes_both_endpoints,0.8325400832418249,2.0340810285436866,1.1641764759987976,0.8325400832418249,4.2948814918376375,1.2803815975265473,2.749410566957602
-1.811,26.716090417433307,0.831059317348065,True,passes_both_endpoints,0.831059317348065,2.037922950067783,1.1632841003827983,0.831059317348065,4.298176170683215,1.2792064405886618,2.7514214470413276
-1.81,26.64524693605659,0.829581765223042,True,passes_both_endpoints,0.829581765223042,2.0417713044093535,1.16239254014032,0.829581765223042,4.301472890901739,1.2780325619132227,2.753427962827109
-1.809,26.574474263170686,0.8281074168069698,True,passes_both_endpoints,0.8281074168069698,2.045626098634301,1.161501794846339,0.8281074168069698,4.304771651826393,1.276859960549133,2.755430127976135
-1.808,26.503772860730223,0.8266362620796852,True,passes_both_endpoints,0.8266362620796852,2.0494873397993514,1.1606118640763852,0.8266362620796852,4.30807245278248,1.2756886355464518,2.7574279560957873
-1.807,26.43314318718954,0.8251682910604681,True,passes_both_endpoints,0.8251682910604681,2.053355034951977,1.159722747406535,0.8251682910604681,4.311375293087421,1.2745185859563903,2.759421460739884
-1.806,26.362585697518533,0.8237034938078671,True,passes_both_endpoints,0.8237034938078671,2.0572291911302947,1.1588344444134182,0.8237034938078671,4.31468017205073,1.2733498108313137,2.7614106554089166
-1.805,26.29210084321824,0.8222418604195205,True,passes_both_endpoints,0.8222418604195205,2.0611098153629794,1.157946954674212,0.8222418604195205,4.317987088973996,1.2721823092247369,2.763395553550291
-1.804,26.22168907233652,0.8207833810319874,True,passes_both_endpoints,0.8207833810319874,2.0649969146691616,1.1570602777666399,0.8207833810319874,4.321296043150847,1.271016080191321,2.765376168558561
-1.803,26.15135082948362,0.8193280458205663,True,passes_both_endpoints,0.8193280458205663,2.0688904960583443,1.1561744132689742,0.8193280458205663,4.324607033866951,1.2698511227868767,2.767352513775671
-1.802,26.08108655584766,0.8178758449991295,True,passes_both_endpoints,0.8178758449991295,2.0727905665302973,1.1552893607600305,0.8178758449991295,4.327920060399973,1.2686874360683544,2.7693246024911824
-1.801,26.010896689210135,0.8164267688199439,True,passes_both_endpoints,0.8164267688199439,2.076697133074974,1.154405119819171,0.8164267688199439,4.331235122019567,1.2675250190938507,2.7712924479425163
-1.8,25.940781663961193,0.8149808075735041,True,passes_both_endpoints,0.8149808075735041,2.080610202672405,1.1535216900262977,0.8149808075735041,4.334552217987347,1.2663638709225968,2.7732560633151815
-1.799,25.870741911115054,0.8135379515883593,True,passes_both_endpoints,0.8135379515883593,2.0845297822926105,1.1526390709618568,0.8135379515883593,4.337871347556861,1.2652039906149641,2.775215461743008
-1.798,25.800777858325354,0.812098191230944,True,passes_both_endpoints,0.812098191230944,2.088455878895503,1.1517572622068353,0.812098191230944,4.341192509973588,1.264045377232461,2.7771706563083782
-1.797,25.73088992990015,0.8106615169054069,True,passes_both_endpoints,0.8106615169054069,2.0923884994307915,1.1508762633427594,0.8106615169054069,4.344515704474895,1.2628880298377256,2.7791216600424575
-1.796,25.661078546817286,0.8092279190534448,True,passes_both_endpoints,0.8092279190534448,2.0963276508378823,1.1499960739516926,0.8092279190534448,4.34784093029002,1.261731947494529,2.781068485925422
-1.795,25.591344126739354,0.8077973881541323,True,passes_both_endpoints,0.8077973881541323,2.1002733400457902,1.1491166936162382,0.8077973881541323,4.3511681866400655,1.2605771292677712,2.7830111468866883
-1.794,25.521687084028873,0.8063699147237579,True,passes_both_endpoints,0.8063699147237579,2.1042255739730336,1.1482381219195363,0.8063699147237579,4.354497472737963,1.2594235742234805,2.784949655805137
-1.793,25.45210782976304,0.8049454893156514,True,passes_both_endpoints,0.8049454893156514,2.108184359527537,1.1473603584452567,0.8049454893156514,4.357828787788438,1.258271281428806,2.7868840255093454
-1.792,25.38260677174896,0.8035241025200277,True,passes_both_endpoints,0.8035241025200277,2.1121497036065437,1.14648340277761,0.8035241025200277,4.3611621309880215,1.2571202499520229,2.7888142687778026
-1.791,25.31318431453826,0.8021057449638116,True,passes_both_endpoints,0.8021057449638116,2.11612161309651,1.1456072545013356,0.8021057449638116,4.364497501525004,1.2559704788625263,2.790740398339144
-1.79,25.243840859442077,0.8006904073104817,True,passes_both_endpoints,0.8006904073104817,2.1201000948730075,1.1447319132017066,0.8006904073104817,4.367834898579421,1.2548219672308298,2.792662426872366
-1.789,25.174576804545676,0.7992780802599023,True,passes_both_endpoints,0.7992780802599023,2.1240851558006284,1.1438573784645236,0.7992780802599023,4.3711743213230285,1.25367471412856,2.7945803670070526
-1.788,25.105392544723244,0.7978687545481633,True,passes_both_endpoints,0.7978687545481633,2.1280768027328807,1.1429836498761192,0.7978687545481633,4.3745157689192835,1.252528718628461,2.796494231323594
-1.787,25.036288471652522,0.7964624209474164,True,passes_both_endpoints,0.7964624209474164,2.1320750425121,1.1421107270233537,0.7964624209474164,4.377859240523327,1.2513839798043882,2.7984040323534085
-1.786,24.96726497382935,0.7950590702657154,True,passes_both_endpoints,0.7950590702657154,2.1360798819693376,1.1412386094936127,0.7950590702657154,4.381204735281945,1.2502404967313037,2.8003097825791583
-1.785,24.898322436582248,0.7936586933468546,True,passes_both_endpoints,0.7936586933468546,2.140091327924275,1.1403672968748104,0.7936586933468546,4.3845522523335765,1.2490982684852812,2.8022114944349714
-1.784,24.82946124208686,0.7922612810702099,True,passes_both_endpoints,0.7922612810702099,2.1441093871851074,1.1394967887553817,0.7922612810702099,4.387901790808259,1.2479572941434958,2.804109180306655
-1.783,24.7606817693804,0.7908668243505795,True,passes_both_endpoints,0.7908668243505795,2.1481340665484634,1.138627084724288,0.7908668243505795,4.391253349827628,1.2468175727842283,2.806002852531913
-1.782,24.691984394376,0.789475314138026,True,passes_both_endpoints,0.789475314138026,2.152165372799284,1.1377581843710134,0.789475314138026,4.394606928504892,1.24567910348686,2.807892523400561
-1.781,24.623369489876993,0.7880867414177164,True,passes_both_endpoints,0.7880867414177164,2.156203312710739,1.1368900872855578,0.7880867414177164,4.397962525944804,1.2445418853318675,2.8097782051547413
-1.78,24.55483742559126,0.7867010972097699,True,passes_both_endpoints,0.7867010972097699,2.160247893044118,1.1360227930584463,0.7867010972097699,4.401320141243645,1.243405917400828,2.8116599099891326
-1.779,24.486388568145312,0.7853183725690965,True,passes_both_endpoints,0.7853183725690965,2.164299120548729,1.1351563012807193,0.7853183725690965,4.404679773489204,1.24227119877641,2.813537650051167
-1.778,24.418023281098556,0.7839385585852475,True,passes_both_endpoints,0.7839385585852475,2.168357001961799,1.1342906115439362,0.7839385585852475,4.4080414217607515,1.241137728542375,2.815411437441234
-1.777,24.34974192495726,0.7825616463822541,True,passes_both_endpoints,0.7825616463822541,2.172421544008371,1.1334257234401697,0.7825616463822541,4.411405085129017,1.2400055057835728,2.817281284212899
-1.776,24.28154485718875,0.7811876271184794,True,passes_both_endpoints,0.7811876271184794,2.176492753401205,1.1325616365620106,0.7811876271184794,4.414770762656179,1.2388745295859436,2.819147202373105
-1.775,24.21343243223524,0.7798164919864616,True,passes_both_endpoints,0.7798164919864616,2.1805706368406734,1.1316983505025622,0.7798164919864616,4.418138453395832,1.23774479903651,2.8210092038823853
-1.774,24.145405001527834,0.7784482322127619,True,passes_both_endpoints,0.7784482322127619,2.184655201014652,1.130835864855437,0.7784482322127619,4.421508156392959,1.236616313223377,2.8228673006550693
-1.773,24.0774629135004,0.7770828390578138,True,passes_both_endpoints,0.7770828390578138,2.1887464525984304,1.1299741792147624,0.7770828390578138,4.424879870683932,1.235489071235732,2.8247215045594887
-1.772,24.009606513603448,0.7757203038157717,True,passes_both_endpoints,0.7757203038157717,2.192844398254597,1.129113293175174,0.7757203038157717,4.428253595296469,1.2343630721638408,2.826571827418182
-1.771,23.941836144317755,0.7743606178143594,True,passes_both_endpoints,0.7743606178143594,2.1969490446329436,1.1282532063318158,0.7743606178143594,4.431629329249623,1.2332383150990438,2.8284182810081
-1.77,23.874152145168214,0.7730037724147205,True,passes_both_endpoints,0.7730037724147205,2.201060398370351,1.1273939182803376,0.7730037724147205,4.43500707155376,1.232114799133755,2.8302608770608093
-1.769,23.806554852737456,0.7716497590112713,True,passes_both_endpoints,0.7716497590112713,2.205178466090701,1.1265354286168976,0.7716497590112713,4.438386821210534,1.2309925233614616,2.8320996272626937
-1.768,23.739044600679495,0.7702985690315489,True,passes_both_endpoints,0.7702985690315489,2.2093032544047557,1.1256777369381572,0.7702985690315489,4.441768577212869,1.229871486876719,2.8339345432551566
-1.767,23.67162171973317,0.7689501939360679,True,passes_both_endpoints,0.7689501939360679,2.2134347699100623,1.1248208428412803,0.7689501939360679,4.445152338544932,1.228751688775148,2.83576563663482
-1.766,23.604286537735845,0.7676046252181689,True,passes_both_endpoints,0.7676046252181689,2.217573019190848,1.1239647459239352,0.7676046252181689,4.448538104182122,1.2276331281534374,2.837592918953727
-1.765,23.537039379636646,0.7662618544038752,True,passes_both_endpoints,0.7662618544038752,2.221718008817903,1.1231094457842874,0.7662618544038752,4.451925873091032,1.226515804109333,2.8394164017195376
-1.764,23.469880567510085,0.7649218730517462,True,passes_both_endpoints,0.7649218730517462,2.225869745348496,1.1222549420210055,0.7649218730517462,4.455315644229448,1.2253997157416459,2.8412360963957286
-1.763,23.402810420569214,0.7635846727527327,True,passes_both_endpoints,0.7635846727527327,2.2300282353262513,1.1214012342332542,0.7635846727527327,4.458707416546313,1.2242848621502418,2.8430520144017892
-1.762,23.335829255179082,0.7622502451300315,True,passes_both_endpoints,0.7622502451300315,2.234193485281045,1.1205483220206942,0.7622502451300315,4.462101188981711,1.2231712424360417,2.844864167113417
-1.761,23.268937384869854,0.7609185818389433,True,passes_both_endpoints,0.7609185818389433,2.238365501728906,1.1196962049834829,0.7609185818389433,4.465496960466838,1.2220588557010197,2.8466725658627148
-1.76,23.202135120350142,0.7595896745667297,True,passes_both_endpoints,0.7595896745667297,2.242544291171902,1.1188448827222723,0.7595896745667297,4.468894729924001,1.2209477010482017,2.848477221938381
-1.759,23.135422769519998,0.7582635150324694,True,passes_both_endpoints,0.7582635150324694,2.246729860098036,1.117994354838205,0.7582635150324694,4.472294496266572,1.2198377775816587,2.8502781465859064
-1.758,23.068800637484163,0.7569400949869179,True,passes_both_endpoints,0.7569400949869179,2.2509222149811374,1.1171446209329174,0.7569400949869179,4.475696258398975,1.2187290844065106,2.852075351007765
-1.757,23.002269026564992,0.7556194062123661,True,passes_both_endpoints,0.7556194062123661,2.255121362280755,1.1162956806085342,0.7556194062123661,4.479100015216679,1.2176216206289185,2.853868846363607
-1.756,22.935828236315547,0.7543014405224996,True,passes_both_endpoints,0.7543014405224996,2.2593273084420513,1.11544753346767,0.7543014405224996,4.482505765606157,1.2165153853560866,2.8556586437704454
-1.755,22.869478563532443,0.7529861897622605,True,passes_both_endpoints,0.7529861897622605,2.263540059895692,1.1146001791134257,0.7529861897622605,4.485913508444879,1.2154103776962557,2.85744475430285
-1.754,22.803220302268848,0.7516736458077077,True,passes_both_endpoints,0.7516736458077077,2.267759623057733,1.1137536171493894,0.7516736458077077,4.489323242601279,1.2143065967587041,2.859227188993133
-1.753,22.737053743847184,0.7503638005658764,True,passes_both_endpoints,0.7503638005658764,2.2719860043295217,1.1129078471796323,0.7503638005658764,4.49273496693474,1.2132040416537428,2.86100595883154
-1.752,22.67097917687213,0.7490566459746449,True,passes_both_endpoints,0.7490566459746449,2.2762192100975818,1.1120628688087113,0.7490566459746449,4.496148680295578,1.2121027114927159,2.862781074766432
-1.751,22.60499688724312,0.7477521740025926,True,passes_both_endpoints,0.7477521740025926,2.280459246733503,1.1112186816416616,0.7477521740025926,4.49956438152501,1.2110026053879943,2.8645525477044793
-1.75,22.539107158167273,0.7464503766488687,True,passes_both_endpoints,0.7464503766488687,2.284706120593834,1.1103752852840019,0.7464503766488687,4.502982069455145,1.2099037224529774,2.8663203885108364
-1.749,22.473310270171854,0.7451512459430515,True,passes_both_endpoints,0.7451512459430515,2.288959838019974,1.1095326793417284,0.7451512459430515,4.506401742908949,1.2088060618020882,2.8680846080093363
-1.748,22.407606501116973,0.7438547739450166,True,passes_both_endpoints,0.7438547739450166,2.29322040533806,1.108690863421316,0.7438547739450166,4.509823400700236,1.2077096225507706,2.869845216982667
-1.747,22.341996126208134,0.7425609527448022,True,passes_both_endpoints,0.7425609527448022,2.2974878288588534,1.1078498371297152,0.7425609527448022,4.513247041633642,1.2066144038154887,2.8716022261725587
-1.746,22.276479418008666,0.7415067302942498,True,passes_both_endpoints,0.7415067302942498,2.3017621148776373,1.1070096000743512,0.7415067302942498,4.516672664504608,1.2055204047137236,2.8733556462799617
-1.745,22.21105664645226,0.7421972288645124,True,passes_both_endpoints,0.7421972288645124,2.3060432696740985,1.1061701518631235,0.742197228864512,4.520100268099345,1.2044276243639704,2.87510548796523
-1.744,22.145728078855292,0.7428876023479397,True,passes_both_endpoints,0.7428876023479397,2.310331299512221,1.1053314921044028,0.7428876023479395,4.523529851194838,1.2033360618857358,2.8768517618483007
-1.743,22.080493979929248,0.7435778503843631,True,passes_both_endpoints,0.7435778503843631,2.3146262106401694,1.1044936204070313,0.743577850384363,4.526961412558801,1.2022457163995364,2.878594478508872
-1.742,22.015354611792947,0.7442679726129204,True,passes_both_endpoints,0.7442679726129201,2.318928009290184,1.1036565363803192,0.7442679726129204,4.530394950949672,1.2011565870268957,2.880333648486584
-1.741,21.950310233984904,0.7449579686720544,True,passes_both_endpoints,0.7449579686720544,2.323236701678458,1.1028202396340452,0.7449579686720542,4.533830465116577,1.2000686728903416,2.8820692822811913
-1.74,21.88536110347545,0.7456478381995154,True,passes_both_endpoints,0.7456478381995154,2.3275522940050424,1.1019847297784544,0.7456478381995154,4.537267953799335,1.1989819731134044,2.8838013903527475
-1.739,21.820507474678948,0.7463375808323591,True,passes_both_endpoints,0.7463375808323591,2.331874792453711,1.1011500064242563,0.7463375808323588,4.540707415728402,1.1978964868206126,2.885529983121774
-1.738,21.75574959946588,0.7470271962069482,True,passes_both_endpoints,0.7470271962069482,2.336204203191869,1.100316069182624,0.747027196206948,4.544148849624888,1.1968122131374936,2.8872550709694367
-1.737,21.691087727174953,0.7477166839589515,True,passes_both_endpoints,0.7477166839589515,2.3405405323704245,1.0994829176651928,0.7477166839589513,4.547592254200501,1.1957291511905697,2.888976664237723
-1.736,21.626522104625035,0.7484060437233464,True,passes_both_endpoints,0.7484060437233463,2.344883786123685,1.0986505514840574,0.7484060437233464,4.551037628157561,1.1946473001073512,2.8906947732296113
-1.735,21.562052976127255,0.7490952751344149,True,passes_both_endpoints,0.7490952751344149,2.3492339705692333,1.0978189702517733,0.7490952751344147,4.5544849701889385,1.1935666590163427,2.8924094082092457
-1.734,21.497680583496823,0.7497843778257484,True,passes_both_endpoints,0.749784377825748,2.3535910918078278,1.0969881735813523,0.7497843778257484,4.55793427897808,1.1924872270470328,2.8941205794021085
-1.733,21.43340516606498,0.7504733514302447,True,passes_both_endpoints,0.7504733514302446,2.3579551559232717,1.0961581610862619,0.7504733514302447,4.5613855531989485,1.1914090033298954,2.8958282969951883
-1.732,21.36922696069077,0.7511621955801114,True,passes_both_endpoints,0.7511621955801114,2.362326168982315,1.095328932380424,0.7511621955801114,4.564838791516031,1.1903319869963866,2.8975325711371522
-1.731,21.30514620177292,0.7518509099068617,True,passes_both_endpoints,0.7518509099068614,2.366704137034527,1.094500487078216,0.7518509099068617,4.568293992584297,1.189256177178942,2.899233411938513
-1.73,21.241163121261444,0.7525394940413187,True,passes_both_endpoints,0.7525394940413187,2.3710890661121846,1.0936728247944631,0.7525394940413183,4.57175115504919,1.1881815730109713,2.9009308294718017
-1.729,21.177277948669538,0.753227947613613,True,passes_both_endpoints,0.7532279476136124,2.3754809622301645,1.0928459451444452,0.753227947613613,4.575210277546608,1.1871081736268636,2.90262483377173
-1.728,21.113490911084984,0.7539162702531861,True,passes_both_endpoints,0.753916270253186,2.3798798313858147,1.0920198477438847,0.7539162702531861,4.578671358702876,1.186035978161974,2.904315434835362
-1.727,21.049802233181996,0.7546044615887869,True,passes_both_endpoints,0.7546044615887865,2.384285679558847,1.0911945322089567,0.7546044615887869,4.58213439713473,1.1849649857526305,2.906002642622274
-1.726,20.986212137232588,0.7552925212484749,True,passes_both_endpoints,0.7552925212484749,2.388698512711225,1.0903699981562776,0.7552925212484746,4.585599391449298,1.1838951955361257,2.9076864670547287
-1.725,20.922720843118263,0.7559804488596187,True,passes_both_endpoints,0.7559804488596187,2.393118336787034,1.089546245202911,0.7559804488596187,4.589066340244078,1.1828266066507171,2.90936691801783
-1.724,20.859328568341294,0.7566682440488983,True,passes_both_endpoints,0.7566682440488978,2.3975451577123796,1.088723272966361,0.7566682440488983,4.592535242106918,1.1817592182356238,2.911044005359695
-1.723,20.796035528036303,0.7573559064423029,True,passes_both_endpoints,0.7573559064423028,2.401978981395258,1.0879010810645717,0.7573559064423029,4.596006095615993,1.1806930294310207,2.912717738891609
-1.722,20.73284193498155,0.7580434356651339,True,passes_both_endpoints,0.7580434356651339,2.4064198137254476,1.0870796691159288,0.7580434356651331,4.599478899339791,1.1796280393780425,2.9143881283881963
-1.721,20.669747999610376,0.7587308313420019,True,passes_both_endpoints,0.7587308313420019,2.410867660574389,1.086259036739256,0.7587308313420019,4.602953651837092,1.1785642472187763,2.916055183587574
-1.72,20.6067539300223,0.7594180930968323,True,passes_both_endpoints,0.7594180930968323,2.415322527795066,1.0854391835538097,0.7594180930968323,4.606430351656942,1.177501652096258,2.9177189141915174
-1.719,20.543859931994486,0.7601052205528601,True,passes_both_endpoints,0.7601052205528601,2.4197844212218875,1.0846201091792842,0.7601052205528601,4.609908997338639,1.1764402531544738,2.9193793298656163
-1.718,20.48106620899278,0.7607922133326338,True,passes_both_endpoints,0.7607922133326337,2.4242533466705747,1.0838018132358058,0.7607922133326338,4.613389587411713,1.175380049538355,2.9210364402394373
-1.717,20.418372962182985,0.7614790710580144,True,passes_both_endpoints,0.7614790710580137,2.428729309938032,1.0829842953439326,0.7614790710580144,4.616872120395902,1.1743210403937754,2.92269025490668
-1.716,20.355780390441847,0.7621657933501758,True,passes_both_endpoints,0.7621657933501755,2.433212316802241,1.082167555124651,0.7621657933501758,4.620356594801135,1.1732632248675487,2.9243407834253357
-1.715,20.29328869036829,0.7628523798296064,True,passes_both_endpoints,0.7628523798296064,2.4377023730221294,1.0813515921993782,0.7628523798296064,4.623843009127513,1.1722066021074276,2.9259880353178422
-1.714,20.230898056294272,0.7635388301161091,True,passes_both_endpoints,0.7635388301161091,2.4421994843374675,1.080536406189956,0.7635388301161082,4.62733136186529,1.1711511712620977,2.9276320200712433
-1.713,20.16860868029594,0.7642251438287992,True,passes_both_endpoints,0.7642251438287992,2.44670365646873,1.0797219967186542,0.7642251438287991,4.630821651494854,1.1700969314811802,2.929272747137341
-1.712,20.106420752204382,0.7649113205861106,True,passes_both_endpoints,0.7649113205861101,2.4512148951169905,1.0789083634081622,0.7649113205861106,4.634313876486701,1.1690438819152225,2.9309102259328506
-1.711,20.044334459616692,0.7655973600057897,True,passes_both_endpoints,0.7655973600057892,2.4557332059637917,1.0780955058815935,0.7655973600057897,4.637808035301419,1.167992021715699,2.9325444658395554
-1.71,19.98234998790671,0.7662832617048999,True,passes_both_endpoints,0.7662832617048999,2.4602585946710374,1.0772834237624818,0.7662832617048999,4.641304126389672,1.1669413500350105,2.934175476204461
-1.709,19.92046752023593,0.7669690252998225,True,passes_both_endpoints,0.7669690252998225,2.4647910668808595,1.076472116674779,0.7669690252998222,4.644802148192182,1.1658918660264772,2.9358032663399434
-1.708,19.85868723756419,0.767654650406254,True,passes_both_endpoints,0.7676546504062537,2.4693306282155074,1.075661584242855,0.767654650406254,4.648302099139704,1.1648435688443408,2.9374278455239042
-1.707,19.797009318660415,0.7683401366392095,True,passes_both_endpoints,0.7683401366392095,2.473877284277216,1.074851826091493,0.7683401366392095,4.651803977653002,1.1637964576437547,2.9390492229999228
-1.706,19.735433940113328,0.7690254836130224,True,passes_both_endpoints,0.7690254836130219,2.478431040648099,1.0740428418458925,0.7690254836130224,4.655307782142847,1.1627505315807904,2.9406674079774002
-1.705,19.673961276342098,0.7697106909413441,True,passes_both_endpoints,0.7697106909413433,2.482991902890012,1.0732346311316632,0.7697106909413441,4.65881351100998,1.1617057898124268,2.9422824096317157
-1.704,19.612591499606868,0.7703957582371458,True,passes_both_endpoints,0.7703957582371451,2.487559876544447,1.072427193574825,0.7703957582371458,4.662321162645103,1.1606622314965516,2.943894237104372
-1.703,19.55132478001941,0.7710806851127183,True,passes_both_endpoints,0.7710806851127183,2.4921349671323925,1.071620528801808,0.7710806851127178,4.665830735428854,1.1596198557919564,2.945502899503142
-1.702,19.490161285553597,0.7717654711796732,True,passes_both_endpoints,0.7717654711796729,2.4967171801542336,1.0708146364394497,0.7717654711796732,4.6693422277318035,1.1585786618583387,2.94710840590222
-1.701,19.42910118205586,0.772450116048943,True,passes_both_endpoints,0.772450116048943,2.5013065210896057,1.0700095161149903,0.7724501160489428,4.672855637914407,1.1575386488562918,2.9487107653423643
-1.7,19.368144633255614,0.7731346193307819,True,passes_both_endpoints,0.7731346193307819,2.5059029953972907,1.0692051674560765,0.7731346193307814,4.676370964327012,1.156499815947307,2.950309986831047
-1.699,19.307291800775754,0.7738189806347661,True,passes_both_endpoints,0.7738189806347661,2.510506608515083,1.068401590090756,0.7738189806347655,4.6798882053098305,1.1554621622937715,2.951906079342594
-1.698,19.24654284414285,0.7745031995697941,True,passes_both_endpoints,0.7745031995697941,2.515117365859676,1.0675987836474774,0.7745031995697941,4.683407359192915,1.1544256870589613,2.9534990518183366
-1.697,19.185897920797583,0.7751872757440902,True,passes_both_endpoints,0.7751872757440902,2.5197352728265265,1.066796747755086,0.7751872757440899,4.686928424296146,1.153390389407042,2.955088913166747
-1.696,19.12535718610492,0.775871208765201,True,passes_both_endpoints,0.775871208765201,2.524360334789745,1.0659954820428261,0.7758712087652004,4.690451398929215,1.1523562685030642,2.9566756722635894
-1.695,19.064920793364468,0.7765549982399977,True,passes_both_endpoints,0.7765549982399977,2.528992557101963,1.0651949861403376,0.7765549982399976,4.693976281391601,1.1513233235129634,2.9582593379520565
-1.694,19.004588893820475,0.7772386437746793,True,passes_both_endpoints,0.7772386437746791,2.533631945094209,1.0643952596776516,0.7772386437746793,4.697503069972553,1.1502915536035518,2.9598399190429148
-1.693,18.944361636672205,0.7779221449747687,True,passes_both_endpoints,0.7779221449747685,2.538278504075791,1.063596302285193,0.7779221449747687,4.701031762951071,1.1492609579425217,2.9614174243146434
-1.692,18.884239169083823,0.7786055014451176,True,passes_both_endpoints,0.7786055014451173,2.5429322393341667,1.0627981135937759,0.7786055014451176,4.704562358595895,1.1482315356984392,2.9629918625135767
-1.691,18.82422163619464,0.7792887127899043,True,passes_both_endpoints,0.7792887127899043,2.5475931561348175,1.0620006932346024,0.7792887127899036,4.708094855165473,1.147203286040741,2.9645632423540413
-1.69,18.764309181129036,0.7799717786126357,True,passes_both_endpoints,0.7799717786126352,2.552261259721135,1.0612040408392636,0.7799717786126357,4.711629250907963,1.1461762081397349,2.9661315725184974
-1.689,18.704501945006484,0.7806546985161487,True,passes_both_endpoints,0.7806546985161487,2.556936555314276,1.0604081560397312,0.7806546985161487,4.715165544061188,1.1451503011665913,2.967696861657677
-1.688,18.644800066951497,0.7813374721026097,True,passes_both_endpoints,0.7813374721026092,2.561619048113062,1.0596130384683644,0.7813374721026097,4.718703732852644,1.1441255642933472,2.96925911839072
-1.687,18.585203684103515,0.7820200989735153,True,passes_both_endpoints,0.782020098973515,2.566308743293826,1.0588186877579007,0.7820200989735153,4.7222438154994615,1.1431019966928964,2.9708183513053115
-1.686,18.52571293162681,0.7827025787296952,True,passes_both_endpoints,0.7827025787296947,2.571005646010316,1.058025103541458,0.7827025787296952,4.725785790208408,1.1420795975389921,2.9723745689578216
-1.685,18.466327942720305,0.7833849109713098,True,passes_both_endpoints,0.7833849109713098,2.575709761393543,1.0572322854525324,0.7833849109713094,4.729329655175846,1.1410583660062423,2.9739277798734363
-1.684,18.407048848627344,0.7840670952978537,True,passes_both_endpoints,0.7840670952978537,2.5804210945516792,1.0564402331249967,0.7840670952978535,4.732875408587743,1.1400383012701063,2.9754779925462946
-1.683,18.34787577864547,0.7847491313081553,True,passes_both_endpoints,0.7847491313081549,2.5851396505699076,1.0556489461930967,0.7847491313081553,4.736423048619626,1.139019402506892,2.977025215439625
-1.682,18.28880886013608,0.7854310186003778,True,passes_both_endpoints,0.7854310186003778,2.5898654345103123,1.0548584242914496,0.7854310186003772,4.739972573436579,1.1380016688937504,2.9785694569858756
-1.681,18.229848218534215,0.7861127567720199,True,passes_both_endpoints,0.7861127567720199,2.5945984514117475,1.0540686670550465,0.7861127567720194,4.743523981193231,1.1369850996086808,2.980110725586851
-1.68,18.170993977358076,0.7867943454199179,True,passes_both_endpoints,0.7867943454199179,2.599338706289712,1.0532796741192443,0.7867943454199172,4.747077270033728,1.135969693830518,2.981649029613841
-1.679,18.112246258218722,0.7874757841402437,True,passes_both_endpoints,0.7874757841402437,2.604086204136215,1.0524914451197693,0.7874757841402434,4.750632438091712,1.1349554507389377,2.9831843774077553
-1.678,18.053605180829496,0.788157072528509,True,passes_both_endpoints,0.7881570725285088,2.608840949919657,1.0517039796927117,0.788157072528509,4.754189483490315,1.1339423695144455,2.984716777279255
-1.677,17.995070863015698,0.7888382101795651,True,passes_both_endpoints,0.7888382101795651,2.613602948584697,1.050917277474524,0.7888382101795649,4.757748404342137,1.1329304493383807,2.986246237508879
-1.676,17.936643420723975,0.7895191966876026,True,passes_both_endpoints,0.7895191966876026,2.6183722050521325,1.0501313381020223,0.7895191966876026,4.761309198749233,1.1319196893929113,2.9877727663471814
-1.675,17.8783229680318,0.790200031646154,True,passes_both_endpoints,0.790200031646154,2.62314872421876,1.0493461612123816,0.7902000316461532,4.764871864803081,1.1309100888610297,2.9892963720148527
-1.674,17.82010961715685,0.7908807146480918,True,passes_both_endpoints,0.7908807146480918,2.6279325109572595,1.0485617464431363,0.7908807146480917,4.768436400584589,1.1299016469265515,2.9908170627028556
-1.673,17.762003478466415,0.7915612452856349,True,passes_both_endpoints,0.7915612452856349,2.6327235701160516,1.0477780934321737,0.7915612452856344,4.772002804164052,1.1288943627741106,2.992334846572547
-1.672,17.704004660486703,0.7922416231503436,True,passes_both_endpoints,0.7922416231503436,2.6375219065191895,1.0469952018177384,0.7922416231503436,4.77557107360116,1.1278882355891595,2.993849731755811
-1.671,17.646113269912142,0.7929218478331245,True,passes_both_endpoints,0.7929218478331245,2.642327524966205,1.0462130712384254,0.7929218478331244,4.779141206944957,1.1268832645579612,2.9953617263551817
-1.67,17.588329411614634,0.7936019189242303,True,passes_both_endpoints,0.7936019189242299,2.6471404302320054,1.045431701333181,0.7936019189242303,4.782713202233851,1.1258794488675916,2.996870838443973
-1.669,17.530653188652796,0.7942818360132597,True,passes_both_endpoints,0.7942818360132593,2.6519606270667215,1.0446510917413,0.7942818360132597,4.78628705749557,1.124876787705934,2.9983770760663995
-1.668,17.47308470228111,0.79496159868916,True,passes_both_endpoints,0.7949615986891598,2.6567881201956,1.0438712421024245,0.79496159868916,4.789862770747162,1.1238752802616754,2.999880447237708
-1.667,17.415624051959114,0.7956412065402287,True,passes_both_endpoints,0.7956412065402286,2.661622914318852,1.0430921520565402,0.7956412065402287,4.793440339994983,1.1228749257243038,3.001380959944295
-1.666,17.35827133536045,0.7963206591541124,True,passes_both_endpoints,0.7963206591541123,2.6664650141115445,1.0423138212439766,0.7963206591541124,4.797019763234665,1.1218757232841077,3.0028786221438377
-1.665,17.301026648382038,0.796999956117809,True,passes_both_endpoints,0.7969999561178085,2.6713144242234566,1.0415362493054052,0.796999956117809,4.80060103845111,1.1208776721321705,3.0043734417654107
-1.664,17.243890085152973,0.7976790970176689,True,passes_both_endpoints,0.7976790970176689,2.6761711492789537,1.040759435881834,0.7976790970176688,4.80418416361847,1.1198807714603665,3.0058654267096143
-1.663,17.186861738043678,0.7983580814393961,True,passes_both_endpoints,0.7983580814393961,2.6810351938768586,1.0399833806146117,0.7983580814393959,4.807769136700134,1.1188850204613618,3.0073545848486907
-1.662,17.12994169767476,0.7990369089680496,True,passes_both_endpoints,0.7990369089680492,2.685906562590323,1.03920808314542,0.7990369089680496,4.811355955648715,1.1178904183286082,3.008840924026653
-1.661,17.073130052925983,0.7997155791880433,True,passes_both_endpoints,0.7997155791880433,2.6907852599666886,1.0384335431162743,0.7997155791880433,4.814944618406019,1.1168969642563398,3.010324452059399
-1.66,17.016426890945144,0.8003940916831485,True,passes_both_endpoints,0.8003940916831483,2.6956712905273683,1.0376597601695228,0.8003940916831485,4.81853512290305,1.115904657439572,3.0118051767348364
-1.659,16.95983229715698,0.8010724460364949,True,passes_both_endpoints,0.8010724460364949,2.7005646587677057,1.0368867339478414,0.8010724460364942,4.822127467059977,1.1149134970740981,3.013283105812999
-1.658,16.903346355271918,0.8017506418305698,True,passes_both_endpoints,0.8017506418305694,2.7054653691568555,1.0361144640942364,0.8017506418305698,4.825721648786136,1.1139234823564852,3.014758247026171
-1.657,16.846969147294914,0.8024286786472232,True,passes_both_endpoints,0.8024286786472232,2.710373426137633,1.0353429502520362,0.802428678647223,4.829317665979989,1.1129346124840707,3.016230608078999
-1.656,16.790700753534164,0.8031065560676653,True,passes_both_endpoints,0.8031065560676653,2.7152888341264054,1.034572192064896,0.8031065560676651,4.8329155165291375,1.1119468866549616,3.0177001966486148
-1.655,16.734541252609898,0.8037842736724694,True,passes_both_endpoints,0.8037842736724694,2.720211597512946,1.033802189176792,0.8037842736724693,4.836515198310286,1.1109603040680285,3.0191670203847525
-1.654,16.67849072146294,0.8044618310415734,True,passes_both_endpoints,0.8044618310415727,2.725141720660309,1.0330329412320196,0.8044618310415734,4.84011670918924,1.1099748639229052,3.0206310869098636
-1.653,16.622549235363465,0.805139227754279,True,passes_both_endpoints,0.805139227754279,2.73007920790469,1.0322644478751917,0.8051392277542787,4.843720047020873,1.1089905654199828,3.0220924038192343
-1.652,16.56671686791956,0.8058164633892566,True,passes_both_endpoints,0.8058164633892566,2.735024063555307,1.031496708751239,0.8058164633892562,4.84732520964914,1.1080074077604098,3.0235509786811035
-1.651,16.510993691085833,0.8064935375245427,True,passes_both_endpoints,0.8064935375245427,2.739976291894256,1.0307297235054051,0.8064935375245427,4.850932194907038,1.1070253901460871,3.025006819036773
-1.65,16.455379775171856,0.807170449737544,True,passes_both_endpoints,0.807170449737544,2.744935897176389,1.0299634917832452,0.8071704497375437,4.854541000616596,1.1060445117796636,3.0264599324007273
-1.649,16.399875188850853,0.8078471996050373,True,passes_both_endpoints,0.8078471996050373,2.749902883629171,1.0291980132306249,0.8078471996050373,4.8581516245888725,1.1050647718645363,3.027910326260746
-1.648,16.344479999167977,0.8085237867031717,True,passes_both_endpoints,0.8085237867031717,2.7548772554525573,1.028433287493717,0.8085237867031712,4.861764064623923,1.1040861696048445,3.029358008078016
-1.647,16.289194271548922,0.8092002106074683,True,passes_both_endpoints,0.8092002106074678,2.7598590168188584,1.0276693142190023,0.8092002106074683,4.865378318510806,1.1031087042054686,3.0308029852872456
-1.646,16.234018069808158,0.8098764708928239,True,passes_both_endpoints,0.8098764708928239,2.7648481718725986,1.026906093053262,0.8098764708928237,4.868994384027543,1.1021323748720229,3.03224526529678
-1.645,16.178951456157492,0.8105525671335104,True,passes_both_endpoints,0.8105525671335102,2.769844724730397,1.026143623643584,0.8105525671335104,4.872612258941131,1.1011571808108604,3.033684855488707
-1.644,16.123994491214216,0.8112284989031773,True,passes_both_endpoints,0.8112284989031773,2.774848679480828,1.0253819056373514,0.8112284989031773,4.876231941007508,1.1001831212290607,3.0351217632189753
-1.643,16.069147234009584,0.8119042657748531,True,passes_both_endpoints,0.8119042657748531,2.779860040184285,1.024620938682248,0.8119042657748528,4.879853427971552,1.0992101953344324,3.0365559958175
-1.642,16.014409741996943,0.8125798673209453,True,passes_both_endpoints,0.8125798673209453,2.7848788108728533,1.0238607224262533,0.8125798673209451,4.883476717567061,1.0982384023355085,3.0379875605882765
-1.641,15.959782071060072,0.8132553031132438,True,passes_both_endpoints,0.8132553031132437,2.789904995550173,1.0231012565176398,0.8132553031132438,4.887101807516736,1.0972677414415442,3.0394164648094883
-1.64,15.905264275521283,0.813930572722921,True,passes_both_endpoints,0.813930572722921,2.7949385981913024,1.0223425406049718,0.8139305727229207,4.89072869553217,1.096298211862509,3.0408427157336186
-1.639,15.850856408149733,0.8146056757205343,True,passes_both_endpoints,0.8146056757205339,2.7999796227425966,1.021584574337104,0.8146056757205343,4.894357379313849,1.0953298128090914,3.0422663205875566
-1.638,15.796558520169395,0.8152806116760258,True,passes_both_endpoints,0.8152806116760258,2.8050280731215573,1.0208273573631776,0.8152806116760257,4.897987856551105,1.0943625434926882,3.0436872865727085
-1.637,15.74237066126731,0.815955380158727,True,passes_both_endpoints,0.815955380158727,2.8100839532167092,1.0200708893326205,0.8159553801587262,4.901620124922138,1.0933964031254066,3.0451056208651015
-1.636,15.688292879601583,0.8166299807373557,True,passes_both_endpoints,0.8166299807373556,2.8151472668874713,1.0193151698951444,0.8166299807373557,4.905254182093988,1.0924313909200585,3.0465213306154952
-1.635,15.634325221809412,0.8173044129800221,True,passes_both_endpoints,0.8173044129800221,2.8202180179640024,1.0185601987007409,0.817304412980022,4.9088900257225045,1.0914675060901564,3.047934422949487
-1.634,15.580467733015135,0.817978676454228,True,passes_both_endpoints,0.817978676454228,2.8252962102470915,1.017805975399682,0.8179786764542273,4.912527653452367,1.0905047478499126,3.049344904967617
-1.633,15.526720456838218,0.8186527707268669,True,passes_both_endpoints,0.8186527707268669,2.8303818475080047,1.0170524996425179,0.8186527707268668,4.916167062917048,1.0895431154142359,3.0507527837454753
-1.632,15.473083435401104,0.8193266953642308,True,passes_both_endpoints,0.8193266953642308,2.8354749334883658,1.0162997710800714,0.8193266953642306,4.91980825173881,1.0885826079987249,3.0521580663338064
-1.631,15.419556709337252,0.8200004499320049,True,passes_both_endpoints,0.8200004499320047,2.840575471900004,1.0155477893634413,0.8200004499320049,4.923451217528687,1.0876232248196682,3.053560759758615
-1.63,15.366140317798886,0.8206740339952747,True,passes_both_endpoints,0.8206740339952747,2.845683466424834,1.0147965541439952,0.8206740339952746,4.927095957886473,1.0866649650940405,3.0549608710212692
-1.629,15.312834298464972,0.8213474471185248,True,passes_both_endpoints,0.8213474471185246,2.850798920714721,1.014046065073371,0.8213474471185248,4.930742470400719,1.085707828039499,3.0563584070986045
-1.628,15.259638687548891,0.8220206888656422,True,passes_both_endpoints,0.8220206888656422,2.8559218383913345,1.0132963218034716,0.822020688865642,4.934390752648707,1.0847518128743778,3.057753374943028
-1.627,15.206553519806372,0.8226937587999157,True,passes_both_endpoints,0.8226937587999154,2.8610522230460242,1.012547323986467,0.8226937587999157,4.938040802196449,1.083796918817691,3.0591457814826195
-1.626,15.153578828543079,0.8233666564840395,True,passes_both_endpoints,0.8233666564840395,2.866190078239681,1.0117990712747877,0.8233666564840395,4.94169261659866,1.082843145089121,3.0605356336212357
-1.625,15.100714645622503,0.824039381480115,True,passes_both_endpoints,0.824039381480115,2.8713354075025994,1.0110515633211254,0.824039381480115,4.945346193398767,1.0818904909090228,3.06192293823861
-1.624,15.0479610014735,0.824711933349651,True,passes_both_endpoints,0.824711933349651,2.8764882143343473,1.0103047997784298,0.8247119333496508,4.949001530128878,1.080938955498416,3.063307702190456
-1.623,14.99531792509802,0.8253843116535661,True,passes_both_endpoints,0.8253843116535661,2.88164850220363,1.009558780299907,0.825384311653566,4.952658624309782,1.0799885380789818,3.064689932308567
-1.622,14.942785444078744,0.8260565159521915,True,passes_both_endpoints,0.8260565159521914,2.8868162745481474,1.0088135045390165,0.8260565159521915,4.956317473450934,1.0790392378730627,3.066069635400916
-1.621,14.890363584586634,0.8267285458052709,True,passes_both_endpoints,0.8267285458052709,2.891991534774471,1.0080689721494696,0.8267285458052709,4.959978075050438,1.0780910541036561,3.0674468182517565
-1.62,14.838052371388546,0.8274004007719634,True,passes_both_endpoints,0.8274004007719634,2.897174286257896,1.0073251827852276,0.8274004007719633,4.963640426595045,1.0771439859944134,3.0688214876217215
-1.619,14.785851827854701,0.8280720804108453,True,passes_both_endpoints,0.8280720804108451,2.9023645323423177,1.0065821361004994,0.8280720804108453,4.967304525560138,1.0761980327696334,3.0701936502479232
-1.618,14.733761975966248,0.8287435842799111,True,passes_both_endpoints,0.8287435842799111,2.9075622763400797,1.0058398317497381,0.8287435842799108,4.970970369409712,1.075253193654263,3.07156331284405
-1.617,14.681782836322704,0.8294149119365762,True,passes_both_endpoints,0.8294149119365762,2.9127675215318636,1.0050982693876414,0.8294149119365761,4.974637955596384,1.0743094678738911,3.072930482100466
-1.616,14.629914428149387,0.8300860629376786,True,passes_both_endpoints,0.8300860629376783,2.9179802711665186,1.0043574486691467,0.8300860629376786,4.978307281561358,1.0733668546547455,3.074295164684307
-1.615,14.578156769304838,0.8307570368394808,True,passes_both_endpoints,0.8307570368394808,2.9232005284609612,1.003617369249429,0.8307570368394805,4.981978344734435,1.0724253532236894,3.0756573672395797
-1.614,14.526509876288246,0.8314278331976693,True,passes_both_endpoints,0.8314278331976693,2.9284282966000137,1.0028780307839038,0.8314278331976693,4.985651142533982,1.071484962808222,3.0770170963872556
-1.613,14.474973764246686,0.832098451567362,True,passes_both_endpoints,0.832098451567362,2.933663578736279,1.002139432928216,0.832098451567362,4.989325672366944,1.0705456826364672,3.07837435872537
-1.612,14.423548446982572,0.8327688915031032,True,passes_both_endpoints,0.8327688915031032,2.938906377990002,1.0014015753382464,0.8327688915031031,4.993001931628812,1.0696075119371786,3.079729160829114
-1.611,14.37223393696083,0.8334391525588718,True,passes_both_endpoints,0.8334391525588718,2.944156697448938,1.0006644576701025,0.8334391525588714,4.9966799177036325,1.0686704499397304,3.0810815092509363
-1.61,14.32103024531627,0.8341092342880778,True,passes_both_endpoints,0.8341092342880778,2.9494145401682097,0.9999280795801228,0.8341092342880778,5.000359627963981,1.0677344958741164,3.0824314105206287
-1.609,14.269937381860695,0.8347791362435695,True,passes_both_endpoints,0.8347791362435695,2.9546799091701734,0.9991924407248677,0.8347791362435694,5.004041059770961,1.0667996489709464,3.0837788711454297
-1.608,14.218955355090227,0.8354488579776307,True,passes_both_endpoints,0.8354488579776307,2.959952807444284,0.9984575407611234,0.8354488579776305,5.0077242104741915,1.0658659084614417,3.085123897610112
-1.607,14.168084172192374,0.8361183990419855,True,passes_both_endpoints,0.8361183990419853,2.965233237946963,0.997723379345896,0.8361183990419855,5.011409077411801,1.0649332735774346,3.0864664963770787
-1.606,14.117323839053254,0.8367877589878004,True,passes_both_endpoints,0.8367877589877998,2.970521203601449,0.9969899561364098,0.8367877589878004,5.015095657910414,1.0640017435513607,3.087806673886456
-1.605,14.06667436026462,0.8374569373656837,True,passes_both_endpoints,0.8374569373656836,2.975816707297674,0.9962572707901058,0.8374569373656837,5.018783949285138,1.0630713176162578,3.089144436556184
-1.604,14.016135739131068,0.8381259337256909,True,passes_both_endpoints,0.8381259337256909,2.9811197518921233,0.9955253229646405,0.8381259337256909,5.022473948839564,1.0621419950057644,3.0904797907821138
-1.603,13.965707977676951,0.838794747617325,True,passes_both_endpoints,0.838794747617325,2.9864303402076984,0.9947941123178798,0.8387947476173249,5.026165653865754,1.0612137749541133,3.0918127429380915
-1.602,13.915391076653544,0.8394633785895376,True,passes_both_endpoints,0.8394633785895373,2.99174847503358,0.9940636385079019,0.8394633785895376,5.029859061644227,1.0602866566961284,3.093143299376058
-1.601,13.865185035545892,0.8401318261907333,True,passes_both_endpoints,0.8401318261907333,2.997074159125089,0.9933339011929897,0.8401318261907332,5.033554169443952,1.0593606394672221,3.094471466426133
-1.6,13.81508985257994,0.84080008996877,True,passes_both_endpoints,0.84080008996877,3.002407395203556,0.9926049000316333,0.8408000899687693,5.037250974522342,1.0584357225033925,3.0957972503967075
-1.599,13.765105524729348,0.8414681694709618,True,passes_both_endpoints,0.8414681694709616,3.007748185956188,0.9918766346825246,0.8414681694709618,5.040949474125256,1.05751190504122,3.097120657574537
-1.598,13.715232047722457,0.8421360642440805,True,passes_both_endpoints,0.8421360642440805,3.0130965340359093,0.9911491048045562,0.8421360642440805,5.044649665486956,1.05658918631786,3.098441694224825
-1.597,13.665469416049168,0.842803773834359,True,passes_both_endpoints,0.8428037738343587,3.0184524420612573,0.990422310056819,0.842803773834359,5.048351545830141,1.0556675655710457,3.09976036659132
-1.596,13.615817622967798,0.8434712977874922,True,passes_both_endpoints,0.8434712977874922,3.023815912616221,0.9896962500985989,0.843471297787492,5.052055112365912,1.0547470420390792,3.101076680896394
-1.595,13.566276660511885,0.8441386356486402,True,passes_both_endpoints,0.8441386356486402,3.0291869482501173,0.9889709245893762,0.84413863564864,5.055760362293779,1.053827614960831,3.102390643341142
-1.594,13.516846519497038,0.844805786962429,True,passes_both_endpoints,0.844805786962429,3.034565551477448,0.9882463331888228,0.8448057869624287,5.059467292801638,1.0529092835757359,3.1037022601054605
-1.593,13.46752718952764,0.8454727512729541,True,passes_both_endpoints,0.8454727512729541,3.039951724777766,0.9875224755567987,0.8454727512729537,5.063175901065773,1.051992047123789,3.10501153734814
-1.592,13.418318659003669,0.8461395281237821,True,passes_both_endpoints,0.8461395281237821,3.0453454705955387,0.9867993513533515,0.846139528123782,5.066886184250852,1.0510759048455434,3.1063184812069515
-1.591,13.369220915127325,0.8468061170579546,True,passes_both_endpoints,0.8468061170579546,3.0507467913400133,0.9860769602387113,0.8468061170579543,5.070598139509912,1.0501608559821034,3.1076230977987334
-1.59,13.320233943909818,0.8474725176179864,True,passes_both_endpoints,0.8474725176179864,3.0561556893850734,0.9853553018732923,0.8474725176179863,5.074311763984352,1.0492468997751265,3.1089253932194736
-1.589,13.271357730177924,0.8481387293458726,True,passes_both_endpoints,0.8481387293458726,3.061572167069109,0.9846343759176867,0.8481387293458724,5.078027054803933,1.0483340354668145,3.1102253735444023
-1.588,13.222592257580725,0.8488047517830882,True,passes_both_endpoints,0.8488047517830882,3.066996226694879,0.9839141820326645,0.848804751783088,5.0817440090867665,1.0474222622999134,3.111523044828071
-1.587,13.17393750859611,0.8494705844705902,True,passes_both_endpoints,0.8494705844705902,3.0724278705293724,0.9831947198791708,0.8494705844705901,5.085462623939306,1.0465115795177085,3.1128184131044425
-1.586,13.125393464537463,0.8501362269488212,True,passes_both_endpoints,0.8501362269488212,3.0778671008036707,0.9824759891183233,0.8501362269488211,5.089182896456343,1.0456019863640207,3.1141114843869717
-1.585,13.076960105560092,0.850801678757712,True,passes_both_endpoints,0.850801678757712,3.0833139197128183,0.9817579894114089,0.8508016787577118,5.092904823721004,1.0446934820832032,3.1154022646686927
-1.584,13.028637410667889,0.8514669394366818,True,passes_both_endpoints,0.8514669394366817,3.088768329415677,0.9810407204198838,0.8514669394366818,5.096628402804738,1.0437860659201397,3.116690759922299
-1.583,12.980425357719698,0.8521320085246431,True,passes_both_endpoints,0.852132008524643,3.0942303320347952,0.9803241818053677,0.8521320085246431,5.1003536307673105,1.042879737120236,3.1179769761002323
-1.582,12.9323239234359,0.8527968855600022,True,passes_both_endpoints,0.8527968855600022,3.0996999296562704,0.9796083732296456,0.8527968855600019,5.104080504656802,1.0419744949294243,3.119260919134761
-1.581,12.884333083404758,0.8534615700806633,True,passes_both_endpoints,0.8534615700806633,3.105177124329614,0.9788932943546614,0.853461570080663,5.107809021509607,1.041070338594151,3.120542594938064
-1.58,12.836452812088936,0.8541260616240293,True,passes_both_endpoints,0.8541260616240292,3.110661918067609,0.9781789448425183,0.8541260616240293,5.111539178350413,1.0401672673613793,3.121822009402315
-1.579,12.788683082831774,0.8547903597270062,True,passes_both_endpoints,0.8547903597270059,3.1161543128461857,0.9774653243554744,0.8547903597270062,5.11527097219221,1.0392652804785825,3.1230991683997607
-1.578,12.741023867863769,0.8554544639260028,True,passes_both_endpoints,0.8554544639260028,3.1216543106042636,0.9767524325559419,0.8554544639260026,5.119004400036271,1.0383643771937405,3.1243740777828064
-1.577,12.693475138308841,0.8561183737569368,True,passes_both_endpoints,0.8561183737569364,3.1271619132436506,0.9760402691064843,0.8561183737569368,5.122739458872173,1.0374645567553409,3.125646743384094
-1.576,12.646036864190668,0.8567820887552335,True,passes_both_endpoints,0.8567820887552335,3.132677122628865,0.9753288336698127,0.8567820887552332,5.126476145677752,1.036565818412367,3.1269171710165837
-1.575,12.598709014438972,0.8574456084558315,True,passes_both_endpoints,0.8574456084558307,3.138199940587035,0.9746181259087863,0.8574456084558315,5.13021445741914,1.0356681614143024,3.128185366473635
-1.574,12.551491556895785,0.858108932393183,True,passes_both_endpoints,0.8581089323931826,3.1437303689077356,0.9739081454864056,0.858108932393183,5.133954391050726,1.0347715850111214,3.1294513355290863
-1.573,12.504384458321665,0.8587720601012586,True,passes_both_endpoints,0.8587720601012585,3.149268409342876,0.973198892065814,0.8587720601012586,5.1376959435151806,1.033876088453289,3.1307150839373334
-1.572,12.457387684401949,0.8594349911135475,True,passes_both_endpoints,0.8594349911135475,3.1548140636065445,0.9724903653102942,0.8594349911135475,5.141439111743427,1.0329816709917556,3.1319766174334114
-1.571,12.410501199752861,0.860097724963062,True,passes_both_endpoints,0.860097724963062,3.1603673333748836,0.9717825648832643,0.8600977249630619,5.145183892654656,1.0320883318779546,3.1332359417330697
-1.57,12.363724967927773,0.8607602611823388,True,passes_both_endpoints,0.8607602611823383,3.1659282202859504,0.9710754904482776,0.8607602611823388,5.148930283156311,1.0311960703637977,3.1344930625328558
-1.569,12.317058951423212,0.8614225993034427,True,passes_both_endpoints,0.8614225993034427,3.171496725939582,0.9703691416690163,0.8614225993034422,5.152678280144083,1.03030488570167,3.1357479855101875
-1.568,12.270503111685125,0.8620847388579679,True,passes_both_endpoints,0.8620847388579679,3.177072851897259,0.9696635182092964,0.8620847388579675,5.156427880501922,1.0294147771444317,3.1370007163234344
-1.567,12.224057409114785,0.8627466793770426,True,passes_both_endpoints,0.8627466793770424,3.1826565996819736,0.9689586197330565,0.8627466793770426,5.160179081102015,1.0285257439454076,3.1382512606119954
-1.566,12.177721803074999,0.8634084203913305,True,passes_both_endpoints,0.86340842039133,3.188247970778084,0.9682544459043613,0.8634084203913305,5.163931878804793,1.0276377853583876,3.1394996239963744
-1.565,12.131496251896023,0.8640699614310328,True,passes_both_endpoints,0.8640699614310328,3.1938469666311926,0.967550996387396,0.8640699614310322,5.167686270458923,1.0267509006376212,3.140745812078256
-1.564,12.085380712881687,0.8647313020258929,True,passes_both_endpoints,0.8647313020258929,3.199453588648,0.9668482708464667,0.8647313020258924,5.17144225290132,1.025865089037817,3.141989830440585
-1.563,12.03937514231525,0.8653924417051969,True,passes_both_endpoints,0.8653924417051969,3.205067838196178,0.9661462689459961,0.8653924417051969,5.1751998229571194,1.024980349814134,3.1432316846476396
-1.562,11.993479495465468,0.8660533799977798,True,passes_both_endpoints,0.8660533799977798,3.2106897166042243,0.9654449903505186,0.8660533799977795,5.178958977439696,1.0240966822221829,3.144471380245108
-1.561,11.947693726592437,0.8667141164320233,True,passes_both_endpoints,0.8667141164320233,3.2163192251613406,0.9647444347246835,0.8667141164320233,5.182719713150653,1.0232140855180183,3.1457089227601647
-1.56,11.90201778895358,0.8673746505358626,True,passes_both_endpoints,0.8673746505358626,3.2219563651172822,0.9640446017332487,0.8673746505358626,5.186482026879811,1.0223325589581382,3.1469443177015433
-1.559,11.856451634809472,0.8680349818367886,True,passes_both_endpoints,0.8680349818367883,3.227601137682245,0.9633454910410777,0.8680349818367886,5.1902459154052325,1.0214521017994793,3.148177570559613
-1.558,11.810995215429724,0.8686951098618486,True,passes_both_endpoints,0.8686951098618484,3.2332535440267,0.9626471023131395,0.8686951098618486,5.194011375493187,1.0205727132994111,3.1494086868064515
-1.557,11.765648481098816,0.8693550341376524,True,passes_both_endpoints,0.8693550341376519,3.2389135852812934,0.9619494352145044,0.8693550341376524,5.19777840389818,1.019694392715736,3.150637671895919
-1.556,11.720411381121917,0.8700147541903723,True,passes_both_endpoints,0.8700147541903718,3.244581262536683,0.9612524894103418,0.8700147541903723,5.201546997362928,1.0188171393066836,3.1518645312637332
-1.555,11.675283863830632,0.8706742695457466,True,passes_both_endpoints,0.8706742695457466,3.250256576843421,0.9605562645659187,0.8706742695457466,5.205317152618364,1.0179409523309066,3.153089270327541
-1.554,11.630265876588835,0.8713335797290853,True,passes_both_endpoints,0.8713335797290852,3.255939529211814,0.9598607603465956,0.8713335797290853,5.209088866383655,1.017065831047478,3.154311894486991
-1.553,11.58535736579832,0.8719926842652693,True,passes_both_endpoints,0.8719926842652693,3.2616301206117937,0.9591659764178244,0.8719926842652693,5.212862135366173,1.0161917747158862,3.155532409123808
-1.552,11.54055827690461,0.8726515826787548,True,passes_both_endpoints,0.8726515826787545,3.2673283519727714,0.9584719124451476,0.8726515826787548,5.216636956261508,1.015318782596034,3.156750819601864
-1.551,11.495868554402549,0.8733102744935772,True,passes_both_endpoints,0.8733102744935772,3.2730342241835166,0.9577785680941922,0.8733102744935767,5.220413325753469,1.0144468539482296,3.157967131267248
-1.55,11.451288141842078,0.8739687592333524,True,passes_both_endpoints,0.8739687592333524,3.2787477380920187,0.9570859430306715,0.8739687592333519,5.224191240514086,1.0135759880331907,3.1591813494483425
-1.549,11.406816981833764,0.8746270364212809,True,passes_both_endpoints,0.8746270364212809,3.2844688945053546,0.9563940369203793,0.8746270364212808,5.227970697203599,1.0127061841120337,3.1603934794558906
-1.548,11.362455016054529,0.8752851055801514,True,passes_both_endpoints,0.8752851055801513,3.29019769418955,0.955702849429188,0.8752851055801514,5.231751692470466,1.0118374414462723,3.161603526583066
-1.547,11.318202185253153,0.8759429662323425,True,passes_both_endpoints,0.875942966232342,3.2959341378694544,0.9550123802230469,0.8759429662323425,5.2355342229513635,1.010969759297815,3.162811496105549
-1.546,11.274058429255927,0.8766006178998254,True,passes_both_endpoints,0.8766006178998254,3.301678226228601,0.9543226289679791,0.8766006178998251,5.239318285271182,1.0101031369289604,3.164017393281591
-1.545,11.230023686972148,0.8772580601041702,True,passes_both_endpoints,0.87725806010417,3.307429959909082,0.9536335953300792,0.8772580601041702,5.243103876043043,1.0092375736023933,3.1652212233520873
-1.544,11.186097896399671,0.8779152923665445,True,passes_both_endpoints,0.8779152923665445,3.3131893395114043,0.9529452789755101,0.8779152923665439,5.246890991868267,1.008373068581181,3.166422991540645
-1.543,11.142280994630417,0.87857231420772,True,passes_both_endpoints,0.8785723142077196,3.318956365594374,0.9522576795705018,0.87857231420772,5.25067962933642,1.0075096211287706,3.1676227030536555
-1.542,11.09857291785584,0.8792291251480746,True,passes_both_endpoints,0.8792291251480738,3.324731038674939,0.951570796781346,0.8792291251480746,5.254469785025269,1.006647230508982,3.168820363080359
-1.541,11.054973601372376,0.8798857247075937,True,passes_both_endpoints,0.8798857247075937,3.3305133592280844,0.9508846302743968,0.8798857247075936,5.25826145550081,1.0057858959860086,3.1700159767929152
-1.54,11.011482979586946,0.8805421124058774,True,passes_both_endpoints,0.8805421124058774,3.3363033276866787,0.9501991797160672,0.8805421124058769,5.262054637317269,1.0049256168244114,3.171209549346473
-1.539,10.968100986022272,0.8811982877621395,True,passes_both_endpoints,0.8811982877621394,3.3421009444413614,0.9495144447728253,0.8811982877621395,5.265849327017103,1.0040663922891144,3.172401085879237
-1.538,10.924827553322338,0.8818542502952141,True,passes_both_endpoints,0.8818542502952141,3.3479062098403873,0.948830425111191,0.8818542502952136,5.269645521130986,1.0032082216454006,3.1735905915125335
-1.537,10.881662613257733,0.8825099995235557,True,passes_both_endpoints,0.8825099995235554,3.3537191241895257,0.948147120397738,0.8825099995235557,5.273443216177837,1.0023511041589122,3.174778071350881
-1.536,10.838606096731,0.8831655349652453,True,passes_both_endpoints,0.8831655349652447,3.3595396877518904,0.9474645302990847,0.8831655349652453,5.277242408664797,1.0014950390956407,3.175963530482057
-1.535,10.795657933781948,0.8838208561379922,True,passes_both_endpoints,0.8838208561379922,3.3653679007478505,0.9467826544818962,0.8838208561379922,5.281043095087255,1.000640025721927,3.1771469739771594
-1.534,10.752818053593005,0.8844759625591376,True,passes_both_endpoints,0.8844759625591376,3.3712037633548664,0.946101492612881,0.8844759625591374,5.284845271928836,0.9997860633044585,3.1783284068906807
-1.533,10.710086384494419,0.8851308537456573,True,passes_both_endpoints,0.8851308537456573,3.3770472757073833,0.9454210443587878,0.8851308537456569,5.288648935661406,0.9989331511102629,3.179507834260571
-1.532,10.667462853969589,0.8857855292141666,True,passes_both_endpoints,0.8857855292141666,3.3828984378966784,0.9447413093864011,0.8857855292141659,5.292454082745085,0.9980812884067043,3.180685261108299
-1.531,10.624947388660233,0.8864399884809216,True,passes_both_endpoints,0.8864399884809213,3.3887572499707552,0.9440622873625426,0.8864399884809216,5.296260709628243,0.9972304744614814,3.181860692438927
-1.53,10.582539914371676,0.8870942310618247,True,passes_both_endpoints,0.8870942310618243,3.3946237119341833,0.943383977954064,0.8870942310618247,5.300068812747493,0.9963807085426213,3.1830341332411662
-1.529,10.540240356077954,0.8877482564724256,True,passes_both_endpoints,0.8877482564724256,3.4004978237480006,0.9427063808278479,0.8877482564724253,5.303878388527713,0.9955319899184774,3.18420558848745
-1.528,10.498048637927095,0.8884020642279277,True,passes_both_endpoints,0.8884020642279274,3.4063795853295624,0.9420294956508042,0.8884020642279277,5.307689433382056,0.9946843178577264,3.1853750631339923
-1.527,10.455964683246151,0.889055653843189,True,passes_both_endpoints,0.8890556538431886,3.4122689965524233,0.9413533220898658,0.889055653843189,5.311501943711927,0.993837691629361,3.1865425621208563
-1.526,10.413988414546424,0.8897090248327258,True,passes_both_endpoints,0.8897090248327256,3.4181660572461943,0.9406778598119886,0.8897090248327258,5.3153159159070045,0.9929921105026905,3.187708090372014
-1.525,10.372119753528484,0.8903621767107179,True,passes_both_endpoints,0.8903621767107179,3.4240707671964334,0.9400031084841467,0.8903621767107178,5.31913134634525,0.9921475737473319,3.1888716527954166
-1.524,10.330358621087353,0.8910151089910106,True,passes_both_endpoints,0.8910151089910103,3.429983126144501,0.9393290677733316,0.8910151089910106,5.322948231392905,0.991304080633213,3.1900332542830503
-1.523,10.288704937317465,0.8916678211871178,True,passes_both_endpoints,0.8916678211871178,3.4359031337874417,0.938655737346547,0.8916678211871178,5.326766567404494,0.99046163043056,3.1911928997110044
-1.522,10.24715862151779,0.8923203128122281,True,passes_both_endpoints,0.8923203128122281,3.4418307897778466,0.9379831168708084,0.8923203128122278,5.330586350722841,0.9896202224099011,3.192350593939532
-1.521,10.205719592196802,0.8929725833792048,True,passes_both_endpoints,0.8929725833792048,3.4477660937237378,0.93731120601314,0.8929725833792047,5.334407577679068,0.9887798558420589,3.1935063418131153
-1.52,10.164387767077526,0.8936246324005918,True,passes_both_endpoints,0.8936246324005918,3.453709045188425,0.9366400044405716,0.8936246324005916,5.338230244592593,0.9879405299981467,3.1946601481605237
-1.519,10.123163063102455,0.8942764593886172,True,passes_both_endpoints,0.894276459388617,3.4596596436903972,0.9359695118201353,0.8942764593886172,5.342054347771158,0.9871022441495666,3.19581201779488
-1.518,10.082045396438575,0.894928063855195,True,passes_both_endpoints,0.894928063855195,3.4656178887031737,0.9352997278188644,0.8949280638551949,5.345879883510806,0.9862649975680025,3.1969619555137174
-1.517,10.041034682482262,0.8955794453119317,True,passes_both_endpoints,0.8955794453119317,3.471583779655206,0.934630652103789,0.8955794453119317,5.3497068480959244,0.9854287895254203,3.198109966099047
-1.516,10.000130835864217,0.8962306032701265,True,passes_both_endpoints,0.8962306032701265,3.477557315929717,0.9339622843419357,0.8962306032701265,5.353535237799212,0.9845936192940595,3.199256054317413
-1.515,9.959333770454341,0.8968815372407782,True,passes_both_endpoints,0.8968815372407777,3.4835384968646057,0.9332946242003217,0.8968815372407782,5.357365048881719,0.9837594861464345,3.200400224919958
-1.514,9.918643399366646,0.8975322467345863,True,passes_both_endpoints,0.8975322467345861,3.4895273217522984,0.9326276713459543,0.8975322467345863,5.361196277592832,0.9829263893553243,3.20154248264248
-1.513,9.878059634964064,0.8981827312619566,True,passes_both_endpoints,0.8981827312619566,3.495523789839643,0.9319614254458279,0.8981827312619562,5.365028920170294,0.9820943281937753,3.2026828322054977
-1.512,9.837582388863346,0.8988329903330033,True,passes_both_endpoints,0.8988329903330033,3.501527900327762,0.9312958861669217,0.8988329903330031,5.368862972840212,0.9812633019350931,3.203821278314302
-1.511,9.797211571939798,0.899483023457555,True,passes_both_endpoints,0.899483023457555,3.5075396523719498,0.9306310531761945,0.8994830234575547,5.372698431817059,0.980433309852839,3.2049578256590268
-1.51,9.75694709433217,0.9001328301451548,True,passes_both_endpoints,0.9001328301451545,3.513559045081533,0.9299669261405866,0.9001328301451548,5.376535293303681,0.9796043512208301,3.206092478914698
-1.509,9.716788865447313,0.9007824099050681,True,passes_both_endpoints,0.900782409905068,3.5195860775197447,0.9293035047270114,0.9007824099050681,5.380373553491313,0.9787764253131278,3.207225242741303
-1.508,9.676736793965066,0.9014317622462836,True,passes_both_endpoints,0.9014317622462836,3.525620748703612,0.9286407886023578,0.9014317622462834,5.384213208559579,0.9779495314040425,3.2083561217838388
-1.507,9.636790787842877,0.9020808866775187,True,passes_both_endpoints,0.9020808866775187,3.5316630576038293,0.9279787774334843,0.9020808866775186,5.388054254676518,0.9771236687681228,3.20948512067238
-1.506,9.596950754320607,0.9027297827072226,True,passes_both_endpoints,0.9027297827072225,3.537713003144626,0.9273174708872177,0.9027297827072226,5.391896687998571,0.9762988366801575,3.2106122440221303
-1.505,9.557216599925136,0.9033784498435793,True,passes_both_endpoints,0.9033784498435793,3.5437705842036444,0.9266568686303497,0.903378449843579,5.395740504670596,0.9754750344151645,3.2117374964334866
-1.504,9.51758823047515,0.9040268875945138,True,passes_both_endpoints,0.9040268875945138,3.5498357996118366,0.9259969703296349,0.9040268875945136,5.399585700825897,0.9746522612483955,3.2128608824920923
-1.503,9.478065551085672,0.9046750954676934,True,passes_both_endpoints,0.9046750954676934,3.555908648153313,0.9253377756517871,0.904675095467693,5.403432272586203,0.9738305164553244,3.2139824067688965
-1.502,9.438648466172822,0.9053230729705343,True,passes_both_endpoints,0.9053230729705336,3.5619891285652403,0.9246792842634775,0.9053230729705343,5.40728021606171,0.9730097993116492,3.215102073820213
-1.501,9.39933687945831,0.9059708196102021,True,passes_both_endpoints,0.9059708196102015,3.5680772395377143,0.9240214958313304,0.9059708196102021,5.411129527351057,0.9721901090932826,3.216219888187774
-1.5,9.360130693974156,0.9066183348936188,True,passes_both_endpoints,0.9066183348936188,3.57417297971363,0.923364410021923,0.9066183348936188,5.414980202541364,0.9713714450763533,3.2173358543987916
-1.499,9.321029812067186,0.9072656183274663,True,passes_both_endpoints,0.9072656183274662,3.580276347688583,0.9227080265017809,0.9072656183274663,5.418832237708241,0.9705538065372008,3.2184499769660078
-1.498,9.282034135403602,0.9079126694181889,True,passes_both_endpoints,0.9079126694181883,3.5863873420107226,0.9220523449373754,0.9079126694181889,5.422685628915782,0.9697371927523677,3.2195622603877587
-1.497,9.24314356497357,0.9085594876719971,True,passes_both_endpoints,0.908559487671997,3.5925059611806414,0.9213973649951208,0.9085594876719971,5.426540372216582,0.9689216029986005,3.2206727091480243
-1.496,9.204358001095674,0.9092060725948748,True,passes_both_endpoints,0.9092060725948747,3.5986322036512686,0.9207430863413726,0.9092060725948748,5.430396463651764,0.9681070365528435,3.2217813277164877
-1.495,9.165677343421489,0.9098524236925802,True,passes_both_endpoints,0.9098524236925795,3.6047660678277276,0.9200895086424238,0.9098524236925802,5.434253899250973,0.9672934926922357,3.2228881205485895
-1.494,9.127101490939983,0.9104985404706497,True,passes_both_endpoints,0.9104985404706497,3.61090755206723,0.9194366315645014,0.9104985404706497,5.438112675032389,0.9664809706941053,3.2239930920855824
-1.493,9.088630341982077,0.9111444224344055,True,passes_both_endpoints,0.9111444224344055,3.617056654678957,0.918784454773766,0.9111444224344055,5.441972787002757,0.9656694698359688,3.225096246754589
-1.492,9.050263794224993,0.9117900690889557,True,passes_both_endpoints,0.9117900690889554,3.623213373923938,0.918132977936307,0.9117900690889557,5.445834231157377,0.964858989395523,3.226197588968652
-1.491,9.012001744696766,0.9124354799391995,True,passes_both_endpoints,0.9124354799391993,3.6293777080149296,0.9174822007181409,0.9124354799391995,5.449697003480123,0.9640495286506446,3.227297123126795
-1.49,8.973844089780583,0.9130806544898341,True,passes_both_endpoints,0.9130806544898337,3.635549655116306,0.9168321227852068,0.9130806544898341,5.453561099943474,0.9632410868793846,3.2283948536140716
-1.489,8.935790725219237,0.9137255922453541,True,passes_both_endpoints,0.9137255922453541,3.641729213343929,0.9161827438033664,0.9137255922453539,5.457426516508493,0.9624336633599643,3.229490784801621
-1.488,8.89784154611944,0.9143702927100608,True,passes_both_endpoints,0.9143702927100608,3.6479163807650496,0.9155340634383987,0.9143702927100602,5.46129324912488,0.961627257370773,3.2305849210467237
-1.487,8.859996446956236,0.9150147553880604,True,passes_both_endpoints,0.91501475538806,3.654111155398174,0.9148860813560007,0.9150147553880604,5.465161293730953,0.9608218681903629,3.2316772666928517
-1.486,8.822255321577254,0.9156589797832753,True,passes_both_endpoints,0.9156589797832753,3.6603135352129503,0.9142387972217775,0.9156589797832748,5.469030646253673,0.9600174950974428,3.232767826069726
-1.485,8.784618063207132,0.9163029653994419,True,passes_both_endpoints,0.9163029653994419,3.666523518130065,0.9135922107012487,0.9163029653994417,5.472901302608671,0.9592141373708795,3.2338566034933653
-1.484,8.747084564451713,0.9169467117401192,True,passes_both_endpoints,0.9169467117401189,3.6727411020211154,0.912946321459839,0.9169467117401192,5.476773258700243,0.9584117942896889,3.234943603266144
-1.483,8.7096547173024,0.9175902183086906,True,passes_both_endpoints,0.9175902183086906,3.6789662847084963,0.9123011291628772,0.9175902183086906,5.480646510421372,0.9576104651330344,3.2360288296768385
-1.482,8.67232841314037,0.9182334846083692,True,passes_both_endpoints,0.918233484608369,3.6851990639652943,0.9116566334755954,0.9182334846083692,5.484521053653747,0.9568101491802242,3.2371122870006857
-1.481,8.635105542740856,0.9188765101422022,True,passes_both_endpoints,0.9188765101422022,3.6914394375151582,0.9110128340631227,0.9188765101422022,5.488396884267777,0.956010845710703,3.2381939794994317
-1.48,8.597985996277341,0.9195192944130751,True,passes_both_endpoints,0.9195192944130751,3.697687403032205,0.9103697305904854,0.9195192944130749,5.4922739981226,0.9552125540040539,3.239273911421385
-1.479,8.560969663325803,0.9201618369237143,True,passes_both_endpoints,0.9201618369237143,3.7039429581408867,0.9097273227226035,0.9201618369237143,5.496152391066102,0.954415273339989,3.2403520870014675
-1.478,8.524056432868862,0.9208041371766958,True,passes_both_endpoints,0.9208041371766956,3.7102061004158973,0.9090856101242856,0.9208041371766958,5.5000320589349405,0.9536190029983493,3.241428510461267
-1.477,8.487246193300003,0.9214461946744446,True,passes_both_endpoints,0.9214461946744446,3.7164768273820377,0.9084445924602292,0.9214461946744446,5.503912997554548,0.9528237422590986,3.242503186009087
-1.476,8.450538832427682,0.9220880089192424,True,passes_both_endpoints,0.9220880089192424,3.722755136514131,0.9078042693950168,0.9220880089192421,5.507795202739156,0.9520294904023207,3.243576117839999
-1.475,8.413934237479529,0.9227295794132305,True,passes_both_endpoints,0.9227295794132305,3.729041025236888,0.9071646405931124,0.9227295794132304,5.511678670291815,0.9512362467082152,3.2446473101358935
-1.474,8.377432295106384,0.9233709056584153,True,passes_both_endpoints,0.9233709056584148,3.735334490924807,0.9065257057188598,0.9233709056584153,5.515563396004402,0.9504440104570934,3.2457167670655296
-1.473,8.341032891386494,0.9240119871566708,True,passes_both_endpoints,0.9240119871566708,3.7416355309020606,0.9058874644364783,0.9240119871566708,5.519449375657637,0.9496527809293734,3.2467844927845833
-1.472,8.304735911829514,0.9246528234097466,True,passes_both_endpoints,0.9246528234097466,3.747944142442391,0.905249916410061,0.9246528234097464,5.52333660502112,0.948862557405578,3.2478504914357047
-1.471,8.268541241380658,0.9252934139192683,True,passes_both_endpoints,0.9252934139192683,3.754260322768992,0.9046130613035728,0.9252934139192679,5.527225079853323,0.9480733391663315,3.2489147671485594
-1.47,8.232448764424676,0.9259337581867443,True,passes_both_endpoints,0.9259337581867443,3.7605840690544063,0.9039768987808456,0.9259337581867443,5.531114795901623,0.9472851254923504,3.2499773240398833
-1.469,8.19645836478996,0.9265738557135709,True,passes_both_endpoints,0.9265738557135704,3.766915378420418,0.903341428505577,0.9265738557135709,5.53500574890232,0.9464979156644471,3.2510381662135317
-1.468,8.16056992575248,0.9272137060010348,True,passes_both_endpoints,0.9272137060010346,3.7732542479379334,0.9027066501413257,0.9272137060010348,5.538897934580644,0.9457117089635186,3.252097297760526
-1.467,8.124783330039893,0.9278533085503193,True,passes_both_endpoints,0.9278533085503192,3.779600674626893,0.9020725633515116,0.9278533085503193,5.54279134865079,0.9449265046705495,3.2531547227591053
-1.466,8.089098459835414,0.9284926628625088,True,passes_both_endpoints,0.9284926628625088,3.785954655456145,0.90143916779941,0.9284926628625088,5.546685986815929,0.9441423020666017,3.254210445274774
-1.465,8.05351519678188,0.9291317684385916,True,passes_both_endpoints,0.9291317684385916,3.7923161873433506,0.900806463148151,0.9291317684385916,5.55058184476822,0.9433591004328155,3.2552644693603505
-1.464,8.01803342198563,0.9297706247794676,True,passes_both_endpoints,0.9297706247794673,3.7986852671548763,0.9001744490607152,0.9297706247794676,5.554478918188846,0.9425768990504018,3.256316799056016
-1.463,7.982653016020496,0.9304092313859497,True,passes_both_endpoints,0.9304092313859492,3.8050618917056815,0.8995431251999313,0.9304092313859497,5.558377202748016,0.9417956972006409,3.257367438389361
-1.462,7.9473738589316625,0.9310475877587707,True,passes_both_endpoints,0.9310475877587707,3.811446057759221,0.8989124912284729,0.9310475877587703,5.562276694104996,0.9410154941648767,3.2584163913754383
-1.461,7.912195830239651,0.9316856933985871,True,passes_both_endpoints,0.9316856933985869,3.8178377620273443,0.8982825468088584,0.9316856933985871,5.566177387908137,0.9402362892245154,3.259463662016802
-1.46,7.877118808944102,0.9323235478059845,True,passes_both_endpoints,0.9323235478059843,3.82423700117018,0.8976532916034429,0.9323235478059845,5.570079279794872,0.9394580816610179,3.260509254303564
-1.459,7.8421426735277375,0.9329611504814808,True,passes_both_endpoints,0.9329611504814808,3.8306437717960358,0.89702472527442,0.9329611504814805,5.573982365391753,0.9386808707558975,3.2615531722134343
-1.458,7.807267301960148,0.9335985009255328,True,passes_both_endpoints,0.9335985009255328,3.8370580704613073,0.8963968474838171,0.9335985009255326,5.577886640314479,0.9379046557907175,3.2625954197117744
-1.457,7.772492571701686,0.9342355986385388,True,passes_both_endpoints,0.9342355986385388,3.843479893670357,0.8957696578934934,0.9342355986385388,5.581792100167895,0.9371294360470858,3.2636360007516383
-1.456,7.737818359707218,0.9348724431208462,True,passes_both_endpoints,0.9348724431208462,3.849909237875431,0.8951431561651352,0.9348724431208462,5.585698740546037,0.9363552108066501,3.2646749192738227
-1.455,7.703244542430003,0.9355090338727539,True,passes_both_endpoints,0.9355090338727539,3.8563460994765393,0.8945173419602551,0.9355090338727535,5.589606557032135,0.9355819793510955,3.265712179206913
-1.454,7.668770995825413,0.9361453703945172,True,passes_both_endpoints,0.9361453703945172,3.862790474821374,0.8938922149401884,0.9361453703945172,5.593515545198653,0.93480974096214,3.266747784467328
-1.453,7.634397595354772,0.9367814521863543,True,passes_both_endpoints,0.9367814521863543,3.869242360205196,0.8932677747660903,0.9367814521863542,5.597425700607291,0.9340384949215311,3.267781738959369
-1.452,7.600124215989043,0.9374172787484504,True,passes_both_endpoints,0.9374172787484504,3.87570175187074,0.8926440210989324,0.9374172787484504,5.601337018809032,0.9332682405110396,3.2688140465752618
-1.451,7.565950732212633,0.9380528495809611,True,passes_both_endpoints,0.938052849580961,3.8821686460081146,0.8920209535995012,0.9380528495809611,5.605249495344138,0.9324989770124597,3.269844711195205
-1.45,7.531877018027065,0.9386881641840199,True,passes_both_endpoints,0.9386881641840197,3.888643038754708,0.8913985719283938,0.9386881641840199,5.6091631257421986,0.9317307037076008,3.270873736687415
-1.449,7.497902946954735,0.9393232220577402,True,passes_both_endpoints,0.93932322205774,3.8951249261950807,0.8907768757460166,0.9393232220577402,5.613077905522133,0.9309634198782866,3.271901126908172
-1.448,7.46402839204256,0.9399580227022232,True,passes_both_endpoints,0.9399580227022228,3.901614304360885,0.890155864712581,0.9399580227022232,5.616993830192236,0.9301971248063498,3.2729268857018625
-1.447,7.430253225865693,0.9405925656175598,True,passes_both_endpoints,0.9405925656175598,3.9081111692307418,0.8895355384881012,0.9405925656175593,5.620910895250172,0.9294318177736278,3.2739510169010266
-1.446,7.3965773205311685,0.9412268503038386,True,passes_both_endpoints,0.9412268503038379,3.9146155167301826,0.8889158967323926,0.9412268503038386,5.624829096183042,0.9286674980619619,3.274973524326401
-1.445,7.363000547681552,0.9418608762611477,True,passes_both_endpoints,0.9418608762611477,3.92112734273151,0.8882969391050654,0.9418608762611477,5.6287484284673575,0.9279041649531872,3.2759944117869666
-1.444,7.329522778498562,0.9424946429895833,True,passes_both_endpoints,0.942494642989583,3.9276466430537424,0.8876786652655257,0.9424946429895833,5.63266888756911,0.9271418177291348,3.277013683079987
-1.443,7.296143883706724,0.9431281499892511,True,passes_both_endpoints,0.9431281499892507,3.934173413462489,0.8870610748729708,0.9431281499892511,5.636590468943768,0.9263804556716252,3.278031341991058
-1.442,7.262863733576907,0.943761396760273,True,passes_both_endpoints,0.943761396760273,3.9407076496698816,0.886444167586386,0.9437613967602728,5.640513168036313,0.9256200780624639,3.2790473922941517
-1.441,7.229682197929993,0.9443943828027934,True,passes_both_endpoints,0.9443943828027934,3.9472493473344645,0.8858279430645432,0.9443943828027932,5.644436980281271,0.9248606841834391,3.280061837751653
-1.44,7.196599146140364,0.9450271076169816,True,passes_both_endpoints,0.9450271076169814,3.9537985020611104,0.8852124009659964,0.9450271076169816,5.648361901102723,0.924102273316316,3.2810746821144128
-1.439,7.163614447139523,0.9456595707030386,True,passes_both_endpoints,0.9456595707030386,3.9603551094009175,0.8845975409490794,0.9456595707030386,5.652287925914343,0.9233448447428341,3.282085929121784
-1.438,7.130727969419593,0.9462917715612021,True,passes_both_endpoints,0.9462917715612021,3.9669191648511406,0.8839833626719041,0.9462917715612021,5.656215050119423,0.922588397744703,3.283095582501668
-1.437,7.097939581036883,0.9469237096917511,True,passes_both_endpoints,0.9469237096917509,3.9734906638550753,0.8833698657923562,0.9469237096917511,5.660143269110897,0.921832931603599,3.284103645970557
-1.436,7.065249149615343,0.9475553845950109,True,passes_both_endpoints,0.9475553845950109,3.9800696018019845,0.8827570499680922,0.9475553845950107,5.664072578271369,0.9210784456011587,3.285110123233577
-1.435,7.032656542350136,0.9481867957713586,True,passes_both_endpoints,0.9481867957713586,3.9866559740270064,0.8821449148565389,0.9481867957713582,5.668002972973138,0.9203249390189794,3.2861150179845287
-1.434,7.000161626011042,0.9488179427212288,True,passes_both_endpoints,0.9488179427212282,3.993249775811067,0.8815334601148874,0.9488179427212288,5.671934448578241,0.9195724111386118,3.2871183339059327
-1.433,6.9677642669459905,0.9494488249451171,True,passes_both_endpoints,0.9494488249451171,3.9998510023807774,0.8809226854000918,0.949448824945117,5.675867000438445,0.9188208612415559,3.288120074669069
-1.432,6.935464331084458,0.9500794419435877,True,passes_both_endpoints,0.9500794419435877,4.00645964890837,0.8803125903688672,0.9500794419435873,5.6798006238953205,0.9180702886092603,3.28912024393402
-1.431,6.903261683940969,0.9507097932172761,True,passes_both_endpoints,0.9507097932172761,4.013075710511601,0.8797031746776854,0.9507097932172761,5.683735314280241,0.9173206925231155,3.2901188453497143
-1.43,6.871156190618443,0.9513398782668965,True,passes_both_endpoints,0.9513398782668965,4.01969918225366,0.8790944379827721,0.9513398782668965,5.6876710669144135,0.9165720722644499,3.2911158825539646
-1.429,6.839147715811682,0.951969696593245,True,passes_both_endpoints,0.951969696593245,4.026330059143088,0.8784863799401054,0.951969696593245,5.691607877108917,0.9158244271145277,3.2921113591735116
-1.428,6.807236123810698,0.9525992476972069,True,passes_both_endpoints,0.9525992476972069,4.0329683361337025,0.8778790002054111,0.9525992476972069,5.695545740164728,0.9150777563545441,3.293105278824065
-1.427,6.775421278504158,0.9532285310797598,True,passes_both_endpoints,0.9532285310797598,4.039614008124495,0.8772722984341624,0.9532285310797596,5.699484651372745,0.9143320592656221,3.2940976451103436
-1.426,6.743703043382681,0.9538575462419812,True,passes_both_endpoints,0.9538575462419812,4.046267069959572,0.8766662742815736,0.9538575462419812,5.703424606013834,0.9135873351288059,3.2950884616261185
-1.425,6.712081281542259,0.954486292685052,True,passes_both_endpoints,0.954486292685052,4.052927516428041,0.8760609274026006,0.9544862926850517,5.707365599358833,0.9128435832250602,3.296077731954249
-1.424,6.68055585568754,0.9551147699102631,True,passes_both_endpoints,0.955114769910263,4.059595342263966,0.8754562574519357,0.9551147699102631,5.711307626668614,0.9121008028352661,3.2970654596667313
-1.423,6.649126628135192,0.955742977419019,True,passes_both_endpoints,0.955742977419019,4.066270542146255,0.8748522640840061,0.955742977419019,5.715250683194077,0.9113589932402149,3.298051648324729
-1.422,6.617793460817176,0.9563709147128459,True,passes_both_endpoints,0.9563709147128456,4.0729531106985934,0.8742489469529705,0.9563709147128459,5.719194764176217,0.9106181537206055,3.299036301478623
-1.421,6.586556215284092,0.9569985812933933,True,passes_both_endpoints,0.9569985812933933,4.07964304248937,0.8736463057127165,0.9569985812933932,5.723139864846131,0.909878283557042,3.300019422668042
-1.42,6.555414752708403,0.9576259766624442,True,passes_both_endpoints,0.9576259766624442,4.086340332031587,0.8730443400168575,0.9576259766624442,5.727085980425067,0.9091393820300272,3.301001015421911
-1.419,6.524368933887761,0.958253100321916,True,passes_both_endpoints,0.9582531003219158,4.093044973782785,0.87244304951873,0.958253100321916,5.731033106124435,0.9084014484199608,3.301981083258486
-1.418,6.493418619248202,0.9588799517738686,True,passes_both_endpoints,0.9588799517738686,4.099756962144969,0.8718424338713897,0.9588799517738682,5.734981237145857,0.9076644820071335,3.3029596296853945
-1.417,6.4625636688474595,0.9595065305205075,True,passes_both_endpoints,0.9595065305205075,4.106476291464529,0.8712424927276129,0.9595065305205075,5.738930368681192,0.9069284820717272,3.3039366581996736
-1.416,6.43180394237811,0.9601328360641933,True,passes_both_endpoints,0.9601328360641933,4.113202956032167,0.8706432257398866,0.9601328360641929,5.742880495912568,0.9061934478938042,3.3049121722878145
-1.415,6.40113929917087,0.9607588679074427,True,passes_both_endpoints,0.9607588679074421,4.119936950082814,0.8700446325604125,0.9607588679074427,5.746831614012426,0.9054593787533115,3.305886175425794
-1.414,6.370569598197715,0.9613846255529366,True,passes_both_endpoints,0.9613846255529364,4.12667826779557,0.8694467128410985,0.9613846255529366,5.750783718143529,0.9047262739300695,3.3068586710791177
-1.413,6.340094698075151,0.9620101085035251,True,passes_both_endpoints,0.9620101085035251,4.133426903293613,0.868849466233561,0.9620101085035251,5.754736803459022,0.9039941327037747,3.307829662702859
-1.412,6.309714457067301,0.9626353162622326,True,passes_both_endpoints,0.9626353162622326,4.140182850644139,0.8682528923891184,0.9626353162622326,5.758690865102453,0.9032629543539904,3.3087991537416968
-1.411,6.2794287330891505,0.9632602483322638,True,passes_both_endpoints,0.9632602483322638,4.146946103858286,0.86765699095879,0.9632602483322634,5.762645898207805,0.9025327381601461,3.3097671476299513
-1.41,6.249237383709616,0.9638849042170088,True,passes_both_endpoints,0.9638849042170088,4.153716656891062,0.8670617615932922,0.9638849042170088,5.766601897899544,0.9018034834015333,3.310733647791627
-1.409,6.219140266154755,0.9645092834200486,True,passes_both_endpoints,0.9645092834200484,4.160494503641271,0.866467203943037,0.9645092834200486,5.770558859292625,0.9010751893573008,3.311698657640446
-1.408,6.189137237310802,0.9651333854451619,True,passes_both_endpoints,0.9651333854451619,4.167279637951449,0.8658733176581264,0.9651333854451619,5.774516777492565,0.9003478553064505,3.3126621805798897
-1.407,6.15922815372737,0.9657572097963292,True,passes_both_endpoints,0.9657572097963292,4.174072053607795,0.8652801023883542,0.965757209796329,5.778475647595447,0.8996214805278355,3.3136242200032338
-1.406,6.129412871620457,0.9663807559777384,True,passes_both_endpoints,0.9663807559777384,4.180871744340097,0.8646875577831987,0.9663807559777384,5.782435464687974,0.8988960643001547,3.314584779293587
-1.405,6.099691246875599,0.967004023493793,True,passes_both_endpoints,0.967004023493793,4.18767870382167,0.8640956834918215,0.9670040234937926,5.786396223847498,0.898171605901949,3.3155438618239277
-1.404,6.070063135050882,0.967627011849113,True,passes_both_endpoints,0.967627011849113,4.194492925669288,0.8635044791630662,0.967627011849113,5.790357920142055,0.8974481046115984,3.3165014709571428
-1.403,6.040528391380044,0.9682497205485459,True,passes_both_endpoints,0.9682497205485459,4.201314403443113,0.8629139444454526,0.9682497205485459,5.794320548630403,0.8967255597073177,3.317457610046062
-1.402,6.011086870775475,0.9688721490971678,True,passes_both_endpoints,0.9688721490971678,4.208143130646638,0.862324078987177,0.9688721490971678,5.798284104362058,0.8960039704671522,3.318412282433498
-1.401,5.981738427831294,0.9694942970002925,True,passes_both_endpoints,0.9694942970002925,4.214979100726618,0.8617348824361066,0.9694942970002923,5.802248582377334,0.8952833361689755,3.3193654914522788
-1.4,5.952482916826318,0.9701161637634754,True,passes_both_endpoints,0.9701161637634752,4.221822307073011,0.861146354439779,0.9701161637634754,5.806213977707383,0.8945636560904835,3.3203172404252896
-1.399,5.923320191727106,0.9707377488925186,True,passes_both_endpoints,0.9707377488925186,4.228672743018901,0.8605584946453977,0.9707377488925183,5.81018028537421,0.8938449295091924,3.3212675326655057
-1.398,5.894250106190927,0.9713590518934793,True,passes_both_endpoints,0.971359051893479,4.235530401840465,0.8599713026998305,0.9713590518934793,5.814147500390757,0.8931271557024346,3.3222163714760287
-1.397,5.865272513568752,0.9719800722726724,True,passes_both_endpoints,0.9719800722726724,4.2423952767568744,0.8593847782496052,0.9719800722726721,5.81811561776088,0.8924103339473541,3.3231637601501243
-1.396,5.83638726690821,0.9726008095366788,True,passes_both_endpoints,0.9726008095366788,4.249267360930272,0.858798920940909,0.9726008095366785,5.822084632479448,0.8916944635209033,3.3241097019712567
-1.395,5.807594218956562,0.9732212631923494,True,passes_both_endpoints,0.9732212631923494,4.25614664746568,0.8582137304195839,0.9732212631923494,5.826054539532339,0.8909795436998398,3.325054200213125
-1.394,5.778893222163612,0.973841432746812,True,passes_both_endpoints,0.973841432746812,4.263033129410969,0.8576292063311242,0.973841432746812,5.830025333896497,0.8902655737607214,3.3259972581397
-1.393,5.750284128684675,0.9744613177074769,True,passes_both_endpoints,0.9744613177074769,4.269926799756781,0.857045348320674,0.9744613177074765,5.833997010539968,0.8895525529799037,3.3269388790052576
-1.392,5.7217667903834535,0.9750809175820415,True,passes_both_endpoints,0.9750809175820415,4.276827651436483,0.8564621560330252,0.9750809175820415,5.837969564421945,0.8888404806335347,3.3278790660544155
-1.391,5.693341058834988,0.9757002318784982,True,passes_both_endpoints,0.9757002318784982,4.283735677326106,0.855879629112613,0.9757002318784982,5.841942990492792,0.8881293559975542,3.328817822522168
-1.39,5.6650067853285,0.976319260105139,True,passes_both_endpoints,0.976319260105139,4.290650870244294,0.8552977672035139,0.976319260105139,5.845917283694106,0.8874191783476851,3.32975515163392
-1.389,5.636763820870325,0.9769380017705616,True,passes_both_endpoints,0.9769380017705616,4.297573222952245,0.8547165699494438,0.9769380017705616,5.84989243895874,0.8867099469594353,3.330691056605524
-1.388,5.6086120161867274,0.9775564563836746,True,passes_both_endpoints,0.9775564563836746,4.304502728153661,0.8541360369937538,0.9775564563836746,5.853868451210851,0.8860016611080889,3.3316255406433135
-1.387,5.580551221726811,0.9781746234537048,True,passes_both_endpoints,0.9781746234537048,4.311439378494693,0.8535561679794285,0.9781746234537048,5.8578453153659416,0.885294320068706,3.3325586069441364
-1.386,5.552581287665319,0.9787925024902017,True,passes_both_endpoints,0.9787925024902014,4.318383166563899,0.8529769625490826,0.9787925024902017,5.861823026330899,0.8845879231161181,3.333490258695394
-1.385,5.524702063905503,0.979410093003044,True,passes_both_endpoints,0.979410093003044,4.325334084892176,0.8523984203449582,0.979410093003044,5.865801579004033,0.8838824695249234,3.334420499075068
-1.384,5.496913400081904,0.9800273945024475,True,passes_both_endpoints,0.980027394502447,4.332292125952723,0.851820541008922,0.9800273945024475,5.869780968275138,0.8831779585694844,3.3353493312517624
-1.383,5.469215145563207,0.9806444064989661,True,passes_both_endpoints,0.9806444064989661,4.339257282160988,0.8512433241824628,0.9806444064989659,5.873761189025497,0.8824743895239231,3.3362767583847304
-1.382,5.441607149455001,0.9812611285035022,True,passes_both_endpoints,0.981261128503502,4.3462295458746265,0.8506667695066897,0.9812611285035022,5.877742236127963,0.8817717616621189,3.3372027836239146
-1.381,5.41408926060259,0.9818775600273115,True,passes_both_endpoints,0.9818775600273115,4.353208909393437,0.8500908766223265,0.9818775600273114,5.8817241044469775,0.8810700742577023,3.3381274101099763
-1.38,5.386661327593744,0.9824937005820088,True,passes_both_endpoints,0.9824937005820088,4.360195364959341,0.8495156451697118,0.9824937005820086,5.885706788838628,0.880369326584055,3.3390506409743304
-1.379,5.359323198761488,0.9831095496795729,True,passes_both_endpoints,0.9831095496795729,4.367188904756308,0.8489410747887948,0.9831095496795726,5.889690284150678,0.8796695179143016,3.33997247933918
-1.378,5.332074722186824,0.9837251068323546,True,passes_both_endpoints,0.9837251068323544,4.374189520910338,0.8483671651191332,0.9837251068323546,5.893674585222625,0.8789706475213114,3.3408929283175475
-1.377,5.304915745701499,0.9843403715530812,True,passes_both_endpoints,0.9843403715530812,4.381197205489399,0.8477939157998896,0.9843403715530812,5.897659686885726,0.8782727146776887,3.341811991013309
-1.376,5.277846116890704,0.9849553433548637,True,passes_both_endpoints,0.9849553433548637,4.388211950503396,0.8472213264698296,0.9849553433548637,5.901645583963066,0.8775757186557747,3.3427296705212286
-1.375,5.250865683095821,0.9855700217512008,True,passes_both_endpoints,0.9855700217512008,4.3952337479041175,0.8466493967673198,0.9855700217512008,5.905632271269573,0.8768796587276408,3.343645969926987
-1.374,5.2239742914170995,0.9861844062559885,True,passes_both_endpoints,0.9861844062559885,4.402262589585213,0.846078126330322,0.9861844062559882,5.909619743612096,0.8761845341650853,3.34456089230722
-1.373,5.197171788716361,0.9867984963835217,True,passes_both_endpoints,0.9867984963835217,4.409298467382137,0.8455075147963946,0.9867984963835212,5.913607995789417,0.8754903442396302,3.3454744407295474
-1.372,5.170458021619702,0.9874122916485042,True,passes_both_endpoints,0.9874122916485041,4.416341373072113,0.844937561802687,0.9874122916485042,5.917597022592328,0.8747970882225186,3.3463866182526036
-1.371,5.143832836520114,0.9880257915660529,True,passes_both_endpoints,0.9880257915660526,4.423391298374102,0.8443682669859368,0.9880257915660529,5.921586818803646,0.8741047653847084,3.3472974279260765
-1.37,5.117296079580212,0.9886389956517042,True,passes_both_endpoints,0.9886389956517042,4.430448234948758,0.8437996299824687,0.988638995651704,5.925577379198283,0.8734133749968712,3.348206872790732
-1.369,5.0908475967348155,0.9892519034214201,True,passes_both_endpoints,0.9892519034214197,4.437512174398405,0.8432316504281923,0.9892519034214201,5.929568698543285,0.8727229163293886,3.349114955878452
-1.368,5.064487233693639,0.9898645143915934,True,passes_both_endpoints,0.9898645143915934,4.444583108266979,0.8426643279585959,0.9898645143915934,5.933560771597862,0.872033388652347,3.3500216802122638
-1.367,5.038214835943883,0.9904768280790566,True,passes_both_endpoints,0.9904768280790563,4.451661028040017,0.8420976622087478,0.9904768280790566,5.937553593113467,0.8713447912355354,3.350927048806371
-1.366,5.012030248752874,0.9910888440010852,True,passes_both_endpoints,0.9910888440010852,4.458745925144612,0.8415316528132906,0.991088844001085,5.941547157833814,0.8706571233484411,3.3518310646661855
-1.365,4.985933317170648,0.9917005616754049,True,passes_both_endpoints,0.9917005616754049,4.465837790949387,0.8409662994064409,0.9917005616754049,5.945541460494946,0.8699703842602472,3.352733730788363
-1.364,4.959923886032571,0.9923119806201979,True,passes_both_endpoints,0.9923119806201974,4.472936616764452,0.8404016016219852,0.9923119806201979,5.949536495825261,0.8692845732398279,3.353635050160827
-1.363,4.934001799961884,0.9929231003541089,True,passes_both_endpoints,0.9929231003541089,4.48004239384139,0.8398375590932764,0.9929231003541089,5.95353225854558,0.8685996895557446,3.354535025762807
-1.362,4.908166903372324,0.9935339203962521,True,passes_both_endpoints,0.9935339203962521,4.487155113373214,0.8392741714532336,0.9935339203962521,5.95752874336919,0.8679157324762454,3.3554336605648647
-1.361,4.882419040470631,0.994144440266216,True,passes_both_endpoints,0.9941444402662157,4.494274766494352,0.8387114383343371,0.994144440266216,5.9615259450018865,0.8672327012692568,3.3563309575289293
-1.36,4.856758055259153,0.9947546594840699,True,passes_both_endpoints,0.9947546594840699,4.501401344280604,0.8381493593686278,0.9947546594840699,5.9655238581420225,0.8665505952023852,3.357226919608322
-1.359,4.8311837915383355,0.9953645775703718,True,passes_both_endpoints,0.9953645775703716,4.5085348377491306,0.8375879341877019,0.9953645775703718,5.9695224774805675,0.8658694135429095,3.3581215497477954
-1.358,4.8056960929092964,0.9959741940461726,True,passes_both_endpoints,0.9959741940461726,4.515675237858415,0.8370271624227105,0.9959741940461724,5.973521797701146,0.8651891555577793,3.3590148508835562
-1.357,4.780294802776304,0.9965835084330226,True,passes_both_endpoints,0.9965835084330226,4.522822535508254,0.8364670437043569,0.9965835084330226,5.977521813480093,0.864509820513612,3.3599068259433
-1.356,4.75497976434932,0.9971925202529797,True,passes_both_endpoints,0.9971925202529797,4.529976721539717,0.8359075776628916,0.9971925202529793,5.981522519486503,0.8638314076766882,3.360797477846241
-1.355,4.729750820646469,0.9978012290286129,True,passes_both_endpoints,0.9978012290286129,4.537137786735142,0.8353487639281129,0.9978012290286129,5.985523910382278,0.8631539163129482,3.361686809503139
-1.354,4.70460781449655,0.9984096342830109,True,passes_both_endpoints,0.9984096342830109,4.544305721818089,0.8347906021293615,0.9984096342830105,5.989525980822175,0.8624773456879897,3.362574823816335
-1.353,4.679550588541492,0.9990177355397872,True,passes_both_endpoints,0.9990177355397868,4.551480517453359,0.8342330918955199,0.9990177355397872,5.993528725453876,0.8618016950670637,3.363461523679778
-1.352,4.65457898523884,0.9996255323230858,True,passes_both_endpoints,0.9996255323230858,4.558662164246929,0.8336762328550081,0.9996255323230858,5.997532138918003,0.8611269637150707,3.3643469119790534
-1.351,4.629692846864185,1.0002330241575905,False,fails,1.0002330241575905,4.5658506527459695,0.8331200246357819,1.0002330241575903,6.001536215848211,0.8604531508965569,3.3652309915914156
-1.35,4.604892015513657,1.0008402105685268,False,fails,1.0008402105685268,4.5730459734388145,0.832564466865331,1.0008402105685263,6.005540950871206,0.8597802558757142,3.3661137653858164
-1.349,4.580176333106294,1.0014470910816717,False,fails,1.0014470910816715,4.580248116754943,0.8320095591706744,1.0014470910816717,6.00954633860682,0.8591082779163705,3.366995236222935
-1.348,4.5555456413865345,1.0020536652233587,False,fails,1.0020536652233587,4.587457073064959,0.8314553011783596,1.0020536652233585,6.01355237366804,0.8584372162819927,3.3678754069552044
-1.347,4.530999781926579,1.0026599325204837,False,fails,1.0026599325204837,4.5946728326805975,0.8309016925144593,1.0026599325204835,6.0175590506610845,0.8577670702356797,3.3687542804268458
-1.346,4.506538596128844,1.0032658925005131,False,fails,1.0032658925005127,4.601895385854694,0.8303487328045692,1.0032658925005131,6.021566364185446,0.8570978390401605,3.369631859473893
-1.345,4.482161925228302,1.0038715446914883,False,fails,1.0038715446914883,4.6091247227811705,0.8297964216738033,1.0038715446914879,6.025574308833933,0.8564295219577878,3.3705081469242244
-1.344,4.457869610294928,1.0044768886220334,False,fails,1.0044768886220334,4.616360833595045,0.8292447587467949,1.004476888622033,6.029582879192751,0.8557621182505409,3.3713831455975893
-1.343,4.433661492236019,1.0050819238213597,False,fails,1.0050819238213597,4.623603708372398,0.8286937436476922,1.0050819238213597,6.033592069841523,0.855095627180016,3.3722568583056396
-1.342,4.409537411798604,1.0056866498192751,False,fails,1.0056866498192751,4.630853337130377,0.8281433760001546,1.0056866498192751,6.0376018753533645,0.8544300480074263,3.3731292878519556
-1.341,4.38549720957176,1.0062910661461881,False,fails,1.0062910661461881,4.638109709827188,0.8275936554273516,1.0062910661461881,6.041612290294935,0.8537653799935977,3.3740004370320764
-1.34,4.3615407259889984,1.0068951723331143,False,fails,1.0068951723331143,4.645372816362083,0.8270445815519607,1.0068951723331143,6.045623309226486,0.8531016223989656,3.3748703086335268
-1.339,4.337667801330563,1.0074989679116846,False,fails,1.0074989679116841,4.652642646575366,0.8264961539961635,1.0074989679116846,6.049634926701923,0.8524387744835723,3.3757389054358473
-1.338,4.313878275725787,1.0081024524141493,False,fails,1.0081024524141493,4.659919190248372,0.8259483723816426,1.008102452414149,6.053647137268853,0.8517768355070618,3.37660623021062
-1.337,4.290171989155382,1.008705625373387,False,fails,1.008705625373387,4.667202437103477,0.825401236329582,1.0087056253733868,6.057659935468649,0.8511158047286791,3.377472285721499
-1.336,4.266548781453775,1.0093084863229085,False,fails,1.0093084863229083,4.67449237680409,0.8248547454606625,1.0093084863229085,6.061673315836494,0.8504556814072655,3.378337074724237
-1.335,4.24300849231137,1.0099110347968656,False,fails,1.0099110347968654,4.681788998954657,0.8243088993950577,1.0099110347968656,6.065687272901447,0.8497964648012549,3.379200599966712
-1.334,4.219550961276875,1.0105132703300554,False,fails,1.0105132703300554,4.68909229310065,0.8237636977524352,1.0105132703300552,6.06970180118649,0.8491381541686712,3.3800628641889583
-1.333,4.196176027759542,1.0111151924579294,False,fails,1.0111151924579294,4.696402248728585,0.8232191401519509,1.0111151924579287,6.073716895208596,0.8484807487671259,3.3809238701231896
-1.332,4.172883531031469,1.0117168007165958,False,fails,1.0117168007165955,4.703718855266003,0.822675226212249,1.0117168007165958,6.077732549478776,0.8478242478538134,3.381783620493831
-1.331,4.149673310229826,1.012318094642832,False,fails,1.012318094642832,4.711042102081493,0.8221319555514557,1.012318094642832,6.081748758502139,0.8471686506855083,3.3826421180175426
-1.33,4.12654520435914,1.0129190737740852,False,fails,1.0129190737740852,4.71837197848468,0.8215893277871816,1.0129190737740847,6.085765516777941,0.8465139565185632,3.3834993654032486
-1.329,4.103499052293503,1.0135197376484821,False,fails,1.0135197376484821,4.72570847372625,0.8210473425365159,1.0135197376484821,6.089782818799668,0.8458601646089041,3.384355365352165
-1.328,4.080534692778831,1.014120085804835,False,fails,1.014120085804835,4.733051576997932,0.8205059994160249,1.014120085804835,6.093800659055056,0.8452072742120283,3.3852101205578244
-1.327,4.057651964435051,1.0147201177826475,False,fails,1.0147201177826473,4.740401277432523,0.8199652980417494,1.0147201177826475,6.097819032026182,0.8445552845829994,3.3860636337061054
-1.326,4.034850705758361,1.0153198331221223,False,fails,1.0153198331221223,4.747757564103892,0.8194252380292021,1.0153198331221218,6.101837932189504,0.8439041949764479,3.3869159074752564
-1.325,4.01213075512338,1.0159192313641656,False,fails,1.0159192313641654,4.755120426026995,0.8188858189933663,1.0159192313641656,6.105857354015927,0.8432540046465634,3.387766944535925
-1.324,3.989491950785389,1.0165183120503962,False,fails,1.0165183120503962,4.762489852157868,0.8183470405486915,1.0165183120503962,6.109877291970852,0.8426047128470956,3.388616747551184
-1.323,3.966934130882478,1.017117074723151,False,fails,1.0171170747231508,4.769865831393669,0.817808902309092,1.017117074723151,6.113897740514256,0.8419563188313481,3.3894653191765567
-1.322,3.9444571334377527,1.01771551892549,False,fails,1.01771551892549,4.777248352572656,0.817271403887945,1.0177155189254898,6.11791869410072,0.841308821852178,3.3903126620600434
-1.321,3.922060796361473,1.0183136442012055,False,fails,1.0183136442012055,4.7846374044742355,0.8167345448980874,1.018313644201205,6.121940147179524,0.8406622211619895,3.39115877884215
-1.32,3.8997449574532403,1.0189114500948264,False,fails,1.0189114500948264,4.792032975818951,0.8161983249518139,1.0189114500948262,6.125962094194674,0.8400165160127353,3.392003672155909
-1.319,3.8775094544041124,1.0195089361516267,False,fails,1.0195089361516267,4.799435055268522,0.8156627436608734,1.0195089361516267,6.129984529584987,0.8393717056559088,3.3928473446269125
-1.318,3.855354124798778,1.0201061019176305,False,fails,1.02010610191763,4.806843631425836,0.8151278006364687,1.0201061019176305,6.134007447784136,0.8387277893425448,3.3936897988733317
-1.317,3.8332788061176513,1.020702946939619,False,fails,1.020702946939619,4.814258692834995,0.8145934954892515,1.020702946939619,6.138030843220714,0.8380847663232133,3.3945310375059465
-1.316,3.8112833357390334,1.0212994707651373,False,fails,1.021299470765137,4.8216802279813145,0.8140598278293233,1.0212994707651373,6.142054710318302,0.8374426358480206,3.3953710631281693
-1.315,3.789367550941182,1.0218956729425013,False,fails,1.021895672942501,4.829108225291359,0.8135267972662293,1.0218956729425013,6.14607904349552,0.8368013971666017,3.396209878336072
-1.314,3.7675312889044603,1.0224915530208039,False,fails,1.0224915530208039,4.836542673132953,0.8129944034089586,1.0224915530208034,6.150103837166097,0.8361610495281205,3.3970474857184105
-1.313,3.7457743867133884,1.0230871105499206,False,fails,1.0230871105499202,4.843983559815217,0.8124626458659422,1.0230871105499206,6.154129085738929,0.835521592181266,3.3978838878566506
-1.312,3.7240966813587706,1.0236823450805184,False,fails,1.0236823450805181,4.851430873588576,0.8119315242450474,1.0236823450805184,6.158154783618133,0.8348830243742482,3.3987190873249933
-1.311,3.702498009739735,1.02427725616406,False,fails,1.02427725616406,4.858884602644804,0.8114010381535794,1.02427725616406,6.162180925203124,0.8342453453547972,3.3995530866903985
-1.31,3.680978208665841,1.0248718433528126,False,fails,1.0248718433528126,4.866344735117031,0.8108711871982768,1.0248718433528126,6.1662075048886695,0.8336085543701587,3.4003858885126124
-1.309,3.6595371148591007,1.025466106199852,False,fails,1.025466106199852,4.873811259079796,0.8103419709853092,1.0254661061998518,6.17023451706495,0.832972650667091,3.4012174953441914
-1.308,3.6381745649560715,1.0260600442590717,False,fails,1.0260600442590717,4.88128416254905,0.8098133891202761,1.0260600442590715,6.174261956117625,0.8323376334918645,3.402047909730527
-1.307,3.616890395509858,1.026653657085188,False,fails,1.0266536570851879,4.888763433482207,0.8092854412082032,1.026653657085188,6.178289816427898,0.8317035020902551,3.402877134209869
-1.306,3.595684442992185,1.0272469442337469,False,fails,1.0272469442337466,4.89624905977816,0.808758126853541,1.0272469442337469,6.182318092372575,0.8310702557075438,3.4037051713133537
-1.305,3.5745565437953917,1.027839905261131,False,fails,1.0278399052611307,4.903741029277333,0.8082314456601625,1.027839905261131,6.186346778324131,0.8304378935885132,3.4045320235650256
-1.304,3.5535065342344785,1.0284325397245653,False,fails,1.0284325397245653,4.911239329761691,0.8077053972313605,1.0284325397245653,6.190375868650771,0.8298064149774453,3.405357693481862
-1.303,3.5325342505490873,1.0290248471821262,False,fails,1.0290248471821262,4.918743948954799,0.8071799811698451,1.0290248471821262,6.194405357716508,0.8291758191181174,3.4061821835738
-1.302,3.5116395289055364,1.0296168271927444,False,fails,1.0296168271927444,4.926254874521843,0.8066551970777435,1.0296168271927444,6.1984352398812,0.8285461052538009,3.4070054963437557
-1.301,3.4908222053987736,1.0302084793162152,False,fails,1.0302084793162152,4.933772094069673,0.8061310445565937,1.0302084793162152,6.2024655095006445,0.827917272627256,3.407827634287654
-1.3,3.470082116054403,1.0307998031132026,False,fails,1.0307998031132017,4.941295595146838,0.805607523207347,1.0307998031132026,6.206496160926622,0.8272893204807319,3.4086485998944505
-1.299,3.44941909683062,1.0313907981452461,False,fails,1.0313907981452457,4.948825365243639,0.8050846326303613,1.0313907981452461,6.210527188506966,0.8266622480559622,3.4094683956461522
-1.298,3.4288329836202163,1.0319814639747698,False,fails,1.0319814639747695,4.956361391792147,0.8045623724254028,1.0319814639747698,6.21455858658564,0.826036054594162,3.4102870240178476
-1.297,3.408323612252508,1.0325718001650859,False,fails,1.0325718001650859,4.963903662166275,0.8040407421916413,1.0325718001650859,6.218590349502787,0.8254107393360266,3.4111044874777257
-1.296,3.387890818495317,1.0331618062804038,False,fails,1.0331618062804038,4.9714521636817945,0.8035197415276485,1.0331618062804035,6.222622471594811,0.8247863015217269,3.4119207884870995
-1.295,3.367534438056884,1.0337514818858349,False,fails,1.0337514818858347,4.9790068835964,0.8029993700313967,1.0337514818858349,6.226654947194423,0.8241627403909095,3.412735929500435
-1.294,3.347254306587833,1.0343408265474003,False,fails,1.0343408265474,4.986567809109737,0.8024796273002549,1.0343408265474003,6.230687770630728,0.8235400551826902,3.413549912965367
-1.293,3.327050259683069,1.0349298398320368,False,fails,1.0349298398320366,4.994134927363473,0.8019605129309884,1.0349298398320368,6.234720936229275,0.8229182451356537,3.41436274132273
-1.292,3.306922132883732,1.0355185213076046,False,fails,1.0355185213076046,5.001708225441317,0.8014420265197559,1.0355185213076046,6.238754438312137,0.8222973094878516,3.4151744170065745
-1.291,3.2868697616790694,1.0361068705428935,False,fails,1.0361068705428933,5.009287690369105,0.8009241676621068,1.0361068705428935,6.242788271197975,0.8216772474767978,3.415984942444197
-1.29,3.266892981508376,1.0366948871076276,False,fails,1.0366948871076276,5.016873309114806,0.8004069359529805,1.0366948871076276,6.24682242920209,0.8210580583394673,3.416794320056156
-1.289,3.246991627762855,1.037282570572476,False,fails,1.0372825705724757,5.024465068588626,0.7998903309867026,1.037282570572476,6.250856906636519,0.8204397413122919,3.4176025522563034
-1.288,3.2271655357875386,1.0378699205090556,False,fails,1.0378699205090556,5.032062955643011,0.7993743523569831,1.0378699205090556,6.254891697810076,0.8198222956311606,3.418409641451797
-1.287,3.207414540883137,1.0384569364899394,False,fails,1.0384569364899392,5.039666957072739,0.7988589996569164,1.0384569364899394,6.2589267970284315,0.8192057205314134,3.419215590043135
-1.286,3.1877384783079385,1.039043618088664,False,fails,1.039043618088664,5.04727705961496,0.7983442724789757,1.039043618088664,6.2629621985941855,0.8185900152478417,3.420020400424169
-1.285,3.1681371832796423,1.039629964879734,False,fails,1.039629964879734,5.054893249949254,0.7978301704150138,1.0396299648797338,6.26699789680692,0.8179751790146839,3.4208240749821317
-1.284,3.1486104909772497,1.040215976438631,False,fails,1.0402159764386307,5.06251551469769,0.7973166930562599,1.040215976438631,6.271033885963296,0.8173612110656241,3.4216266160976585
-1.283,3.129158236542872,1.0408016523418187,False,fails,1.0408016523418187,5.070143840424887,0.7968038399933166,1.0408016523418187,6.275070160357082,0.8167481106337878,3.4224280261448086
-1.282,3.109780255083615,1.04138699216675,False,fails,1.04138699216675,5.077778213638071,0.7962916108161601,1.0413869921667498,6.27910671427926,0.8161358769517418,3.4232283074910907
-1.281,3.090476381673371,1.0419719954918745,False,fails,1.041971995491874,5.085418620787155,0.7957800051141362,1.0419719954918745,6.283143542018083,0.8155245092514906,3.4240274624974805
-1.28,3.071246451354677,1.0425566618966429,False,fails,1.0425566618966429,5.093065048264763,0.7952690224759585,1.0425566618966429,6.287180637859126,0.8149140067644729,3.4248254935184477
-1.279,3.0520902991405023,1.0431409909615164,False,fails,1.043140990961516,5.100717482406342,0.7947586624897082,1.0431409909615164,6.2912179960853845,0.8143043687215599,3.4256224029019746
-1.278,3.03300776001609,1.043724982267971,False,fails,1.0437249822679708,5.1083759094901895,0.7942489247428292,1.043724982267971,6.295255610977323,0.8136955943530547,3.42641819298958
-1.277,3.0139986689407285,1.044308635398507,False,fails,1.0443086353985065,5.116040315737546,0.793739808822128,1.044308635398507,6.299293476812967,0.8130876828886864,3.4272128661163404
-1.276,2.9950628608495715,1.0448919499366514,False,fails,1.0448919499366514,5.123710687312646,0.7932313143137713,1.0448919499366511,6.303331587867943,0.8124806335576105,3.428006424610912
-1.275,2.9762001706554035,1.0454749254669686,False,fails,1.0454749254669684,5.131387010322799,0.7927234408032848,1.0454749254669686,6.307369938415579,0.811874445588405,3.4287988707955526
-1.274,2.9574104332504447,1.0460575615750651,False,fails,1.0460575615750651,5.139069270818455,0.7922161878755491,1.0460575615750651,6.311408522726954,0.8112691182090696,3.429590206986142
-1.273,2.938693483508094,1.046639857847597,False,fails,1.046639857847597,5.146757454793282,0.7917095551147998,1.046639857847597,6.315447335070988,0.8106646506470209,3.4303804354922076
-1.272,2.920049156284722,1.0472218138722746,False,fails,1.0472218138722746,5.154451548184224,0.7912035421046251,1.0472218138722746,6.319486369714486,0.8100610421290926,3.4311695586169404
-1.271,2.9014772864214025,1.0478034292378722,False,fails,1.0478034292378722,5.1621515368715984,0.7906981484279625,1.0478034292378722,6.323525620922243,0.8094582918815316,3.4319575786572196
-1.27,2.8829777087456887,1.0483847035342322,False,fails,1.0483847035342322,5.169857406679153,0.7901933736670989,1.048384703534232,6.327565082957089,0.8088563991299956,3.4327444979036343
-1.269,2.8645502580733293,1.0489656363522728,False,fails,1.0489656363522724,5.177569143374156,0.7896892174036674,1.0489656363522728,6.331604750079979,0.8082553630995526,3.433530318640503
-1.268,2.846194769210031,1.0495462272839937,False,fails,1.0495462272839937,5.185286732667457,0.7891856792186457,1.0495462272839937,6.335644616550041,0.8076551830146765,3.434315043145895
-1.267,2.827911076953159,1.0501264759224858,False,fails,1.0501264759224858,5.193010160213591,0.7886827586923539,1.0501264759224858,6.3396846766246835,0.8070558580992464,3.435098673691654
-1.266,2.8096990160934867,1.0507063818619329,False,fails,1.0507063818619329,5.200739411610837,0.7881804554044538,1.0507063818619327,6.343724924559637,0.8064573875765432,3.4358812125434146
-1.265,2.791558421416879,1.051285944697622,False,fails,1.051285944697622,5.208474472401316,0.7876787689339457,1.0512859446976215,6.347765354609038,0.8058597706692481,3.4366626619606286
-1.264,2.7734891277060307,1.0518651640259482,False,fails,1.0518651640259482,5.216215328071063,0.787177698859167,1.0518651640259482,6.3518059610255095,0.8052630065994411,3.43744302419658
-1.263,2.755490969742132,1.0524440394444232,False,fails,1.0524440394444232,5.22396196405012,0.7866772447577899,1.0524440394444232,6.35584673806022,0.8046670945885956,3.438222301498411
-1.262,2.7375637823065953,1.0530225705516802,False,fails,1.0530225705516802,5.231714365712611,0.7861774062068209,1.05302257055168,6.359887679962964,0.804072033857582,3.4390004961071394
-1.261,2.719707400182708,1.0536007569474801,False,fails,1.05360075694748,5.239472518376847,0.7856781827825978,1.0536007569474801,6.363928780982242,0.8034778236266596,3.4397776102576803
-1.26,2.701921658157337,1.0541785982327196,False,fails,1.0541785982327196,5.247236407305389,0.785179574060788,1.0541785982327196,6.367970035365315,0.802884463115478,3.440553646178866
-1.259,2.6842063910225797,1.054756094009437,False,fails,1.054756094009437,5.255006017705177,0.7846815796163875,1.054756094009437,6.372011437358301,0.802291951543074,3.4413286060934687
-1.258,2.6665614335774452,1.0553332438808185,False,fails,1.0553332438808185,5.26278133472757,0.784184199023718,1.0553332438808185,6.376052981206233,0.8017002881278698,3.4421024922182153
-1.257,2.6489866206294894,1.0559100474512066,False,fails,1.0559100474512066,5.270562343468478,0.7836874318564258,1.0559100474512064,6.380094661153143,0.8011094720876699,3.442875306763816
-1.256,2.631481786996494,1.0564865043261038,False,fails,1.0564865043261038,5.278349028968441,0.78319127768748,1.0564865043261038,6.384136471442128,0.8005195026396617,3.4436470519349758
-1.255,2.6140467675080745,1.0570626141121813,False,fails,1.0570626141121813,5.286141376212727,0.7826957360891704,1.057062614112181,6.38817840631543,0.799930379000409,3.444417729930421
-1.254,2.5966813970073535,1.0576383764172845,False,fails,1.0576383764172843,5.293939370131421,0.7822008066331071,1.0576383764172845,6.392220460014511,0.7993421003858554,3.4451873429429156
-1.253,2.5793855103525525,1.058213790850441,False,fails,1.058213790850441,5.30174299559953,0.7817064888902157,1.0582137908504405,6.396262626780123,0.7987546660113174,3.445955893159283
-1.252,2.5621589424186504,1.0587888570218642,False,fails,1.0587888570218642,5.30955223743708,0.7812127824307401,1.0587888570218642,6.400304900852393,0.7981680750914864,3.4467233827604256
-1.251,2.545001528098965,1.0593635745429641,False,fails,1.0593635745429641,5.317367080409217,0.7807196868242363,1.0593635745429641,6.404347276470884,0.7975823268404236,3.4474898139213437
-1.25,2.5279131023067922,1.0599379430263507,False,fails,1.0599379430263507,5.325187509226301,0.7802272016395738,1.0599379430263507,6.408389747874686,0.7969974204715602,3.4482551888111552
-1.249,2.5108934999769805,1.0605119620858405,False,fails,1.0605119620858405,5.333013508544013,0.7797353264449324,1.06051196208584,6.412432309302477,0.7964133551976944,3.449019509593118
-1.248,2.493942556067541,1.0610856313364643,False,fails,1.0610856313364643,5.340845062963471,0.7792440608078015,1.061085631336464,6.416474954992613,0.7958301302309896,3.4497827784246455
-1.247,2.477060105561243,1.0616589503944742,False,fails,1.0616589503944742,5.348682157031308,0.7787534042949776,1.0616589503944742,6.420517679183193,0.7952477447829739,3.4505449974573277
-1.246,2.4602459834671695,1.0622319188773488,False,fails,1.0622319188773488,5.356524775239808,0.778263356472563,1.0622319188773488,6.42456047611214,0.7946661980645353,3.451306168836952
-1.245,2.443500024822325,1.0628045364037997,False,fails,1.0628045364037992,5.364372902026983,0.7777739169059645,1.0628045364037997,6.4286033400172755,0.7940854892859235,3.452066294703521
-1.244,2.426822064693167,1.0633768025937786,False,fails,1.0633768025937786,5.372226521776713,0.7772850851598911,1.0633768025937782,6.432646265136395,0.7935056176567447,3.4528253771912714
-1.243,2.4102119381772082,1.0639487170684838,False,fails,1.0639487170684838,5.380085618818835,0.776796860798354,1.0639487170684836,6.436689245707355,0.7929265823859635,3.4535834184286944
-1.242,2.3936694804045304,1.064520279450367,False,fails,1.064520279450367,5.38795017742926,0.7763092433846626,1.064520279450367,6.440732275968137,0.7923483826818964,3.4543404205385544
-1.241,2.3771945265393684,1.0650914893631387,False,fails,1.0650914893631387,5.395820181830083,0.7758222324814246,1.0650914893631385,6.444775350156924,0.7917710177522149,3.455096385637907
-1.24,2.3607869117816205,1.0656623464317758,False,fails,1.0656623464317758,5.403695616189713,0.7753358276505441,1.0656623464317756,6.4488184625121905,0.7911944868039402,3.45585131583812
-1.239,2.3444464713684137,1.0662328502825267,False,fails,1.0662328502825267,5.411576464622959,0.7748500284532205,1.0662328502825267,6.45286160727277,0.7906187890434437,3.4566052132448895
-1.238,2.3281730405756007,1.0668030005429192,False,fails,1.0668030005429192,5.419462711191176,0.7743648344499461,1.0668030005429192,6.456904778677929,0.7900439236764435,3.4573580799582615
-1.237,2.311966454719314,1.067372796841767,False,fails,1.067372796841767,5.427354339902361,0.7738802452005046,1.067372796841767,6.460947970967458,0.7894698899080042,3.4581099180726484
-1.236,2.2958265491574514,1.0679422388091746,False,fails,1.0679422388091746,5.435251334711288,0.7733962602639707,1.0679422388091742,6.464991178381739,0.7888966869425351,3.45886072967685
-1.235,2.2797531592912126,1.0685113260765442,False,fails,1.0685113260765442,5.443153679519613,0.7729128791987082,1.0685113260765442,6.469034395161825,0.788324313983788,3.459610516854069
-1.234,2.2637461205665743,1.069080058276584,False,fails,1.069080058276584,5.451061358176013,0.7724301015623671,1.069080058276584,6.473077615549519,0.7877527702348549,3.460359281681932
-1.233,2.247805268475815,1.0696484350433122,False,fails,1.0696484350433122,5.458974354476291,0.7719479269118845,1.0696484350433122,6.477120833787452,0.787182054898169,3.461107026232506
-1.232,2.231930438558975,1.0702164560120644,False,fails,1.0702164560120642,5.4668926521635175,0.7714663548034814,1.0702164560120644,6.481164044119163,0.7866121671754999,3.4618537525723205
-1.231,2.2161214664053714,1.0707841208195004,False,fails,1.0707841208195004,5.474816234928139,0.7709853847926618,1.0707841208195004,6.485207240789177,0.7860431062679543,3.46259946276238
-1.23,2.2003781876550423,1.0713514291036095,False,fails,1.0713514291036095,5.482745086408121,0.7705050164342119,1.0713514291036095,6.48925041804308,0.7854748713759733,3.4633441588581872
-1.229,2.18470043800025,1.0719183805037176,False,fails,1.0719183805037176,5.49067919018906,0.770025249282198,1.0719183805037173,6.493293570127601,0.7849074616993326,3.4640878429097586
-1.228,2.1690880531869143,1.0724849746604945,False,fails,1.072484974660494,5.4986185298043315,0.769546082889965,1.0724849746604945,6.497336691290698,0.7843408764371383,3.4648305169616433
-1.227,2.153540869016099,1.0730512112159571,False,fails,1.0730512112159571,5.506563088735196,0.7690675168101355,1.0730512112159571,6.501379775781613,0.7837751147878278,3.4655721830529407
-1.226,2.1380587213454385,1.0736170898134807,False,fails,1.0736170898134807,5.514512850410957,0.7685895505946082,1.0736170898134803,6.505422817850984,0.7832101759491669,3.46631284321732
-1.225,2.1226414460906096,1.0741826100977994,False,fails,1.0741826100977994,5.522467798209079,0.7681121837945576,1.0741826100977991,6.509465811750904,0.7826460591182497,3.4670524994830343
-1.224,2.107288879226741,1.0747477717150178,False,fails,1.0747477717150176,5.530427915455325,0.7676354159604301,1.0747477717150178,6.513508751735003,0.7820827634914966,3.467791153872943
-1.223,2.0920008567898773,1.075312574312614,False,fails,1.075312574312614,5.538393185423884,0.7671592466419455,1.0753125743126137,6.517551632058524,0.7815202882646513,3.4685288084045265
-1.222,2.0767772148783763,1.0758770175394472,False,fails,1.0758770175394472,5.54636359133753,0.7666836753880941,1.075877017539447,6.521594446978418,0.7809586326327823,3.4692654650899035
-1.221,2.061617789654362,1.0764411010457635,False,fails,1.076441101045763,5.554339116367737,0.7662087017471365,1.0764411010457635,6.525637190753411,0.7803977957902807,3.470001125935853
-1.22,2.046522417345102,1.0770048244832016,False,fails,1.0770048244832016,5.56231974363483,0.7657343252666007,1.0770048244832016,6.5296798576440755,0.7798377769308563,3.4707357929438247
-1.219,2.0314909342444563,1.077568187504802,False,fails,1.077568187504802,5.570305456208122,0.7652605454932825,1.0775681875048015,6.533722441912939,0.7792785752475409,3.4714694681099623
-1.218,2.016523176714243,1.078131189765008,False,fails,1.078131189765008,5.578296237106066,0.7647873619732442,1.0781311897650079,6.537764937824538,0.7787201899326828,3.47220215342512
-1.217,2.001618981185664,1.0786938309196779,False,fails,1.0786938309196779,5.586292069296375,0.7643147742518114,1.0786938309196774,6.541807339645507,0.7781626201779478,3.4729338508748757
-1.216,1.986778184160672,1.0792561106260858,False,fails,1.0792561106260858,5.5942929356961955,0.7638427818735744,1.0792561106260858,6.545849641644664,0.7776058651743181,3.473664562439555
-1.215,1.9720006222133761,1.0798180285429326,False,fails,1.0798180285429326,5.602298819172232,0.7633713843823854,1.0798180285429324,6.549891838093077,0.7770499241120893,3.474394290094241
-1.214,1.9572861319913992,1.0803795843303479,False,fails,1.0803795843303479,5.6103097025409046,0.762900581321358,1.0803795843303476,6.5539339232641645,0.7764947961808719,3.4751230358087972
-1.213,1.9426345502172724,1.080940777649899,False,fails,1.080940777649899,5.618325568568489,0.7624303722328657,1.080940777649899,6.557975891433759,0.7759404805695871,3.4758508015478817
-1.212,1.9280457136897782,1.0815016081645967,False,fails,1.0815016081645967,5.626346399971284,0.7619607566585407,1.0815016081645967,6.562017736880197,0.775386976466468,3.476577589270966
-1.211,1.9135194592853348,1.0820620755389003,False,fails,1.0820620755389,5.634372179415728,0.7614917341392734,1.0820620755389003,6.566059453884399,0.7748342830590582,3.477303400932349
-1.21,1.899055623959325,1.0826221794387245,False,fails,1.0826221794387245,5.642402889518599,0.7610233042152104,1.0826221794387245,6.570101036729942,0.7742823995342093,3.4780282384811776
-1.209,1.884654044747473,1.0831819195314456,False,fails,1.0831819195314456,5.6504385128471215,0.7605554664257546,1.0831819195314456,6.574142479703157,0.7737313250780817,3.4787521038614586
-1.208,1.8703145587671564,1.083741295485908,False,fails,1.083741295485908,5.658479031919155,0.7600882203095619,1.083741295485908,6.578183777093196,0.7731810588761409,3.4794749990120817
-1.207,1.8560370032187756,1.0843003069724286,False,fails,1.0843003069724284,5.666524429203323,0.759621565404544,1.0843003069724286,6.582224923192118,0.7726316001131603,3.4801969258668306
-1.206,1.841821215387051,1.0848589536628046,False,fails,1.0848589536628046,5.674574687119199,0.7591555012478627,1.0848589536628044,6.58626591229497,0.7720829479732164,3.4809178863544035
-1.205,1.8276670326423825,1.0854172352303195,False,fails,1.085417235230319,5.682629788037439,0.7586900273759327,1.0854172352303195,6.5903067386998755,0.7715351016396913,3.481637882398426
-1.204,1.8135742924421352,1.085975151349748,False,fails,1.085975151349748,5.690689714279959,0.7582251433244178,1.0859751513497478,6.594347396708098,0.7709880602952678,3.4823569159174705
-1.203,1.799542832331982,1.086532701697363,False,fails,1.086532701697363,5.698754448120078,0.7577608486282327,1.0865327016973627,6.598387880624148,0.7704418231219319,3.4830749888250727
-1.202,1.7855724899471885,1.0870898859509412,False,fails,1.0870898859509412,5.706823971782707,0.7572971428215388,1.0870898859509412,6.602428184755843,0.7698963893009707,3.4837921030297445
-1.201,1.7716631030139354,1.0876467037897692,False,fails,1.087646703789769,5.714898267444483,0.7568340254377467,1.0876467037897692,6.606468303414399,0.7693517580129712,3.484508260434994
-1.2,1.7578145093505904,1.0882031548946496,False,fails,1.0882031548946496,5.722977317233955,0.7563714960095119,1.0882031548946496,6.610508230914509,0.768807928437819,3.4852234629393406
-1.199,1.7440265468690275,1.0887592389479066,False,fails,1.0887592389479066,5.731061103231738,0.7559095540687363,1.0887592389479066,6.614547961574434,0.7682648997546998,3.4859377124363298
-1.198,1.7302990535758827,1.089314955633393,False,fails,1.089314955633393,5.73914960747069,0.7554481991465665,1.089314955633393,6.618587489716074,0.7677226711420952,3.4866510108145516
-1.197,1.7166318675738577,1.0898703046364946,False,fails,1.0898703046364941,5.747242811936062,0.7549874307733919,1.0898703046364946,6.62262680966505,0.7671812417777842,3.487363359957654
-1.196,1.7030248270629726,1.0904252856441368,False,fails,1.0904252856441365,5.755340698565697,0.7545272484788459,1.0904252856441368,6.626665915750798,0.7666406108388419,3.4880747617443615
-1.195,1.6894777703418549,1.0909798983447914,False,fails,1.0909798983447911,5.763443249250171,0.7540676517918035,1.0909798983447914,6.6307048023066395,0.7661007775016393,3.488785218048489
-1.194,1.6759905358089766,1.091534142428481,False,fails,1.091534142428481,5.771550445832989,0.7536086402403802,1.091534142428481,6.634743463669869,0.7655617409418405,3.4894947307389583
-1.193,1.6625629619639384,1.092088017586786,False,fails,1.092088017586786,5.779662270110737,0.753150213351933,1.092088017586786,6.638781894181837,0.7650235003344052,3.490203301679815
-1.192,1.6491948874086912,1.09264152351285,False,fails,1.09264152351285,5.787778703833277,0.7526923706530573,1.09264152351285,6.6428200881880315,0.7644860548535849,3.4909109327302423
-1.191,1.6358861508488107,1.0931946599013853,False,fails,1.0931946599013853,5.7958997287039065,0.7522351116695877,1.0931946599013853,6.646858040038157,0.7639494036729249,3.4916176257445772
-1.19,1.6226365910947096,1.093747426448679,False,fails,1.093747426448679,5.804025326379547,0.751778435926597,1.0937474264486788,6.65089574408622,0.7634135459652616,3.4923233825723283
-1.189,1.6094460470628953,1.0942998228525997,False,fails,1.0942998228525997,5.8121554784709115,0.7513223429483944,1.0942998228525997,6.65493319469062,0.7628784809027224,3.4930282050581867
-1.188,1.5963143577771777,1.094851848812602,False,fails,1.0948518488126018,5.8202901665427,0.750866832258526,1.094851848812602,6.658970386214214,0.7623442076567265,3.493732095042047
-1.187,1.5832413623699126,1.0954035040297323,False,fails,1.0954035040297323,5.828429372113756,0.7504119033797734,1.095403504029732,6.663007313024414,0.7618107253979826,3.4944350543590192
-1.186,1.5702269000831974,1.0959547882066356,False,fails,1.0959547882066356,5.836573076657273,0.749957555834153,1.0959547882066354,6.667043969493267,0.7612780332964886,3.4951370848394445
-1.185,1.5572708102701063,1.0965057010475603,False,fails,1.0965057010475603,5.844721261600963,0.749503789142916,1.0965057010475598,6.671080349997529,0.7607461305215327,3.4958381883089102
-1.184,1.5443729323958735,1.0970562422583643,False,fails,1.0970562422583643,5.852873908327251,0.7490506028265468,1.0970562422583643,6.675116448918766,0.7602150162416911,3.4965383665882683
-1.183,1.531533106039116,1.0976064115465205,False,fails,1.09760641154652,5.861030998173441,0.7485979964047625,1.0976064115465205,6.6791522606434155,0.7596846896248282,3.497237621493646
-1.182,1.5187511708930086,1.0981562086211227,False,fails,1.0981562086211223,5.869192512431933,0.7481459693965127,1.0981562086211227,6.683187779562885,0.759155149838096,3.497935954836464
-1.181,1.506026966766494,1.0987056331928913,False,fails,1.0987056331928913,5.877358432350377,0.7476945213199784,1.0987056331928913,6.687223000073629,0.7586263960479337,3.4986333684234503
-1.18,1.493360333585448,1.0992546849741784,False,fails,1.0992546849741782,5.885528739131894,0.7472436516925721,1.0992546849741784,6.6912579165772295,0.7580984274200684,3.499329864056654
-1.179,1.480751111393879,1.0998033636789737,False,fails,1.0998033636789737,5.89370341393524,0.7467933600309362,1.0998033636789737,6.6952925234804885,0.7575712431195127,3.500025443533466
-1.178,1.4681991403550803,1.1003516690229111,False,fails,1.1003516690229107,5.901882437875022,0.7463436458509434,1.1003516690229111,6.699326815195503,0.7570448423105661,3.500720108646625
-1.177,1.4557042607528208,1.100899600723272,False,fails,1.100899600723272,5.910065792021858,0.7458945086676948,1.100899600723272,6.703360786139748,0.7565192241568136,3.501413861184239
-1.176,1.4432663129924859,1.101447158498993,False,fails,1.101447158498993,5.918253457402612,0.7454459479955217,1.101447158498993,6.70739443073616,0.7559943878211258,3.5021067029297988
-1.175,1.4308851376022584,1.1019943420706706,False,fails,1.1019943420706706,5.926445415000554,0.7449979633479821,1.1019943420706706,6.71142774341323,0.7554703324656592,3.502798635662191
-1.174,1.4185605752342478,1.102541151160566,False,fails,1.102541151160566,5.934641645755577,0.7445505542378628,1.102541151160566,6.715460718605069,0.7549470572518545,3.5034896611557143
-1.173,1.406292466665659,1.1030875854926123,False,fails,1.103087585492612,5.942842130564378,0.7441037201771771,1.1030875854926123,6.719493350751506,0.7544245613404381,3.504179781180093
-1.172,1.3940806527999148,1.1036336447924184,False,fails,1.1036336447924182,5.951046850280674,0.7436574606771652,1.1036336447924184,6.723525634298166,0.7539028438914208,3.504868997500493
-1.171,1.381924974667811,1.104179328787275,False,fails,1.104179328787275,5.959255785715394,0.743211775248294,1.1041793287872748,6.727557563696549,0.753381904064098,3.5055573118775345
-1.17,1.3698252734286294,1.10472463720616,False,fails,1.10472463720616,5.967468917636876,0.7427666634002555,1.10472463720616,6.7315891334041265,0.7528617410170491,3.5062447260673086
-1.169,1.3577813903712825,1.1052695697797448,False,fails,1.1052695697797448,5.97568622677107,0.7423221246419678,1.1052695697797446,6.735620337884403,0.7523423539081384,3.5069312418213894
-1.168,1.3457931669154146,1.1058141262403973,False,fails,1.1058141262403973,5.983907693801752,0.7418781584815738,1.1058141262403973,6.739651171607024,0.7518237418945134,3.5076168608868503
-1.167,1.3338604446125382,1.10635830632219,False,fails,1.1063583063221898,5.992133299370714,0.741434764426441,1.10635830632219,6.743681629047837,0.7513059041326065,3.508301585006276
-1.166,1.321983065147123,1.1069021097609042,False,fails,1.106902109760904,6.000363024077979,0.7409919419831604,1.1069021097609042,6.747711704688997,0.7507888397781338,3.5089854159177816
-1.165,1.3101608703377223,1.1074455362940339,False,fails,1.1074455362940339,6.008596848481997,0.740549690657548,1.1074455362940336,6.751741393019022,0.7502725479860952,3.5096683553550196
-1.164,1.2983937021380534,1.1079885856607934,False,fails,1.1079885856607934,6.016834753099875,0.7401080099546435,1.1079885856607934,6.7557706885329045,0.7497570279107754,3.5103504050472
-1.163,1.28668140263811,1.1085312576021218,False,fails,1.1085312576021218,6.025076718407555,0.7396668993787089,1.1085312576021218,6.759799585732176,0.7492422787057421,3.511031566719101
-1.162,1.2750238140652348,1.1090735518606876,False,fails,1.1090735518606876,6.033322724840055,0.7392263584332297,1.1090735518606873,6.763828079124998,0.7487282995238478,3.5117118420910867
-1.161,1.2634207787852212,1.109615468180894,False,fails,1.1096154681808938,6.041572752791652,0.7387863866209139,1.109615468180894,6.767856163226246,0.7482150895172287,3.512391232879116
-1.16,1.251872139303375,1.1101570063088853,False,fails,1.110157006308885,6.049826782616118,0.7383469834436922,1.1101570063088853,6.771883832557583,0.7477026478373051,3.51306974079476
-1.159,1.2403777382656076,1.1106981659925503,False,fails,1.1106981659925501,6.058084794626922,0.7379081484027172,1.1106981659925503,6.775911081647555,0.7471909736347824,3.5137473675452164
-1.158,1.2289374184594843,1.1112389469815291,False,fails,1.111238946981529,6.066346769097445,0.7374698809983636,1.1112389469815291,6.77993790503167,0.74668006605965,3.5144241148333197
-1.157,1.2175510228153101,1.111779349027217,False,fails,1.1117793490272168,6.074612686261191,0.737032180730228,1.111779349027217,6.783964297252475,0.7461699242611818,3.515099984357559
-1.156,1.2062183944071672,1.112319371882771,False,fails,1.112319371882771,6.082882526312021,0.7365950470971274,1.1123193718827706,6.787990252859653,0.745660547387937,3.515774977812091
-1.155,1.1949393764539895,1.1128590153031122,False,fails,1.112859015303112,6.091156269404351,0.7361584795971027,1.1128590153031122,6.792015766410088,0.74515193458776,3.5164490968867486
-1.154,1.183713812320591,1.1133982790449344,False,fails,1.1133982790449344,6.099433895653385,0.7357224777274133,1.1133982790449342,6.796040832467959,0.74464408500778,3.5171223432670637
-1.153,1.17254154551873,1.1139371628667054,False,fails,1.1139371628667054,6.107715385135324,0.7352870409845419,1.1139371628667054,6.800065445604823,0.7441369977944123,3.517794718634271
-1.152,1.1614224197081269,1.1144756665286772,False,fails,1.1144756665286772,6.116000717887607,0.73485216886419,1.114475666528677,6.8040896003997,0.7436306720933579,3.51846622466533
-1.151,1.150356278697519,1.1150137897928838,False,fails,1.1150137897928838,6.124289873909095,0.7344178608612826,1.1150137897928836,6.808113291439141,0.7431251070496042,3.5191368630329323
-1.15,1.1393429664456693,1.1155515324231526,False,fails,1.1155515324231526,6.132582833160353,0.7339841164699631,1.1155515324231526,6.812136513317338,0.7426203018074253,3.519806635405518
-1.149,1.1283823270624067,1.1160888941851062,False,fails,1.1160888941851062,6.140879575563801,0.733550935183597,1.1160888941851062,6.816159260636172,0.7421162555103819,3.5204755434472887
-1.148,1.1174742048096309,1.1166258748461675,False,fails,1.1166258748461675,6.1491800810040145,0.7331183164947705,1.1166258748461673,6.82018152800533,0.7416129673013226,3.5211435888182203
-1.147,1.1066184441023403,1.117162474175566,False,fails,1.117162474175566,6.157484329327897,0.7326862598952896,1.117162474175566,6.824203310042369,0.741110436322383,3.5218107731740766
-1.146,1.095814889509624,1.1176986919443397,False,fails,1.1176986919443397,6.165792300344929,0.7322547648761824,1.1176986919443397,6.828224601372796,0.7406086617149881,3.522477098166422
-1.145,1.085063385755684,1.1182345279253438,False,fails,1.1182345279253438,6.174103973827397,0.7318238309276961,1.1182345279253438,6.832245396630159,0.740107642619851,3.5231425654426363
-1.144,1.0743637777208142,1.118769981893253,False,fails,1.1187699818932528,6.18241932951062,0.7313934575393,1.118769981893253,6.836265690456134,0.7396073781769739,3.523807176645925
-1.143,1.0637159104424154,1.1193050536245661,False,fails,1.1193050536245661,6.1907383470931805,0.730963644199683,1.119305053624566,6.84028547750059,0.7391078675256483,3.524470933415335
-1.142,1.0531196291159628,1.1198397428976117,False,fails,1.1198397428976115,6.199061006237162,0.730534390396756,1.1198397428976117,6.8443047524216905,0.7386091098044574,3.5251338373857664
-1.141,1.0425747790960107,1.1203740494925531,False,fails,1.1203740494925531,6.207387286568369,0.7301056956176503,1.1203740494925531,6.848323509885964,0.7381111041512745,3.525795890187986
-1.14,1.0320812058971518,1.1209079731913922,False,fails,1.1209079731913922,6.2157171676765754,0.7296775593487181,1.1209079731913922,6.85234174456839,0.7376138497032636,3.5264570934486392
-1.139,1.0216387551950108,1.1214415137779754,False,fails,1.1214415137779754,6.224050629115749,0.7292499810755326,1.121441513777975,6.856359451152484,0.7371173455968821,3.5271174487902646
-1.138,1.0112472728271946,1.1219746710379952,False,fails,1.1219746710379952,6.232387650404301,0.7288229602828895,1.1219746710379952,6.8603766243303745,0.7366215909678802,3.5277769578313047
-1.137,1.0009066047942758,1.1225074447589996,False,fails,1.122507444758999,6.2407282110253,0.7283964964548045,1.1225074447589996,6.864393258802888,0.7361265849513003,3.52843562218612
-1.136,0.9906165972607326,1.1230398347303914,False,fails,1.1230398347303914,6.249072290426736,0.7279705890745155,1.1230398347303914,6.868409349279626,0.7356323266814794,3.5290934434650034
-1.135,0.9803770965559249,1.1235718407434379,False,fails,1.1235718407434379,6.257419868021744,0.7275452376244829,1.1235718407434379,6.872424890479063,0.7351388152920507,3.5297504232741885
-1.134,0.9701879491750216,1.124103462591271,False,fails,1.124103462591271,6.2657709231888505,0.727120441586388,1.124103462591271,6.876439877128607,0.7346460499159405,3.530406563215865
-1.133,0.9600490017799685,1.1246347000688945,False,fails,1.124634700068894,6.274125435272208,0.7266962004411359,1.1246347000688945,6.880454303964692,0.7341540296853746,3.5310618648881937
-1.132,0.9499601012004069,1.1251655529731874,False,fails,1.1251655529731874,6.2824833835818445,0.7262725136688525,1.1251655529731874,6.884468165732861,0.7336627537318726,3.5317163298853136
-1.131,0.9399210944346291,1.1256960211029086,False,fails,1.1256960211029083,6.290844747393905,0.7258493807488882,1.1256960211029086,6.888481457187851,0.7331722211862558,3.532369959797358
-1.13,0.9299318286504896,1.1262261042587014,False,fails,1.1262261042587012,6.299209505950892,0.7254268011598155,1.1262261042587014,6.892494173093658,0.7326824311786412,3.5330227562104675
-1.129,0.9199921511863512,1.1267558022430975,False,fails,1.1267558022430975,6.307577638461916,0.725004774379431,1.1267558022430975,6.8965063082236355,0.7321933828384476,3.5336747207067987
-1.128,0.9101019095519852,1.1272851148605219,False,fails,1.1272851148605219,6.315949124102932,0.7245832998847547,1.1272851148605219,6.900517857360572,0.7317050752943932,3.5343258548645413
-1.127,0.9002609514295085,1.1278140419172964,False,fails,1.1278140419172964,6.324323942017005,0.7241623771520308,1.1278140419172964,6.904528815296763,0.731217507674499,3.5349761602579264
-1.126,0.890469124674275,1.1283425832216463,False,fails,1.128342583221646,6.332702071314537,0.723742005656728,1.1283425832216463,6.908539176834112,0.7307306791060876,3.5356256384572418
-1.125,0.8807262773158019,1.1288707385836998,False,fails,1.1288707385836998,6.341083491073527,0.72332218487354,1.1288707385836998,6.912548936784182,0.7302445887157856,3.536274291028841
-1.124,0.8710322575586554,1.1293985078154978,False,fails,1.1293985078154976,6.349468180339818,0.722902914276386,1.1293985078154978,6.916558089968304,0.7297592356295243,3.53692211953516
-1.123,0.8613869137833551,1.1299258907309946,False,fails,1.1299258907309941,6.357856118127365,0.7224841933384103,1.1299258907309946,6.920566631217647,0.7292746189725402,3.537569125534724
-1.122,0.8517900945472725,1.1304528871460617,False,fails,1.1304528871460617,6.366247283418445,0.7220660215319842,1.1304528871460617,6.92457455537329,0.7287907378693766,3.5382153105821637
-1.121,0.8422416485855049,1.130979496878496,False,fails,1.130979496878496,6.374641655163957,0.7216483983287051,1.130979496878496,6.928581857286323,0.7283075914438853,3.538860676228226
-1.12,0.8327414248117743,1.131505719748019,False,fails,1.1315057197480185,6.383039212283646,0.7212313231993981,1.131505719748019,6.932588531817908,0.7278251788192257,3.5395052240197846
-1.119,0.8232892723192902,1.1320315555762832,False,fails,1.132031555576283,6.3914399336663745,0.7208147956141148,1.1320315555762832,6.936594573839367,0.727343499117868,3.5401489554998546
-1.118,0.81388504038164,1.132557004186877,False,fails,1.132557004186877,6.399843798170356,0.7203988150421362,1.132557004186877,6.940599978232265,0.7268625514615932,3.5407918722076017
-1.117,0.8045285784536405,1.1330820654053273,False,fails,1.1330820654053273,6.4082507846234416,0.7199833809519715,1.1330820654053273,6.944604739888488,0.7263823349714946,3.541433975678357
-1.116,0.7952197361722205,1.1336067390591036,False,fails,1.1336067390591034,6.416660871823351,0.7195684928113593,1.1336067390591036,6.9486088537103186,0.7259028487679802,3.542075267443626
-1.115,0.7859583633572627,1.1341310249776217,False,fails,1.1341310249776217,6.4250740385379475,0.7191541500872675,1.1341310249776217,6.952612314610522,0.7254240919707705,3.5427157490311014
-1.114,0.7767443100124763,1.1346549229922496,False,fails,1.1346549229922496,6.433490263505486,0.7187403522458955,1.1346549229922493,6.956615117512421,0.724946063698905,3.5433554219646766
-1.113,0.7675774263262307,1.135178432936309,False,fails,1.135178432936309,6.441909525434886,0.7183270987526724,1.135178432936309,6.960617257349986,0.7244687630707374,3.5439942877644546
-1.112,0.7584575626724176,1.13570155464508,False,fails,1.13570155464508,6.450331803005972,0.7179143890722605,1.13570155464508,6.964618729067893,0.7239921892039425,3.544632347946761
-1.111,0.7493845696112766,1.1362242879558062,False,fails,1.1362242879558062,6.458757074869767,0.7175022226685529,1.1362242879558062,6.9686195276216285,0.7235163412155136,3.5452696040241567
-1.11,0.7403582978902475,1.1367466327076952,False,fails,1.1367466327076947,6.467185319648718,0.7170905990046776,1.1367466327076952,6.972619647977544,0.7230412182217668,3.5459060575054466
-1.109,0.7313785984447859,1.1372685887419267,False,fails,1.1372685887419267,6.47561651593699,0.716679517542994,1.1372685887419267,6.976619085112959,0.7225668193383393,3.546541709895695
-1.108,0.722445322399208,1.137790155901653,False,fails,1.137790155901653,6.484050642300714,0.7162689777450981,1.137790155901653,6.980617834016221,0.7220931436801938,3.5471765626962317
-1.107,0.7135583210674957,1.1383113340320032,False,fails,1.1383113340320032,6.492487677278259,0.7158589790718203,1.1383113340320032,6.98461588968679,0.7216201903616181,3.5478106174046706
-1.106,0.7047174459541328,1.1388321229800893,False,fails,1.1388321229800893,6.500927599380496,0.7154495209832262,1.1388321229800893,6.988613247135328,0.7211479584962275,3.5484438755149137
-1.105,0.6959225487549004,1.1393525225950063,False,fails,1.1393525225950063,6.509370387091064,0.7150406029386187,1.139352522595006,6.9926099013837595,0.7206764471969643,3.549076338517169
-1.104,0.6871734813577044,1.1398725327278372,False,fails,1.1398725327278372,6.517816018866635,0.7146322243965391,1.1398725327278372,6.996605847465356,0.7202056555761033,3.549708007897957
-1.103,0.6784700958433618,1.1403921532316585,False,fails,1.1403921532316585,6.526264473137198,0.7142243848147649,1.140392153231658,7.000601080424825,0.7197355827452484,3.550338885140123
-1.102,0.6698122444864191,1.1409113839615403,False,fails,1.1409113839615403,6.5347157283063115,0.7138170836503149,1.1409113839615401,7.004595595318369,0.7192662278153397,3.5509689717228516
-1.101,0.6611997797559294,1.1414302247745527,False,fails,1.1414302247745527,6.5431697627513765,0.7134103203594465,1.1414302247745527,7.008589387213781,0.7187975898966493,3.5515982691216745
-1.1,0.6526325543162604,1.1419486755297676,False,fails,1.1419486755297676,6.551626554823914,0.7130040943976584,1.1419486755297676,7.012582451190508,0.718329668098787,3.5522267788084805
-1.099,0.6441104210278651,1.1424667360882632,False,fails,1.142466736088263,6.5600860828498275,0.7125984052196911,1.1424667360882632,7.016574782339742,0.7178624615307003,3.5528545022515323
-1.098,0.6356332329480794,1.1429844063131254,False,fails,1.1429844063131251,6.568548325129692,0.7121932522795279,1.1429844063131254,7.020566375764476,0.7173959693006771,3.5534814409154705
-1.097,0.6272008433318832,1.143501686069455,False,fails,1.1435016860694547,6.577013259939014,0.7117886350303949,1.143501686069455,7.024557226579616,0.7169301905163457,3.55410759626133
-1.096,0.6188131056326885,1.1440185752243663,False,fails,1.144018575224366,6.585480865528502,0.7113845529247639,1.1440185752243663,7.028547329912016,0.7164651242846787,3.554732969746549
-1.095,0.6104698735030941,1.1445350736469948,False,fails,1.1445350736469948,6.593951120124356,0.7109810054143505,1.1445350736469948,7.032536680900589,0.7160007697119921,3.5553575628249803
-1.094,0.6021710007956632,1.1450511812084962,False,fails,1.1450511812084962,6.602424001928539,0.7105779919501192,1.1450511812084962,7.03652527469636,0.7155371259039507,3.5559813769469013
-1.093,0.5939163415636668,1.1455668977820546,False,fails,1.1455668977820543,6.610899489119039,0.7101755119822791,1.1455668977820546,7.0405131064625674,0.7150741919655652,3.5566044135590262
-1.092,0.585705750061856,1.14608222324288,False,fails,1.14608222324288,6.619377559850167,0.7097735649602905,1.14608222324288,7.044500171374702,0.7146119670011986,3.5572266741045153
-1.091,0.5775390807471958,1.1465971574682172,False,fails,1.146597157468217,6.627858192252826,0.7093721503328612,1.1465971574682172,7.048486464620627,0.7141504501145649,3.5578481600229876
-1.09,0.569416188279626,1.1471117003373443,False,fails,1.147111700337344,6.63634136443478,0.7089712675479507,1.1471117003373443,7.052471981400615,0.7136896404087328,3.5584688727505305
-1.089,0.5613369275227886,1.1476258517315778,False,fails,1.1476258517315776,6.644827054480958,0.7085709160527698,1.1476258517315778,7.056456716927446,0.7132295369861266,3.5590888137197108
-1.088,0.5533011535447784,1.1481396115342763,False,fails,1.1481396115342763,6.653315240453706,0.7081710952937816,1.1481396115342763,7.060440666426484,0.7127701389485279,3.559707984359584
-1.087,0.545308721618862,1.1486529796308427,False,fails,1.1486529796308427,6.661805900393093,0.7077718047167041,1.1486529796308425,7.064423825135731,0.7123114453970791,3.5603263860957095
-1.086,0.5373594872242202,1.149165955908726,False,fails,1.1491659559087257,6.670299012317167,0.7073730437665102,1.149165955908726,7.068406188305928,0.7118534554322835,3.560944020350154
-1.085,0.5294533060466567,1.1496785402574268,False,fails,1.1496785402574268,6.6787945542222715,0.7069748118874275,1.1496785402574268,7.072387751200612,0.7113961681540083,3.561560888541509
-1.084,0.5215900339793325,1.150190732568498,False,fails,1.150190732568498,6.687292504083285,0.7065771085229433,1.150190732568498,7.076368509096195,0.7109395826614867,3.5621769920848965
-1.083,0.5137695271234657,1.150702532735549,False,fails,1.150702532735549,6.6957928398539455,0.7061799331158013,1.150702532735549,7.080348457282043,0.7104836980533196,3.562792332391983
-1.082,0.5059916417890569,1.1512139406542483,False,fails,1.151213940654248,6.704295539467115,0.7057832851080061,1.1512139406542483,7.084327591060547,0.7100285134274774,3.5634069108709863
-1.081,0.49825623449558065,1.151724956222326,False,fails,1.151724956222326,6.712800580835066,0.705387163940823,1.151724956222326,7.088305905747195,0.7095740278813031,3.56402072892669
-1.08,0.490563161972701,1.1522355793395758,False,fails,1.1522355793395755,6.721307941849759,0.7049915690547799,1.1522355793395758,7.092283396670642,0.7091202405115123,3.5646337879604495
-1.079,0.4829122811609553,1.1527458099078594,False,fails,1.1527458099078594,6.729817600383155,0.7045964998896679,1.1527458099078594,7.0962600591727965,0.7086671504141991,3.5652460893702083
-1.078,0.4753034492124604,1.1532556478311087,False,fails,1.1532556478311087,6.738329534287474,0.7042019558845427,1.1532556478311085,7.100235888608881,0.7082147566848348,3.5658576345505
-1.077,0.467736523491588,1.1537650930153276,False,fails,1.1537650930153276,6.746843721395509,0.703807936477727,1.1537650930153276,7.104210880347515,0.7077630584182707,3.5664684248924674
-1.076,0.4602113615756614,1.1542741453685956,False,fails,1.1542741453685952,6.755360139520879,0.7034144411068096,1.1542741453685956,7.108185029770777,0.7073120547087419,3.5670784617838662
-1.075,0.45272782125562216,1.1547828048010695,False,fails,1.1547828048010695,6.763878766458357,0.703021469208649,1.1547828048010695,7.112158332274279,0.7068617446498678,3.5676877466090784
-1.074,0.44528576053671987,1.1552910712249873,False,fails,1.155291071224987,6.772399579984138,0.7026290202193742,1.1552910712249873,7.1161307832672565,0.7064121273346561,3.568296280749121
-1.073,0.43788503763916786,1.1557989445546688,False,fails,1.1557989445546688,6.780922557856123,0.7022370935743846,1.1557989445546688,7.120102378172612,0.7059632018555023,3.5689040655816573
-1.072,0.43052551099882497,1.15630642470652,False,fails,1.15630642470652,6.789447677814236,0.7018456887083541,1.15630642470652,7.1240731124270065,0.7055149673041957,3.5695111024810067
-1.071,0.4232070392678435,1.1568135115990341,False,fails,1.1568135115990341,6.797974917580687,0.7014548050552294,1.1568135115990341,7.128042981480927,0.7050674227719192,3.5701173928181538
-1.07,0.41592948131534085,1.157320205152795,False,fails,1.157320205152795,6.806504254860282,0.7010644420482341,1.157320205152795,7.1320119807987545,0.7046205673492519,3.5707229379607597
-1.069,0.4086926962280401,1.1578265052904793,False,fails,1.1578265052904793,6.815035667340704,0.7006745991198685,1.1578265052904793,7.135980105858841,0.7041744001261727,3.5713277392731713
-1.068,0.4014965433109318,1.1583324119368574,False,fails,1.1583324119368574,6.823569132692824,0.7002852757019122,1.158332411936857,7.139947352153566,0.7037289201920611,3.571931798116431
-1.067,0.39434088208790685,1.1588379250187981,False,fails,1.158837925018798,6.832104628570975,0.699896471225425,1.1588379250187981,7.143913715189435,0.7032841266357015,3.572535115848287
-1.066,0.38722557230240906,1.1593430444652688,False,fails,1.1593430444652688,6.840642132613246,0.6995081851207479,1.1593430444652688,7.147879190487113,0.7028400185452831,3.5731376938232033
-1.065,0.38015047391805984,1.1598477702073395,False,fails,1.1598477702073395,6.8491816224418,0.6991204168175055,1.1598477702073395,7.15184377358153,0.7023965950084053,3.5737395333923705
-1.064,0.37311544711930195,1.1603521021781833,False,fails,1.1603521021781833,6.857723075663142,0.6987331657446081,1.1603521021781833,7.155807460021922,0.7019538551120782,3.5743406359037118
-1.063,0.36612035231201534,1.1608560403130794,False,fails,1.1608560403130794,6.866266469868436,0.698346431330251,1.1608560403130792,7.159770245371923,0.7015117979427257,3.574941002701898
-1.062,0.3591650501241532,1.1613595845494151,False,fails,1.161359584549415,6.87481178263379,0.6979602130019193,1.1613595845494151,7.1637321252096235,0.7010704225861895,3.5755406351283536
-1.061,0.3522494014063476,1.1618627348266883,False,fails,1.161862734826688,6.883358991520553,0.6975745101863862,1.1618627348266883,7.167693095127634,0.7006297281277274,3.5761395345212676
-1.06,0.34537326723253853,1.1623654910865082,False,fails,1.162365491086508,6.891908074075613,0.697189322309717,1.1623654910865082,7.171653150733164,0.7001897136520217,3.5767377022156035
-1.059,0.33853650890057063,1.1628678532725991,False,fails,1.1628678532725991,6.900459007831704,0.6968046487972696,1.162867853272599,7.1756122876480894,0.6997503782431769,3.5773351395431074
-1.058,0.3317389879328131,1.1633698213308008,False,fails,1.1633698213308006,6.909011770307691,0.6964204890736976,1.1633698213308008,7.179570501509016,0.6993117209847265,3.577931847832321
-1.057,0.3249805660767482,1.163871395209072,False,fails,1.163871395209072,6.91756633900888,0.6960368425629488,1.1638713952090716,7.183527787967348,0.6988737409596307,3.578527828408587
-1.056,0.31826110530558277,1.1643725748574898,False,fails,1.1643725748574898,6.926122691427311,0.6956537086882716,1.1643725748574898,7.187484142689366,0.6984364372502851,3.579123082594061
-1.055,0.3115804678188284,1.164873360228255,False,fails,1.1648733602282546,6.934680805042056,0.6952710868722122,1.164873360228255,7.191439561356274,0.6979998089385182,3.5797176117077214
-1.054,0.3049385160429038,1.1653737512756897,False,fails,1.1653737512756897,6.943240657319524,0.694888976536619,1.1653737512756897,7.19539403966428,0.6975638551055969,3.580311417065377
-1.053,0.2983351126317071,1.1658737479562438,False,fails,1.1658737479562438,6.951802225713763,0.6945073771026435,1.1658737479562438,7.199347573324672,0.697128574832228,3.5809044999796784
-1.052,0.2917701204672092,1.1663733502284923,False,fails,1.1663733502284923,6.960365487666756,0.6941262879907429,1.166373350228492,7.203300158063859,0.6966939671985627,3.5814968617601255
-1.051,0.2852434026600186,1.16687255805314,False,fails,1.16687255805314,6.968930420608734,0.6937457086206804,1.1668725580531398,7.2072517896234665,0.6962600312841981,3.582088503713078
-1.05,0.27875482254996486,1.1673713713930212,False,fails,1.1673713713930212,6.977497001958455,0.6933656384115285,1.1673713713930212,7.211202463760375,0.6958267661681795,3.5826794271417657
-1.049,0.272304243706656,1.1678697902131028,False,fails,1.1678697902131028,6.986065209123532,0.6929860767816698,1.1678697902131028,7.215152176246805,0.6953941709290045,3.583269633346296
-1.048,0.2658915299300533,1.1683678144804848,False,fails,1.1683678144804848,6.994635019500722,0.6926070231487993,1.1683678144804848,7.219100922870375,0.6949622446446254,3.5838591236236623
-1.047,0.25951654525102014,1.1688654441644035,False,fails,1.1688654441644035,7.003206410476229,0.6922284769299262,1.1688654441644035,7.223048699434171,0.6945309863924523,3.5844478992677575
-1.046,0.25317915393188833,1.1693626792362293,False,fails,1.1693626792362293,7.011779359426013,0.6918504375413765,1.1693626792362293,7.226995501756797,0.6941003952493556,3.5850359615693774
-1.045,0.24687922046699892,1.1698595196694734,False,fails,1.1698595196694734,7.020353843716097,0.6914729043987933,1.1698595196694734,7.230941325672465,0.6936704702916695,3.5856233118162364
-1.044,0.24061660958325976,1.170355965439784,False,fails,1.170355965439784,7.028929840702856,0.6910958769171404,1.1703559654397837,7.234886167031031,0.6932412105951942,3.5862099512929704
-1.043,0.23439118624067795,1.1708520165249514,False,fails,1.1708520165249512,7.037507327733345,0.6907193545107032,1.1708520165249514,7.238830021698085,0.6928126152352003,3.586795881281149
-1.042,0.22820281563290912,1.171347672904907,False,fails,1.171347672904907,7.046086282145577,0.6903433365930911,1.171347672904907,7.242772885554986,0.6923846832864298,3.5873811030592853
-1.041,0.2220513631877816,1.171842934561728,False,fails,1.171842934561728,7.054666681268856,0.6899678225772389,1.1718429345617278,7.246714754498962,0.6919574138231009,3.587965617902843
-1.04,0.21593669456783737,1.1723378014796324,False,fails,1.1723378014796324,7.06324850242406,0.6895928118754103,1.1723378014796324,7.250655624443133,0.6915308059189113,3.588549427084248
-1.039,0.20985867567084757,1.1728322736449872,False,fails,1.1728322736449868,7.071831722923969,0.6892183038991985,1.1728322736449872,7.2545954913166035,0.6911048586470385,3.5891325318728917
-1.038,0.2038171726303451,1.1733263510463048,False,fails,1.1733263510463048,7.080416320073539,0.6888442980595275,1.1733263510463048,7.258534351064509,0.6906795710801464,3.5897149335351486
-1.037,0.19781205181613237,1.1738200336742464,False,fails,1.1738200336742461,7.089002271170259,0.6884707937666573,1.1738200336742464,7.26247219964809,0.6902549422903865,3.5902966333343773
-1.036,0.19184317983480517,1.1743133215216217,False,fails,1.1743133215216215,7.097589553504395,0.6880977904301825,1.1743133215216217,7.266409033044735,0.689830971349401,3.5908776325309333
-1.035,0.18591042353025203,1.174806214583392,False,fails,1.1748062145833915,7.106178144359358,0.6877252874590364,1.174806214583392,7.270344847248068,0.6894076573283271,3.5914579323821783
-1.034,0.18001364998417,1.1752987128566679,False,fails,1.1752987128566679,7.114768021011972,0.6873532842614924,1.1752987128566679,7.274279638267984,0.6889849992977993,3.5920375341424857
-1.033,0.17415272651655553,1.1757908163407143,False,fails,1.1757908163407143,7.123359160732796,0.686981780245167,1.1757908163407138,7.278213402130724,0.6885629963279526,3.592616439063254
-1.032,0.1683275206862123,1.1762825250369473,False,fails,1.1762825250369473,7.13195154078644,0.6866107748170206,1.1762825250369473,7.282146134878939,0.6881416474884267,3.593194648392911
-1.031,0.16253790029123338,1.176773838948939,False,fails,1.176773838948939,7.140545138431842,0.68624026738336,1.176773838948939,7.286077832571736,0.6877209518483673,3.593772163376926
-1.03,0.15678373336950122,1.177264758082415,False,fails,1.1772647580824145,7.1491399309226304,0.6858702573498421,1.177264758082415,7.290008491284745,0.6873009084764328,3.5943489852578168
-1.029,0.15106488819916136,1.1777552824452566,False,fails,1.1777552824452566,7.157735895507374,0.6855007441214735,1.1777552824452566,7.293938107110178,0.6868815164407929,3.5949251152751573
-1.028,0.14538123329911404,1.1782454120475025,False,fails,1.1782454120475025,7.166333009429942,0.6851317271026156,1.1782454120475025,7.2978666761568975,0.6864627748091368,3.59550055466559
-1.027,0.13973263742948014,1.178735146901348,False,fails,1.178735146901348,7.174931249929774,0.6847632056969842,1.1787351469013478,7.301794194550457,0.686044682648673,3.59607530466283
-1.026,0.13411896959208391,1.1792244870211464,False,fails,1.1792244870211461,7.1835305942422165,0.6843951793076539,1.1792244870211464,7.305720658433171,0.6856272390261348,3.596649366497677
-1.025,0.1285400990309112,1.179713432423409,False,fails,1.179713432423409,7.192131019598812,0.6840276473370581,1.1797134324234086,7.309646063964169,0.6852104430077813,3.5972227413980216
-1.024,0.12299589523258417,1.180201983126807,False,fails,1.180201983126807,7.200732503227645,0.6836606091869945,1.180201983126807,7.313570407319465,0.684794293659405,3.5977954305888553
-1.023,0.11748622792681052,1.180690139152171,False,fails,1.180690139152171,7.20933502235359,0.6832940642586234,1.1806901391521707,7.317493684691989,0.6843787900463298,3.5983674352922788
-1.022,0.11201096708685065,1.1811779005224916,False,fails,1.1811779005224916,7.217938554198693,0.6829280119524739,1.1811779005224914,7.321415892291671,0.6839639312334198,3.5989387567275095
-1.021,0.10656998292995891,1.1816652672629209,False,fails,1.1816652672629206,7.226543075982438,0.6825624516684434,1.1816652672629209,7.325337026345489,0.6835497162850784,3.59950939611089
-1.02,0.10116314591784166,1.1821522394007704,False,fails,1.1821522394007704,7.235148564922056,0.6821973828058011,1.18215223940077,7.329257083097505,0.6831361442652544,3.600079354655899
-1.019,0.09579032675709157,1.182638816965515,False,fails,1.182638816965515,7.243754998232868,0.6818328047631914,1.1826388169655149,7.33317605880896,0.6827232142374451,3.600648633573155
-1.018,0.09045139639963654,1.1831249999887903,False,fails,1.1831249999887903,7.252362353128564,0.6814687169386339,1.18312499998879,7.337093949758296,0.6823109252646997,3.6012172340704294
-1.017,0.08514622604316634,1.183610788504395,False,fails,1.1836107885043947,7.260970606821535,0.6811051187295276,1.183610788504395,7.341010752241229,0.6818992764096218,3.6017851573526523
-1.016,0.07987468713157339,1.1840961825482892,False,fails,1.1840961825482892,7.2695797365231645,0.6807420095326528,1.184096182548289,7.344926462570789,0.6814882667343743,3.6023524046219206
-1.015,0.07463665135537122,1.1845811821585968,False,fails,1.1845811821585968,7.278189719444174,0.6803793887441743,1.1845811821585965,7.348841077077399,0.6810778953006839,3.602918977077507
-1.014,0.06943199065212706,1.185065787375604,False,fails,1.185065787375604,7.286800532794889,0.6800172557596417,1.1850657873756036,7.352754592108901,0.6806681611698412,3.60348487591587
-1.013,0.06426057720687237,1.1855499982417599,False,fails,1.1855499982417594,7.295412153785595,0.679655609973995,1.1855499982417599,7.356667004030633,0.6802590634027089,3.604050102330657
-1.012,0.059122283452527166,1.1860338148016776,False,fails,1.1860338148016776,7.3040245596268125,0.6792944507815638,1.1860338148016776,7.360578309225461,0.6798506010597211,3.604614657512718
-1.011,0.05401698207030261,1.1865172371021324,False,fails,1.1865172371021322,7.312637727529634,0.678933777576073,1.1865172371021324,7.364488504093851,0.6794427732008909,3.6051785426501097
-1.01,0.04894454599011725,1.187000265192064,False,fails,1.187000265192064,7.321251634706031,0.6785735897506426,1.1870002651920637,7.368397585053913,0.679035578885811,3.605741758928108
-1.009,0.043904848390991465,1.187482899122574,False,fails,1.187482899122574,7.329866258369152,0.6782138866977921,1.1874828991225737,7.372305548541454,0.6786290171736599,3.6063043075292107
-1.008,0.038897762701455736,1.1879651389469288,False,fails,1.1879651389469288,7.338481575733656,0.6778546678094425,1.1879651389469283,7.376212391010031,0.6782230871232031,3.6068661896331498
-1.007,0.03392316259993704,1.1884469847205565,False,fails,1.188446984720556,7.3470975640160185,0.6774959324769183,1.1884469847205565,7.380118108931005,0.6778177877927997,3.6074274064168965
-1.006,0.028980922015159002,1.1889284365010495,False,fails,1.1889284365010493,7.355714200434818,0.6771376800909504,1.1889284365010495,7.384022698793577,0.6774131182404034,3.607987959054673
-1.005,0.024070915126520407,1.1894094943481617,False,fails,1.1894094943481617,7.364331462211084,0.6767799100416795,1.189409494348161,7.387926157104858,0.6770090775235682,3.6085478487179565
-1.004,0.019193016364487274,1.1898901583238106,False,fails,1.1898901583238104,7.372949326568604,0.6764226217186583,1.1898901583238106,7.391828480389928,0.6766056646994528,3.6091070765754885
-1.003,0.014347100410963353,1.1903704284920757,False,fails,1.1903704284920755,7.381567770734216,0.676065814510853,1.1903704284920757,7.395729665191843,0.676202878824821,3.6096656437932837
-1.002,0.009533042199674147,1.1908503049191983,False,fails,1.1908503049191983,7.390186771938125,0.6757094878066477,1.1908503049191983,7.399629708071726,0.67580071895605,3.6102235515346384
-1.001,0.004750716916529615,1.1913297876735822,False,fails,1.1913297876735822,7.398806307414242,0.6753536409938462,1.1913297876735822,7.403528605608806,0.6753991841491312,3.610780800960135
